,Iteration,Time,Fitness,current_restart,Restarts
0,0,0.0001475870000000601,4.0,0,2
1,1,0.00042152799999994883,4.0,0,2
2,2,0.000631475000000048,4.0,0,2
3,3,0.0007484200000000829,4.0,0,2
4,4,0.0008653650000001178,4.0,0,2
5,5,0.000989372750000106,4.0,0,2
6,6,0.001113380500000094,4.0,0,2
7,7,0.0012373882500000821,4.0,0,2
8,8,0.0013613960000000702,4.0,0,2
9,9,0.0014194300000000548,4.0,0,2
10,10,0.0014774640000000394,4.0,0,2
11,11,0.001535498000000024,4.0,0,2
12,12,0.0015935320000000086,4.0,0,2
13,13,0.0016515659999999932,4.0,0,2
14,14,0.0017095999999999778,4.0,0,2
15,15,0.0017676339999999624,4.0,0,2
16,16,0.001825667999999947,4.0,0,2
17,17,0.0018803116249999502,4.0,0,2
18,18,0.0019349552499999534,4.0,0,2
19,19,0.0019895988749999566,4.0,0,2
20,20,0.0020442424999999598,4.0,0,2
21,21,0.002098886124999963,4.0,0,2
22,22,0.002153529749999966,4.0,0,2
23,23,0.0022081733749999694,4.0,0,2
24,24,0.0022628169999999725,4.0,0,2
25,25,0.0023174606249999757,4.0,0,2
26,26,0.002372104249999979,5.0,0,2
27,27,0.002426747874999982,5.0,0,2
28,28,0.0024813914999999853,5.0,0,2
29,29,0.0025360351249999885,5.0,0,2
30,30,0.0025906787499999917,5.0,0,2
31,31,0.002645322374999995,5.0,0,2
32,32,0.002699965999999998,5.0,0,2
33,33,0.002747602937500003,5.0,0,2
34,34,0.002795239875000008,5.0,0,2
35,35,0.002842876812500013,5.0,0,2
36,36,0.0028905137500000178,5.0,0,2
37,37,0.0029381506875000227,5.0,0,2
38,38,0.0029857876250000276,5.0,0,2
39,39,0.0030334245625000325,5.0,0,2
40,40,0.0030810615000000374,5.0,0,2
41,41,0.0031286984375000423,5.0,0,2
42,42,0.0031763353750000473,5.0,0,2
43,43,0.003223972312500052,5.0,0,2
44,44,0.003271609250000057,6.0,0,2
45,45,0.003319246187500062,6.0,0,2
46,46,0.003366883125000067,6.0,0,2
47,47,0.003414520062500072,6.0,0,2
48,48,0.0034621570000000768,6.0,0,2
49,49,0.0035097939375000817,6.0,0,2
50,50,0.0035574308750000866,6.0,0,2
51,51,0.0036050678125000915,6.0,0,2
52,52,0.0036527047500000964,6.0,0,2
53,53,0.0037003416875001013,6.0,0,2
54,54,0.0037479786250001063,6.0,0,2
55,55,0.003795615562500111,6.0,0,2
56,56,0.003843252500000116,6.0,0,2
57,57,0.003890889437500121,6.0,0,2
58,58,0.003938526375000126,6.0,0,2
59,59,0.003986163312500131,6.0,0,2
60,60,0.004033800250000136,6.0,0,2
61,61,0.004081437187500141,6.0,0,2
62,62,0.004129074125000146,6.0,0,2
63,63,0.0041767110625001505,6.0,0,2
64,64,0.004224348000000155,6.0,0,2
65,65,0.004271219234375154,6.0,0,2
66,66,0.004318090468750153,6.0,0,2
67,67,0.004364961703125152,6.0,0,2
68,68,0.004411832937500151,6.0,0,2
69,69,0.00445870417187515,6.0,0,2
70,70,0.004505575406250149,6.0,0,2
71,71,0.004552446640625148,6.0,0,2
72,72,0.004599317875000147,6.0,0,2
73,73,0.004646189109375146,6.0,0,2
74,74,0.004693060343750145,6.0,0,2
75,75,0.004739931578125144,6.0,0,2
76,76,0.004786802812500143,6.0,0,2
77,77,0.004833674046875142,6.0,0,2
78,78,0.004880545281250141,6.0,0,2
79,79,0.00492741651562514,6.0,0,2
80,80,0.004974287750000139,6.0,0,2
81,81,0.005021158984375138,6.0,0,2
82,82,0.005068030218750137,6.0,0,2
83,83,0.005114901453125136,6.0,0,2
84,84,0.005161772687500135,6.0,0,2
85,85,0.005208643921875134,6.0,0,2
86,86,0.005255515156250133,6.0,0,2
87,87,0.005302386390625132,6.0,0,2
88,88,0.005349257625000131,6.0,0,2
89,89,0.00539612885937513,6.0,0,2
90,90,0.005443000093750129,6.0,0,2
91,91,0.005489871328125128,6.0,0,2
92,92,0.005536742562500127,6.0,0,2
93,93,0.005583613796875126,6.0,0,2
94,94,0.005630485031250125,6.0,0,2
95,95,0.005677356265625124,6.0,0,2
96,96,0.005724227500000123,6.0,0,2
97,97,0.005771098734375122,6.0,0,2
98,98,0.005817969968750121,6.0,0,2
99,99,0.00586484120312512,6.0,0,2
100,100,0.005911712437500119,6.0,0,2
101,101,0.005958583671875118,6.0,0,2
102,102,0.006005454906250117,6.0,0,2
103,103,0.006052326140625116,6.0,0,2
104,104,0.006099197375000115,6.0,0,2
105,105,0.006146068609375114,6.0,0,2
106,106,0.006192939843750113,6.0,0,2
107,107,0.006239811078125112,6.0,0,2
108,108,0.006286682312500111,6.0,0,2
109,109,0.00633355354687511,6.0,0,2
110,110,0.006380424781250109,6.0,0,2
111,111,0.006427296015625108,6.0,0,2
112,112,0.006474167250000107,6.0,0,2
113,113,0.006521038484375106,6.0,0,2
114,114,0.006567909718750105,6.0,0,2
115,115,0.006614780953125104,6.0,0,2
116,116,0.006661652187500103,6.0,0,2
117,117,0.006708523421875102,6.0,0,2
118,118,0.006755394656250101,6.0,0,2
119,119,0.0068022658906251,6.0,0,2
120,120,0.006849137125000099,6.0,0,2
121,121,0.006896008359375098,6.0,0,2
122,122,0.006942879593750097,6.0,0,2
123,123,0.006989750828125096,6.0,0,2
124,124,0.007036622062500095,6.0,0,2
125,125,0.007083493296875094,6.0,0,2
126,126,0.007130364531250093,6.0,0,2
127,127,0.007177235765625092,6.0,0,2
128,128,0.007224107000000091,6.0,0,2
129,129,0.00726618234375009,6.0,0,2
130,130,0.00730825768750009,6.0,0,2
131,131,0.00735033303125009,6.0,0,2
132,132,0.00739240837500009,6.0,0,2
133,133,0.007434483718750089,6.0,0,2
134,134,0.007476559062500089,6.0,0,2
135,135,0.007518634406250089,6.0,0,2
136,136,0.007560709750000089,6.0,0,2
137,137,0.007602785093750088,6.0,0,2
138,138,0.007644860437500088,6.0,0,2
139,139,0.007686935781250088,6.0,0,2
140,140,0.007729011125000088,6.0,0,2
141,141,0.007771086468750087,6.0,0,2
142,142,0.007813161812500087,6.0,0,2
143,143,0.007855237156250087,6.0,0,2
144,144,0.007897312500000087,6.0,0,2
145,145,0.007939387843750086,6.0,0,2
146,146,0.007981463187500086,6.0,0,2
147,147,0.008023538531250086,6.0,0,2
148,148,0.008065613875000086,6.0,0,2
149,149,0.008107689218750085,6.0,0,2
150,150,0.008149764562500085,6.0,0,2
151,151,0.008191839906250085,6.0,0,2
152,152,0.008233915250000085,6.0,0,2
153,153,0.008275990593750084,6.0,0,2
154,154,0.008318065937500084,6.0,0,2
155,155,0.008360141281250084,6.0,0,2
156,156,0.008402216625000083,6.0,0,2
157,157,0.008444291968750083,6.0,0,2
158,158,0.008486367312500083,6.0,0,2
159,159,0.008528442656250083,6.0,0,2
160,160,0.008570518000000082,6.0,0,2
161,161,0.008612593343750082,6.0,0,2
162,162,0.008654668687500082,6.0,0,2
163,163,0.008696744031250082,6.0,0,2
164,164,0.008738819375000081,6.0,0,2
165,165,0.008780894718750081,6.0,0,2
166,166,0.008822970062500081,6.0,0,2
167,167,0.00886504540625008,6.0,0,2
168,168,0.00890712075000008,6.0,0,2
169,169,0.00894919609375008,6.0,0,2
170,170,0.00899127143750008,6.0,0,2
171,171,0.00903334678125008,6.0,0,2
172,172,0.00907542212500008,6.0,0,2
173,173,0.009117497468750079,6.0,0,2
174,174,0.009159572812500079,6.0,0,2
175,175,0.009201648156250079,6.0,0,2
176,176,0.009243723500000078,6.0,0,2
177,177,0.009285798843750078,6.0,0,2
178,178,0.009327874187500078,6.0,0,2
179,179,0.009369949531250078,6.0,0,2
180,180,0.009412024875000077,6.0,0,2
181,181,0.009454100218750077,6.0,0,2
182,182,0.009496175562500077,6.0,0,2
183,183,0.009538250906250077,6.0,0,2
184,184,0.009580326250000076,6.0,0,2
185,185,0.009622401593750076,6.0,0,2
186,186,0.009664476937500076,6.0,0,2
187,187,0.009706552281250076,6.0,0,2
188,188,0.009748627625000075,6.0,0,2
189,189,0.009790702968750075,6.0,0,2
190,190,0.009832778312500075,6.0,0,2
191,191,0.009874853656250075,6.0,0,2
192,192,0.009916929000000074,6.0,0,2
193,193,0.009959004343750074,6.0,0,2
194,194,0.010001079687500074,6.0,0,2
195,195,0.010043155031250074,6.0,0,2
196,196,0.010085230375000073,6.0,0,2
197,197,0.010127305718750073,6.0,0,2
198,198,0.010169381062500073,6.0,0,2
199,199,0.010211456406250072,6.0,0,2
200,200,0.010253531750000072,6.0,0,2
201,201,0.010295607093750072,6.0,0,2
202,202,0.010337682437500072,6.0,0,2
203,203,0.010379757781250071,6.0,0,2
204,204,0.010421833125000071,6.0,0,2
205,205,0.010463908468750071,6.0,0,2
206,206,0.01050598381250007,6.0,0,2
207,207,0.01054805915625007,6.0,0,2
208,208,0.01059013450000007,6.0,0,2
209,209,0.01063220984375007,6.0,0,2
210,210,0.01067428518750007,6.0,0,2
211,211,0.01071636053125007,6.0,0,2
212,212,0.01075843587500007,6.0,0,2
213,213,0.010800511218750069,6.0,0,2
214,214,0.010842586562500069,6.0,0,2
215,215,0.010884661906250068,6.0,0,2
216,216,0.010926737250000068,6.0,0,2
217,217,0.010968812593750068,6.0,0,2
218,218,0.011010887937500068,6.0,0,2
219,219,0.011052963281250067,6.0,0,2
220,220,0.011095038625000067,6.0,0,2
221,221,0.011137113968750067,6.0,0,2
222,222,0.011179189312500067,6.0,0,2
223,223,0.011221264656250066,6.0,0,2
224,224,0.011263340000000066,6.0,0,2
225,225,0.011305415343750066,6.0,0,2
226,226,0.011347490687500066,6.0,0,2
227,227,0.011389566031250065,6.0,0,2
228,228,0.011431641375000065,6.0,0,2
229,229,0.011473716718750065,6.0,0,2
230,230,0.011515792062500065,6.0,0,2
231,231,0.011557867406250064,6.0,0,2
232,232,0.011599942750000064,6.0,0,2
233,233,0.011642018093750064,6.0,0,2
234,234,0.011684093437500064,6.0,0,2
235,235,0.011726168781250063,6.0,0,2
236,236,0.011768244125000063,6.0,0,2
237,237,0.011810319468750063,6.0,0,2
238,238,0.011852394812500062,6.0,0,2
239,239,0.011894470156250062,6.0,0,2
240,240,0.011936545500000062,6.0,0,2
241,241,0.011978620843750062,6.0,0,2
242,242,0.012020696187500061,6.0,0,2
243,243,0.012062771531250061,6.0,0,2
244,244,0.012104846875000061,6.0,0,2
245,245,0.01214692221875006,6.0,0,2
246,246,0.01218899756250006,6.0,0,2
247,247,0.01223107290625006,6.0,0,2
248,248,0.01227314825000006,6.0,0,2
249,249,0.01231522359375006,6.0,0,2
250,250,0.01235729893750006,6.0,0,2
251,251,0.01239937428125006,6.0,0,2
252,252,0.012441449625000059,6.0,0,2
253,253,0.012483524968750059,6.0,0,2
254,254,0.012525600312500058,8.0,0,2
255,255,0.012567675656250058,8.0,0,2
256,256,0.012609751000000058,8.0,0,2
257,257,0.012661754769531307,8.0,0,2
258,258,0.012713758539062557,8.0,0,2
259,259,0.012765762308593807,8.0,0,2
260,260,0.012817766078125056,8.0,0,2
261,261,0.012869769847656306,8.0,0,2
262,262,0.012921773617187556,8.0,0,2
263,263,0.012973777386718805,8.0,0,2
264,264,0.013025781156250055,8.0,0,2
265,265,0.013077784925781304,8.0,0,2
266,266,0.013129788695312554,8.0,0,2
267,267,0.013181792464843804,8.0,0,2
268,268,0.013233796234375053,8.0,0,2
269,269,0.013285800003906303,8.0,0,2
270,270,0.013337803773437552,8.0,0,2
271,271,0.013389807542968802,8.0,0,2
272,272,0.013441811312500052,8.0,0,2
273,273,0.013493815082031301,8.0,0,2
274,274,0.01354581885156255,8.0,0,2
275,275,0.0135978226210938,8.0,0,2
276,276,0.01364982639062505,8.0,0,2
277,277,0.0137018301601563,8.0,0,2
278,278,0.01375383392968755,8.0,0,2
279,279,0.013805837699218799,8.0,0,2
280,280,0.013857841468750048,8.0,0,2
281,281,0.013909845238281298,8.0,0,2
282,282,0.013961849007812548,8.0,0,2
283,283,0.014013852777343797,8.0,0,2
284,284,0.014065856546875047,8.0,0,2
285,285,0.014117860316406296,8.0,0,2
286,286,0.014169864085937546,8.0,0,2
287,287,0.014221867855468796,8.0,0,2
288,288,0.014273871625000045,8.0,0,2
289,289,0.014325875394531295,8.0,0,2
290,290,0.014377879164062544,8.0,0,2
291,291,0.014429882933593794,8.0,0,2
292,292,0.014481886703125044,8.0,0,2
293,293,0.014533890472656293,10.0,0,2
294,294,0.014585894242187543,10.0,0,2
295,295,0.014637898011718792,10.0,0,2
296,296,0.014689901781250042,10.0,0,2
297,297,0.014741905550781292,10.0,0,2
298,298,0.014793909320312541,10.0,0,2
299,299,0.014845913089843791,10.0,0,2
300,300,0.01489791685937504,10.0,0,2
301,301,0.01494992062890629,10.0,0,2
302,302,0.01500192439843754,10.0,0,2
303,303,0.01505392816796879,10.0,0,2
304,304,0.015105931937500039,10.0,0,2
305,305,0.015157935707031289,10.0,0,2
306,306,0.015209939476562538,10.0,0,2
307,307,0.015261943246093788,10.0,0,2
308,308,0.015313947015625037,10.0,0,2
309,309,0.015365950785156287,10.0,0,2
310,310,0.015417954554687537,10.0,0,2
311,311,0.015469958324218786,10.0,0,2
312,312,0.015521962093750036,10.0,0,2
313,313,0.015573965863281285,10.0,0,2
314,314,0.015625969632812535,10.0,0,2
315,315,0.015677973402343785,10.0,0,2
316,316,0.015729977171875034,10.0,0,2
317,317,0.015781980941406284,10.0,0,2
318,318,0.015833984710937533,10.0,0,2
319,319,0.015885988480468783,10.0,0,2
320,320,0.015937992250000033,10.0,0,2
321,321,0.015989996019531282,10.0,0,2
322,322,0.016041999789062532,10.0,0,2
323,323,0.01609400355859378,10.0,0,2
324,324,0.01614600732812503,10.0,0,2
325,325,0.01619801109765628,10.0,0,2
326,326,0.01625001486718753,10.0,0,2
327,327,0.01630201863671878,10.0,0,2
328,328,0.01635402240625003,10.0,0,2
329,329,0.01640602617578128,10.0,0,2
330,330,0.01645802994531253,10.0,0,2
331,331,0.01651003371484378,10.0,0,2
332,332,0.016562037484375028,10.0,0,2
333,333,0.016614041253906277,10.0,0,2
334,334,0.016666045023437527,10.0,0,2
335,335,0.016718048792968777,10.0,0,2
336,336,0.016770052562500026,10.0,0,2
337,337,0.016822056332031276,10.0,0,2
338,338,0.016874060101562526,10.0,0,2
339,339,0.016926063871093775,10.0,0,2
340,340,0.016978067640625025,10.0,0,2
341,341,0.017030071410156274,10.0,0,2
342,342,0.017082075179687524,10.0,0,2
343,343,0.017134078949218774,10.0,0,2
344,344,0.017186082718750023,10.0,0,2
345,345,0.017238086488281273,10.0,0,2
346,346,0.017290090257812522,10.0,0,2
347,347,0.017342094027343772,10.0,0,2
348,348,0.01739409779687502,10.0,0,2
349,349,0.01744610156640627,10.0,0,2
350,350,0.01749810533593752,10.0,0,2
351,351,0.01755010910546877,10.0,0,2
352,352,0.01760211287500002,10.0,0,2
353,353,0.01765411664453127,10.0,0,2
354,354,0.01770612041406252,10.0,0,2
355,355,0.01775812418359377,10.0,0,2
356,356,0.01781012795312502,10.0,0,2
357,357,0.017862131722656268,10.0,0,2
358,358,0.017914135492187518,10.0,0,2
359,359,0.017966139261718767,10.0,0,2
360,360,0.018018143031250017,10.0,0,2
361,361,0.018070146800781266,10.0,0,2
362,362,0.018122150570312516,10.0,0,2
363,363,0.018174154339843766,10.0,0,2
364,364,0.018226158109375015,10.0,0,2
365,365,0.018278161878906265,10.0,0,2
366,366,0.018330165648437514,10.0,0,2
367,367,0.018382169417968764,10.0,0,2
368,368,0.018434173187500014,10.0,0,2
369,369,0.018486176957031263,10.0,0,2
370,370,0.018538180726562513,10.0,0,2
371,371,0.018590184496093762,10.0,0,2
372,372,0.018642188265625012,10.0,0,2
373,373,0.01869419203515626,10.0,0,2
374,374,0.01874619580468751,10.0,0,2
375,375,0.01879819957421876,10.0,0,2
376,376,0.01885020334375001,10.0,0,2
377,377,0.01890220711328126,10.0,0,2
378,378,0.01895421088281251,10.0,0,2
379,379,0.01900621465234376,10.0,0,2
380,380,0.01905821842187501,10.0,0,2
381,381,0.01911022219140626,10.0,0,2
382,382,0.019162225960937508,10.0,0,2
383,383,0.019214229730468758,10.0,0,2
384,384,0.019266233500000007,10.0,0,2
385,385,0.019318237269531257,10.0,0,2
386,386,0.019370241039062507,10.0,0,2
387,387,0.019422244808593756,10.0,0,2
388,388,0.019474248578125006,10.0,0,2
389,389,0.019526252347656255,10.0,0,2
390,390,0.019578256117187505,10.0,0,2
391,391,0.019630259886718755,10.0,0,2
392,392,0.019682263656250004,10.0,0,2
393,393,0.019734267425781254,10.0,0,2
394,394,0.019786271195312503,10.0,0,2
395,395,0.019838274964843753,10.0,0,2
396,396,0.019890278734375003,10.0,0,2
397,397,0.019942282503906252,10.0,0,2
398,398,0.019994286273437502,10.0,0,2
399,399,0.02004629004296875,10.0,0,2
400,400,0.0200982938125,10.0,0,2
401,401,0.02015029758203125,10.0,0,2
402,402,0.0202023013515625,10.0,0,2
403,403,0.02025430512109375,10.0,0,2
404,404,0.020306308890625,10.0,0,2
405,405,0.02035831266015625,10.0,0,2
406,406,0.0204103164296875,10.0,0,2
407,407,0.020462320199218748,10.0,0,2
408,408,0.020514323968749998,10.0,0,2
409,409,0.020566327738281247,10.0,0,2
410,410,0.020618331507812497,10.0,0,2
411,411,0.020670335277343747,10.0,0,2
412,412,0.020722339046874996,10.0,0,2
413,413,0.020774342816406246,10.0,0,2
414,414,0.020826346585937495,13.0,0,2
415,415,0.020878350355468745,13.0,0,2
416,416,0.020930354124999995,13.0,0,2
417,417,0.020982357894531244,13.0,0,2
418,418,0.021034361664062494,13.0,0,2
419,419,0.021086365433593744,13.0,0,2
420,420,0.021138369203124993,13.0,0,2
421,421,0.021190372972656243,13.0,0,2
422,422,0.021242376742187492,13.0,0,2
423,423,0.021294380511718742,13.0,0,2
424,424,0.02134638428124999,13.0,0,2
425,425,0.02139838805078124,13.0,0,2
426,426,0.02145039182031249,13.0,0,2
427,427,0.02150239558984374,13.0,0,2
428,428,0.02155439935937499,13.0,0,2
429,429,0.02160640312890624,13.0,0,2
430,430,0.02165840689843749,13.0,0,2
431,431,0.02171041066796874,13.0,0,2
432,432,0.02176241443749999,13.0,0,2
433,433,0.021814418207031238,13.0,0,2
434,434,0.021866421976562488,13.0,0,2
435,435,0.021918425746093737,13.0,0,2
436,436,0.021970429515624987,13.0,0,2
437,437,0.022022433285156236,13.0,0,2
438,438,0.022074437054687486,13.0,0,2
439,439,0.022126440824218736,13.0,0,2
440,440,0.022178444593749985,13.0,0,2
441,441,0.022230448363281235,13.0,0,2
442,442,0.022282452132812484,13.0,0,2
443,443,0.022334455902343734,13.0,0,2
444,444,0.022386459671874984,13.0,0,2
445,445,0.022438463441406233,13.0,0,2
446,446,0.022490467210937483,13.0,0,2
447,447,0.022542470980468732,13.0,0,2
448,448,0.022594474749999982,13.0,0,2
449,449,0.02264647851953123,13.0,0,2
450,450,0.02269848228906248,13.0,0,2
451,451,0.02275048605859373,13.0,0,2
452,452,0.02280248982812498,13.0,0,2
453,453,0.02285449359765623,13.0,0,2
454,454,0.02290649736718748,13.0,0,2
455,455,0.02295850113671873,13.0,0,2
456,456,0.02301050490624998,13.0,0,2
457,457,0.02306250867578123,13.0,0,2
458,458,0.023114512445312478,13.0,0,2
459,459,0.023166516214843728,13.0,0,2
460,460,0.023218519984374977,13.0,0,2
461,461,0.023270523753906227,13.0,0,2
462,462,0.023322527523437477,13.0,0,2
463,463,0.023374531292968726,13.0,0,2
464,464,0.023426535062499976,13.0,0,2
465,465,0.023478538832031225,13.0,0,2
466,466,0.023530542601562475,13.0,0,2
467,467,0.023582546371093725,13.0,0,2
468,468,0.023634550140624974,13.0,0,2
469,469,0.023686553910156224,13.0,0,2
470,470,0.023738557679687473,13.0,0,2
471,471,0.023790561449218723,13.0,0,2
472,472,0.023842565218749973,13.0,0,2
473,473,0.023894568988281222,13.0,0,2
474,474,0.023946572757812472,13.0,0,2
475,475,0.02399857652734372,13.0,0,2
476,476,0.02405058029687497,13.0,0,2
477,477,0.02410258406640622,13.0,0,2
478,478,0.02415458783593747,13.0,0,2
479,479,0.02420659160546872,13.0,0,2
480,480,0.02425859537499997,13.0,0,2
481,481,0.02431059914453122,13.0,0,2
482,482,0.02436260291406247,13.0,0,2
483,483,0.024414606683593718,13.0,0,2
484,484,0.024466610453124968,13.0,0,2
485,485,0.024518614222656217,13.0,0,2
486,486,0.024570617992187467,13.0,0,2
487,487,0.024622621761718717,13.0,0,2
488,488,0.024674625531249966,13.0,0,2
489,489,0.024726629300781216,13.0,0,2
490,490,0.024778633070312465,13.0,0,2
491,491,0.024830636839843715,13.0,0,2
492,492,0.024882640609374965,13.0,0,2
493,493,0.024934644378906214,13.0,0,2
494,494,0.024986648148437464,13.0,0,2
495,495,0.025038651917968714,13.0,0,2
496,496,0.025090655687499963,13.0,0,2
497,497,0.025142659457031213,13.0,0,2
498,498,0.025194663226562462,13.0,0,2
499,499,0.025246666996093712,13.0,0,2
500,500,0.02529867076562496,13.0,0,2
501,501,0.02535067453515621,13.0,0,2
502,502,0.02540267830468746,13.0,0,2
503,503,0.02545468207421871,13.0,0,2
504,504,0.02550668584374996,13.0,0,2
505,505,0.02555868961328121,16.0,0,2
506,506,0.02561069338281246,16.0,0,2
507,507,0.02566269715234371,16.0,0,2
508,508,0.02571470092187496,16.0,0,2
509,509,0.025766704691406208,16.0,0,2
510,510,0.025818708460937458,16.0,0,2
511,511,0.025870712230468707,16.0,0,2
512,512,0.025922715999999957,16.0,0,2
513,513,0.02599196838867183,16.0,0,2
514,514,0.026061220777343706,16.0,0,2
515,515,0.02613047316601558,16.0,0,2
516,516,0.026199725554687456,16.0,0,2
517,517,0.026268977943359334,17.0,0,2
518,518,0.02633823033203121,17.0,0,2
519,519,0.026407482720703084,17.0,0,2
520,520,0.026476735109374958,17.0,0,2
521,521,0.026545987498046833,17.0,0,2
522,522,0.026615239886718708,17.0,0,2
523,523,0.026684492275390582,17.0,0,2
524,524,0.02675374466406246,17.0,0,2
525,525,0.026822997052734335,17.0,0,2
526,526,0.02689224944140621,17.0,0,2
527,527,0.026961501830078085,17.0,0,2
528,528,0.02703075421874996,17.0,0,2
529,529,0.027100006607421834,17.0,0,2
530,530,0.02716925899609371,17.0,0,2
531,531,0.027238511384765584,17.0,0,2
532,532,0.02730776377343746,17.0,0,2
533,533,0.027377016162109337,17.0,0,2
534,534,0.02744626855078121,17.0,0,2
535,535,0.027515520939453086,17.0,0,2
536,536,0.02758477332812496,17.0,0,2
537,537,0.027654025716796836,17.0,0,2
538,538,0.02772327810546871,17.0,0,2
539,539,0.027792530494140585,17.0,0,2
540,540,0.027861782882812464,17.0,0,2
541,541,0.02793103527148434,17.0,0,2
542,542,0.028000287660156213,17.0,0,2
543,543,0.028069540048828088,17.0,0,2
544,544,0.028138792437499963,17.0,0,2
545,545,0.028208044826171837,17.0,0,2
546,546,0.028277297214843712,17.0,0,2
547,547,0.028346549603515587,18.0,0,2
548,548,0.02841580199218746,18.0,0,2
549,549,0.02848505438085934,18.0,0,2
550,550,0.028554306769531215,18.0,0,2
551,551,0.02862355915820309,18.0,0,2
552,552,0.028692811546874964,18.0,0,2
553,553,0.02876206393554684,18.0,0,2
554,554,0.028831316324218714,18.0,0,2
555,555,0.02890056871289059,18.0,0,2
556,556,0.028969821101562467,18.0,0,2
557,557,0.02903907349023434,18.0,0,2
558,558,0.029108325878906216,18.0,0,2
559,559,0.02917757826757809,18.0,0,2
560,560,0.029246830656249966,18.0,0,2
561,561,0.02931608304492184,18.0,0,2
562,562,0.029385335433593715,18.0,0,2
563,563,0.02945458782226559,18.0,0,2
564,564,0.029523840210937465,18.0,0,2
565,565,0.029593092599609343,18.0,0,2
566,566,0.029662344988281217,18.0,0,2
567,567,0.029731597376953092,18.0,0,2
568,568,0.029800849765624967,18.0,0,2
569,569,0.02987010215429684,18.0,0,2
570,570,0.029939354542968716,18.0,0,2
571,571,0.03000860693164059,18.0,0,2
572,572,0.03007785932031247,18.0,0,2
573,573,0.03014711170898434,18.0,0,2
574,574,0.03021636409765622,18.0,0,2
575,575,0.030285616486328094,18.0,0,2
576,576,0.03035486887499997,18.0,0,2
577,577,0.030424121263671843,18.0,0,2
578,578,0.030493373652343718,18.0,0,2
579,579,0.030562626041015596,18.0,0,2
580,580,0.030631878429687467,18.0,0,2
581,581,0.030701130818359346,18.0,0,2
582,582,0.03077038320703122,18.0,0,2
583,583,0.030839635595703095,23.0,0,2
584,584,0.03090888798437497,23.0,0,2
585,585,0.030978140373046845,23.0,0,2
586,586,0.03104739276171872,23.0,0,2
587,587,0.031116645150390594,23.0,0,2
588,588,0.031185897539062472,23.0,0,2
589,589,0.031255149927734344,23.0,0,2
590,590,0.03132440231640622,23.0,0,2
591,591,0.0313936547050781,23.0,0,2
592,592,0.03146290709374997,23.0,0,2
593,593,0.03153215948242184,23.0,0,2
594,594,0.03160141187109372,23.0,0,2
595,595,0.0316706642597656,23.0,0,2
596,596,0.03173991664843747,23.0,0,2
597,597,0.03180916903710935,23.0,0,2
598,598,0.03187842142578122,23.0,0,2
599,599,0.0319476738144531,23.0,0,2
600,600,0.032016926203124976,23.0,0,2
601,601,0.03208617859179685,23.0,0,2
602,602,0.032155430980468726,23.0,0,2
603,603,0.0322246833691406,23.0,0,2
604,604,0.032293935757812475,23.0,0,2
605,605,0.03236318814648435,23.0,0,2
606,606,0.032432440535156225,23.0,0,2
607,607,0.032501692923828096,23.0,0,2
608,608,0.032570945312499974,23.0,0,2
609,609,0.03264019770117185,23.0,0,2
610,610,0.032709450089843724,23.0,0,2
611,611,0.0327787024785156,23.0,0,2
612,612,0.03284795486718747,23.0,0,2
613,613,0.03291720725585935,23.0,0,2
614,614,0.03298645964453122,23.0,0,2
615,615,0.0330557120332031,23.0,0,2
616,616,0.03312496442187497,23.0,0,2
617,617,0.03319421681054685,23.0,0,2
618,618,0.03326346919921873,23.0,0,2
619,619,0.0333327215878906,23.0,0,2
620,620,0.03340197397656248,23.0,0,2
621,621,0.03347122636523435,23.0,0,2
622,622,0.03354047875390623,23.0,0,2
623,623,0.033609731142578106,23.0,0,2
624,624,0.03367898353124998,23.0,0,2
625,625,0.03374823591992185,23.0,0,2
626,626,0.03381748830859373,23.0,0,2
627,627,0.033886740697265605,23.0,0,2
628,628,0.033955993085937476,23.0,0,2
629,629,0.034025245474609354,23.0,0,2
630,630,0.034094497863281226,23.0,0,2
631,631,0.034163750251953104,23.0,0,2
632,632,0.03423300264062498,23.0,0,2
633,633,0.03430225502929685,23.0,0,2
634,634,0.034371507417968725,23.0,0,2
635,635,0.0344407598066406,23.0,0,2
636,636,0.03451001219531248,23.0,0,2
637,637,0.03457926458398435,23.0,0,2
638,638,0.03464851697265623,23.0,0,2
639,639,0.0347177693613281,23.0,0,2
640,640,0.03478702174999998,23.0,0,2
641,641,0.03485627413867186,23.0,0,2
642,642,0.03492552652734373,23.0,0,2
643,643,0.03499477891601561,23.0,0,2
644,644,0.03506403130468748,23.0,0,2
645,645,0.03513328369335936,23.0,0,2
646,646,0.035202536082031236,23.0,0,2
647,647,0.03527178847070311,23.0,0,2
648,648,0.03534104085937498,23.0,0,2
649,649,0.035410293248046856,23.0,0,2
650,650,0.035479545636718735,23.0,0,2
651,651,0.035548798025390606,23.0,0,2
652,652,0.035618050414062484,23.0,0,2
653,653,0.035687302802734355,23.0,0,2
654,654,0.035756555191406234,23.0,0,2
655,655,0.03582580758007811,23.0,0,2
656,656,0.03589505996874998,23.0,0,2
657,657,0.035964312357421854,23.0,0,2
658,658,0.03603356474609373,23.0,0,2
659,659,0.03610281713476561,23.0,0,2
660,660,0.03617206952343748,23.0,0,2
661,661,0.03624132191210936,23.0,0,2
662,662,0.03631057430078123,23.0,0,2
663,663,0.03637982668945311,23.0,0,2
664,664,0.03644907907812499,23.0,0,2
665,665,0.03651833146679686,23.0,0,2
666,666,0.03658758385546873,23.0,0,2
667,667,0.03665683624414061,23.0,0,2
668,668,0.03672608863281249,23.0,0,2
669,669,0.03679534102148436,23.0,0,2
670,670,0.036864593410156236,23.0,0,2
671,671,0.03693384579882811,23.0,0,2
672,672,0.037003098187499986,23.0,0,2
673,673,0.037072350576171864,23.0,0,2
674,674,0.037141602964843735,23.0,0,2
675,675,0.037210855353515614,23.0,0,2
676,676,0.037280107742187485,23.0,0,2
677,677,0.03734936013085936,23.0,0,2
678,678,0.03741861251953124,23.0,0,2
679,679,0.03748786490820311,23.0,0,2
680,680,0.037557117296874984,23.0,0,2
681,681,0.03762636968554686,23.0,0,2
682,682,0.03769562207421874,23.0,0,2
683,683,0.03776487446289061,23.0,0,2
684,684,0.03783412685156249,23.0,0,2
685,685,0.03790337924023436,23.0,0,2
686,686,0.03797263162890624,23.0,0,2
687,687,0.03804188401757812,23.0,0,2
688,688,0.03811113640624999,23.0,0,2
689,689,0.03818038879492186,23.0,0,2
690,690,0.03824964118359374,23.0,0,2
691,691,0.03831889357226562,23.0,0,2
692,692,0.03838814596093749,23.0,0,2
693,693,0.038457398349609366,23.0,0,2
694,694,0.03852665073828124,23.0,0,2
695,695,0.038595903126953116,23.0,0,2
696,696,0.038665155515624994,23.0,0,2
697,697,0.038734407904296865,23.0,0,2
698,698,0.038803660292968736,23.0,0,2
699,699,0.038872912681640615,23.0,0,2
700,700,0.03894216507031249,23.0,0,2
701,701,0.039011417458984364,23.0,0,2
702,702,0.03908066984765624,23.0,0,2
703,703,0.039149922236328114,23.0,0,2
704,704,0.03921917462499999,23.0,0,2
705,705,0.03928842701367187,23.0,0,2
706,706,0.03935767940234374,23.0,0,2
707,707,0.03942693179101562,23.0,0,2
708,708,0.03949618417968749,23.0,0,2
709,709,0.03956543656835937,23.0,0,2
710,710,0.03963468895703125,23.0,0,2
711,711,0.03970394134570312,23.0,0,2
712,712,0.03977319373437499,23.0,0,2
713,713,0.03984244612304687,23.0,0,2
714,714,0.039911698511718746,23.0,0,2
715,715,0.03998095090039062,23.0,0,2
716,716,0.040050203289062496,23.0,0,2
717,717,0.04011945567773437,23.0,0,2
718,718,0.040188708066406245,23.0,0,2
719,719,0.04025796045507812,23.0,0,2
720,720,0.040327212843749995,23.0,0,2
721,721,0.040396465232421866,23.0,0,2
722,722,0.040465717621093744,23.0,0,2
723,723,0.04053497000976562,23.0,0,2
724,724,0.040604222398437494,23.0,0,2
725,725,0.04067347478710937,23.0,0,2
726,726,0.04074272717578124,23.0,0,2
727,727,0.04081197956445312,23.0,0,2
728,728,0.040881231953125,23.0,0,2
729,729,0.04095048434179687,23.0,0,2
730,730,0.04101973673046874,23.0,0,2
731,731,0.04108898911914062,23.0,0,2
732,732,0.0411582415078125,23.0,0,2
733,733,0.04122749389648437,23.0,0,2
734,734,0.04129674628515625,23.0,0,2
735,735,0.04136599867382812,23.0,0,2
736,736,0.0414352510625,23.0,0,2
737,737,0.041504503451171876,23.0,0,2
738,738,0.04157375583984375,23.0,0,2
739,739,0.04164300822851562,23.0,0,2
740,740,0.0417122606171875,23.0,0,2
741,741,0.041781513005859375,23.0,0,2
742,742,0.04185076539453125,23.0,0,2
743,743,0.041920017783203124,23.0,0,2
744,744,0.041989270171874996,23.0,0,2
745,745,0.042058522560546874,23.0,0,2
746,746,0.04212777494921875,23.0,0,2
747,747,0.04219702733789062,23.0,0,2
748,748,0.0422662797265625,23.0,0,2
749,749,0.04233553211523437,23.0,0,2
750,750,0.04240478450390625,23.0,0,2
751,751,0.04247403689257813,23.0,0,2
752,752,0.04254328928125,23.0,0,2
753,753,0.04261254166992187,23.0,0,2
754,754,0.04268179405859375,23.0,0,2
755,755,0.04275104644726563,23.0,0,2
756,756,0.0428202988359375,23.0,0,2
757,757,0.04288955122460938,23.0,0,2
758,758,0.04295880361328125,23.0,0,2
759,759,0.04302805600195313,23.0,0,2
760,760,0.043097308390625005,23.0,0,2
761,761,0.04316656077929688,23.0,0,2
762,762,0.04323581316796875,23.0,0,2
763,763,0.043305065556640626,23.0,0,2
764,764,0.043374317945312504,23.0,0,2
765,765,0.04344357033398438,23.0,0,2
766,766,0.043512822722656254,23.0,0,2
767,767,0.043582075111328125,23.0,0,2
768,768,0.0436513275,25.0,0,2
769,769,0.04372057988867188,25.0,0,2
770,770,0.04378983227734375,25.0,0,2
771,771,0.043859084666015624,25.0,0,2
772,772,0.0439283370546875,25.0,0,2
773,773,0.04399758944335938,26.0,0,2
774,774,0.04406684183203126,26.0,0,2
775,775,0.04413609422070313,26.0,0,2
776,776,0.044205346609375,26.0,0,2
777,777,0.04427459899804688,26.0,0,2
778,778,0.04434385138671876,27.0,0,2
779,779,0.04441310377539063,27.0,0,2
780,780,0.04448235616406251,27.0,0,2
781,781,0.04455160855273438,27.0,0,2
782,782,0.04462086094140626,27.0,0,2
783,783,0.044690113330078135,27.0,0,2
784,784,0.044759365718750006,27.0,0,2
785,785,0.04482861810742188,27.0,0,2
786,786,0.044897870496093756,27.0,0,2
787,787,0.044967122884765634,27.0,0,2
788,788,0.045036375273437505,27.0,0,2
789,789,0.045105627662109384,27.0,0,2
790,790,0.045174880050781255,27.0,0,2
791,791,0.04524413243945313,27.0,0,2
792,792,0.04531338482812501,27.0,0,2
793,793,0.04538263721679688,27.0,0,2
794,794,0.045451889605468754,27.0,0,2
795,795,0.04552114199414063,27.0,0,2
796,796,0.04559039438281251,27.0,0,2
797,797,0.04565964677148439,27.0,0,2
798,798,0.04572889916015626,27.0,0,2
799,799,0.04579815154882813,27.0,0,2
800,800,0.04586740393750001,27.0,0,2
801,801,0.04593665632617189,27.0,0,2
802,802,0.04600590871484376,27.0,0,2
803,803,0.04607516110351563,27.0,0,2
804,804,0.04614441349218751,27.0,0,2
805,805,0.046213665880859386,27.0,0,2
806,806,0.046282918269531265,27.0,0,2
807,807,0.046352170658203136,27.0,0,2
808,808,0.04642142304687501,27.0,0,2
809,809,0.046490675435546885,27.0,0,2
810,810,0.046559927824218764,27.0,0,2
811,811,0.046629180212890635,27.0,0,2
812,812,0.04669843260156251,27.0,0,2
813,813,0.046767684990234384,27.0,0,2
814,814,0.04683693737890626,27.0,0,2
815,815,0.04690618976757814,27.0,0,2
816,816,0.04697544215625001,27.0,0,2
817,817,0.04704469454492188,27.0,0,2
818,818,0.04711394693359376,27.0,0,2
819,819,0.04718319932226564,27.0,0,2
820,820,0.04725245171093751,27.0,0,2
821,821,0.04732170409960939,27.0,0,2
822,822,0.04739095648828126,27.0,0,2
823,823,0.04746020887695314,27.0,0,2
824,824,0.04752946126562502,27.0,0,2
825,825,0.04759871365429689,27.0,0,2
826,826,0.04766796604296876,27.0,0,2
827,827,0.04773721843164064,27.0,0,2
828,828,0.047806470820312516,27.0,0,2
829,829,0.047875723208984394,27.0,0,2
830,830,0.047944975597656266,27.0,0,2
831,831,0.04801422798632814,27.0,0,2
832,832,0.048083480375000015,27.0,0,2
833,833,0.04815273276367189,27.0,0,2
834,834,0.048221985152343765,27.0,0,2
835,835,0.048291237541015636,27.0,0,2
836,836,0.048360489929687514,27.0,0,2
837,837,0.04842974231835939,27.0,0,2
838,838,0.04849899470703127,27.0,0,2
839,839,0.04856824709570314,31.0,0,2
840,840,0.04863749948437501,31.0,0,2
841,841,0.04870675187304689,31.0,0,2
842,842,0.04877600426171877,31.0,0,2
843,843,0.04884525665039064,31.0,0,2
844,844,0.04891450903906252,31.0,0,2
845,845,0.04898376142773439,31.0,0,2
846,846,0.04905301381640627,31.0,0,2
847,847,0.04912226620507815,31.0,0,2
848,848,0.04919151859375002,31.0,0,2
849,849,0.04926077098242189,31.0,0,2
850,850,0.04933002337109377,31.0,0,2
851,851,0.049399275759765646,31.0,0,2
852,852,0.04946852814843752,31.0,0,2
853,853,0.049537780537109395,31.0,0,2
854,854,0.049607032925781266,31.0,0,2
855,855,0.049676285314453145,31.0,0,2
856,856,0.04974553770312502,31.0,0,2
857,857,0.049814790091796894,31.0,0,2
858,858,0.049884042480468765,31.0,0,2
859,859,0.049953294869140644,31.0,0,2
860,860,0.05002254725781252,31.0,0,2
861,861,0.0500917996464844,31.0,0,2
862,862,0.05016105203515627,31.0,0,2
863,863,0.05023030442382814,31.0,0,2
864,864,0.05029955681250002,31.0,0,2
865,865,0.0503688092011719,31.0,0,2
866,866,0.05043806158984377,31.0,0,2
867,867,0.05050731397851564,31.0,0,2
868,868,0.05057656636718752,31.0,0,2
869,869,0.0506458187558594,31.0,0,2
870,870,0.050715071144531276,31.0,0,2
871,871,0.05078432353320315,31.0,0,2
872,872,0.05085357592187502,31.0,0,2
873,873,0.0509228283105469,31.0,0,2
874,874,0.050992080699218775,31.0,0,2
875,875,0.05106133308789065,31.0,0,2
876,876,0.051130585476562525,31.0,0,2
877,877,0.051199837865234396,31.0,0,2
878,878,0.051269090253906274,31.0,0,2
879,879,0.05133834264257815,31.0,0,2
880,880,0.051407595031250024,31.0,0,2
881,881,0.051476847419921895,31.0,0,2
882,882,0.05154609980859377,31.0,0,2
883,883,0.05161535219726565,31.0,0,2
884,884,0.05168460458593752,31.0,0,2
885,885,0.0517538569746094,31.0,0,2
886,886,0.05182310936328127,31.0,0,2
887,887,0.05189236175195315,31.0,0,2
888,888,0.05196161414062503,31.0,0,2
889,889,0.0520308665292969,31.0,0,2
890,890,0.05210011891796877,31.0,0,2
891,891,0.05216937130664065,31.0,0,2
892,892,0.05223862369531253,31.0,0,2
893,893,0.052307876083984406,31.0,0,2
894,894,0.05237712847265628,31.0,0,2
895,895,0.05244638086132815,31.0,0,2
896,896,0.05251563325000003,31.0,0,2
897,897,0.052584885638671905,31.0,0,2
898,898,0.052654138027343776,31.0,0,2
899,899,0.05272339041601565,31.0,0,2
900,900,0.052792642804687526,31.0,0,2
901,901,0.052861895193359404,31.0,0,2
902,902,0.05293114758203128,31.0,0,2
903,903,0.05300039997070315,31.0,0,2
904,904,0.053069652359375025,31.0,0,2
905,905,0.0531389047480469,31.0,0,2
906,906,0.05320815713671878,31.0,0,2
907,907,0.05327740952539065,31.0,0,2
908,908,0.05334666191406253,31.0,0,2
909,909,0.0534159143027344,31.0,0,2
910,910,0.05348516669140628,31.0,0,2
911,911,0.05355441908007816,31.0,0,2
912,912,0.05362367146875003,31.0,0,2
913,913,0.0536929238574219,31.0,0,2
914,914,0.05376217624609378,31.0,0,2
915,915,0.05383142863476566,31.0,0,2
916,916,0.05390068102343753,31.0,0,2
917,917,0.05396993341210941,31.0,0,2
918,918,0.05403918580078128,31.0,0,2
919,919,0.054108438189453156,31.0,0,2
920,920,0.054177690578125035,31.0,0,2
921,921,0.054246942966796906,31.0,0,2
922,922,0.05431619535546878,31.0,0,2
923,923,0.054385447744140655,32.0,0,2
924,924,0.054454700132812534,32.0,0,2
925,925,0.05452395252148441,32.0,0,2
926,926,0.05459320491015628,32.0,0,2
927,927,0.054662457298828154,32.0,0,2
928,928,0.05473170968750003,32.0,0,2
929,929,0.05480096207617191,32.0,0,2
930,930,0.05487021446484378,32.0,0,2
931,931,0.05493946685351565,32.0,0,2
932,932,0.05500871924218753,32.0,0,2
933,933,0.05507797163085941,32.0,0,2
934,934,0.05514722401953129,32.0,0,2
935,935,0.05521647640820316,32.0,0,2
936,936,0.05528572879687503,32.0,0,2
937,937,0.05535498118554691,32.0,0,2
938,938,0.05542423357421879,32.0,0,2
939,939,0.05549348596289066,32.0,0,2
940,940,0.055562738351562536,32.0,0,2
941,941,0.05563199074023441,32.0,0,2
942,942,0.055701243128906286,32.0,0,2
943,943,0.055770495517578164,32.0,0,2
944,944,0.055839747906250035,32.0,0,2
945,945,0.05590900029492191,32.0,0,2
946,946,0.055978252683593785,32.0,0,2
947,947,0.05604750507226566,32.0,0,2
948,948,0.056116757460937534,32.0,0,2
949,949,0.05618600984960941,32.0,0,2
950,950,0.056255262238281284,32.0,0,2
951,951,0.05632451462695316,32.0,0,2
952,952,0.05639376701562504,32.0,0,2
953,953,0.05646301940429691,32.0,0,2
954,954,0.05653227179296878,32.0,0,2
955,955,0.05660152418164066,32.0,0,2
956,956,0.05667077657031254,32.0,0,2
957,957,0.05674002895898442,32.0,0,2
958,958,0.05680928134765629,32.0,0,2
959,959,0.05687853373632816,32.0,0,2
960,960,0.05694778612500004,32.0,0,2
961,961,0.05701703851367192,32.0,0,2
962,962,0.05708629090234379,32.0,0,2
963,963,0.05715554329101566,32.0,0,2
964,964,0.05722479567968754,32.0,0,2
965,965,0.057294048068359416,32.0,0,2
966,966,0.05736330045703129,32.0,0,2
967,967,0.057432552845703165,32.0,0,2
968,968,0.057501805234375036,32.0,0,2
969,969,0.057571057623046915,32.0,0,2
970,970,0.05764031001171879,32.0,0,2
971,971,0.057709562400390664,32.0,0,2
972,972,0.05777881478906254,32.0,0,2
973,973,0.057848067177734414,32.0,0,2
974,974,0.05791731956640629,32.0,0,2
975,975,0.05798657195507816,32.0,0,2
976,976,0.05805582434375004,32.0,0,2
977,977,0.05812507673242192,32.0,0,2
978,978,0.05819432912109379,32.0,0,2
979,979,0.05826358150976567,32.0,0,2
980,980,0.05833283389843754,32.0,0,2
981,981,0.05840208628710942,32.0,0,2
982,982,0.05847133867578129,32.0,0,2
983,983,0.05854059106445317,32.0,0,2
984,984,0.058609843453125046,32.0,0,2
985,985,0.05867909584179692,32.0,0,2
986,986,0.058748348230468796,32.0,0,2
987,987,0.05881760061914067,32.0,0,2
988,988,0.058886853007812545,32.0,0,2
989,989,0.058956105396484416,32.0,0,2
990,990,0.059025357785156295,32.0,0,2
991,991,0.059094610173828166,32.0,0,2
992,992,0.059163862562500044,32.0,0,2
993,993,0.05923311495117192,32.0,0,2
994,994,0.059302367339843794,32.0,0,2
995,995,0.05937161972851567,32.0,0,2
996,996,0.05944087211718754,32.0,0,2
997,997,0.05951012450585942,32.0,0,2
998,998,0.05957937689453129,32.0,0,2
999,999,0.05964862928320317,32.0,0,2
1000,1000,0.05971788167187504,32.0,0,2
1001,1001,0.05978713406054692,32.0,0,2
1002,1002,0.0598563864492188,32.0,0,2
1003,1003,0.05992563883789067,32.0,0,2
1004,1004,0.05999489122656255,32.0,0,2
1005,1005,0.06006414361523442,32.0,0,2
1006,1006,0.0601333960039063,32.0,0,2
1007,1007,0.06020264839257817,32.0,0,2
1008,1008,0.06027190078125005,32.0,0,2
1009,1009,0.060341153169921925,32.0,0,2
1010,1010,0.0604104055585938,32.0,0,2
1011,1011,0.060479657947265675,32.0,0,2
1012,1012,0.060548910335937546,32.0,0,2
1013,1013,0.060618162724609424,32.0,0,2
1014,1014,0.060687415113281296,32.0,0,2
1015,1015,0.060756667501953174,32.0,0,2
1016,1016,0.06082591989062505,32.0,0,2
1017,1017,0.06089517227929692,32.0,0,2
1018,1018,0.0609644246679688,32.0,0,2
1019,1019,0.06103367705664067,32.0,0,2
1020,1020,0.06110292944531255,32.0,0,2
1021,1021,0.06117218183398442,32.0,0,2
1022,1022,0.0612414342226563,32.0,0,2
1023,1023,0.06131068661132817,32.0,0,2
1024,1024,0.06137993900000005,32.0,0,2
1025,1025,0.061465256245117235,32.0,0,2
1026,1026,0.06155057349023443,32.0,0,2
1027,1027,0.06163589073535161,32.0,0,2
1028,1028,0.061721207980468804,32.0,0,2
1029,1029,0.06180652522558599,32.0,0,2
1030,1030,0.06189184247070317,32.0,0,2
1031,1031,0.061977159715820365,32.0,0,2
1032,1032,0.06206247696093755,32.0,0,2
1033,1033,0.062147794206054735,32.0,0,2
1034,1034,0.06223311145117193,32.0,0,2
1035,1035,0.06231842869628911,32.0,0,2
1036,1036,0.0624037459414063,32.0,0,2
1037,1037,0.06248906318652349,32.0,0,2
1038,1038,0.06257438043164068,32.0,0,2
1039,1039,0.06265969767675786,32.0,0,2
1040,1040,0.06274501492187505,32.0,0,2
1041,1041,0.06283033216699224,32.0,0,2
1042,1042,0.06291564941210942,32.0,0,2
1043,1043,0.06300096665722661,32.0,0,2
1044,1044,0.0630862839023438,32.0,0,2
1045,1045,0.06317160114746098,32.0,0,2
1046,1046,0.06325691839257817,32.0,0,2
1047,1047,0.06334223563769537,32.0,0,2
1048,1048,0.06342755288281254,32.0,0,2
1049,1049,0.06351287012792974,32.0,0,2
1050,1050,0.06359818737304693,32.0,0,2
1051,1051,0.06368350461816412,32.0,0,2
1052,1052,0.0637688218632813,32.0,0,2
1053,1053,0.06385413910839849,32.0,0,2
1054,1054,0.06393945635351568,32.0,0,2
1055,1055,0.06402477359863286,32.0,0,2
1056,1056,0.06411009084375005,32.0,0,2
1057,1057,0.06419540808886724,32.0,0,2
1058,1058,0.06428072533398442,32.0,0,2
1059,1059,0.06436604257910161,34.0,0,2
1060,1060,0.0644513598242188,34.0,0,2
1061,1061,0.06453667706933598,34.0,0,2
1062,1062,0.06462199431445317,34.0,0,2
1063,1063,0.06470731155957037,34.0,0,2
1064,1064,0.06479262880468756,34.0,0,2
1065,1065,0.06487794604980474,34.0,0,2
1066,1066,0.06496326329492193,34.0,0,2
1067,1067,0.06504858054003912,34.0,0,2
1068,1068,0.0651338977851563,34.0,0,2
1069,1069,0.06521921503027349,34.0,0,2
1070,1070,0.06530453227539068,34.0,0,2
1071,1071,0.06538984952050786,34.0,0,2
1072,1072,0.06547516676562505,36.0,0,2
1073,1073,0.06556048401074224,36.0,0,2
1074,1074,0.06564580125585942,36.0,0,2
1075,1075,0.06573111850097661,36.0,0,2
1076,1076,0.0658164357460938,36.0,0,2
1077,1077,0.06590175299121098,36.0,0,2
1078,1078,0.06598707023632817,36.0,0,2
1079,1079,0.06607238748144537,36.0,0,2
1080,1080,0.06615770472656254,36.0,0,2
1081,1081,0.06624302197167974,36.0,0,2
1082,1082,0.06632833921679693,36.0,0,2
1083,1083,0.06641365646191412,36.0,0,2
1084,1084,0.0664989737070313,36.0,0,2
1085,1085,0.06658429095214849,36.0,0,2
1086,1086,0.06666960819726568,36.0,0,2
1087,1087,0.06675492544238286,36.0,0,2
1088,1088,0.06684024268750005,36.0,0,2
1089,1089,0.06692555993261724,36.0,0,2
1090,1090,0.06701087717773442,36.0,0,2
1091,1091,0.06709619442285161,36.0,0,2
1092,1092,0.0671815116679688,36.0,0,2
1093,1093,0.06726682891308598,36.0,0,2
1094,1094,0.06735214615820317,36.0,0,2
1095,1095,0.06743746340332037,36.0,0,2
1096,1096,0.06752278064843756,36.0,0,2
1097,1097,0.06760809789355474,36.0,0,2
1098,1098,0.06769341513867193,36.0,0,2
1099,1099,0.06777873238378912,36.0,0,2
1100,1100,0.0678640496289063,36.0,0,2
1101,1101,0.06794936687402349,36.0,0,2
1102,1102,0.06803468411914068,36.0,0,2
1103,1103,0.06812000136425786,36.0,0,2
1104,1104,0.06820531860937505,36.0,0,2
1105,1105,0.06829063585449224,36.0,0,2
1106,1106,0.06837595309960942,36.0,0,2
1107,1107,0.06846127034472661,36.0,0,2
1108,1108,0.0685465875898438,36.0,0,2
1109,1109,0.06863190483496098,36.0,0,2
1110,1110,0.06871722208007817,36.0,0,2
1111,1111,0.06880253932519537,36.0,0,2
1112,1112,0.06888785657031254,36.0,0,2
1113,1113,0.06897317381542974,36.0,0,2
1114,1114,0.06905849106054693,36.0,0,2
1115,1115,0.06914380830566412,36.0,0,2
1116,1116,0.0692291255507813,36.0,0,2
1117,1117,0.06931444279589849,36.0,0,2
1118,1118,0.06939976004101568,36.0,0,2
1119,1119,0.06948507728613286,36.0,0,2
1120,1120,0.06957039453125005,36.0,0,2
1121,1121,0.06965571177636724,36.0,0,2
1122,1122,0.06974102902148442,36.0,0,2
1123,1123,0.06982634626660161,36.0,0,2
1124,1124,0.0699116635117188,36.0,0,2
1125,1125,0.069996980756836,36.0,0,2
1126,1126,0.07008229800195317,36.0,0,2
1127,1127,0.07016761524707037,36.0,0,2
1128,1128,0.07025293249218756,36.0,0,2
1129,1129,0.07033824973730474,36.0,0,2
1130,1130,0.07042356698242193,36.0,0,2
1131,1131,0.07050888422753912,36.0,0,2
1132,1132,0.0705942014726563,36.0,0,2
1133,1133,0.07067951871777349,36.0,0,2
1134,1134,0.07076483596289068,36.0,0,2
1135,1135,0.07085015320800786,36.0,0,2
1136,1136,0.07093547045312505,36.0,0,2
1137,1137,0.07102078769824224,36.0,0,2
1138,1138,0.07110610494335942,36.0,0,2
1139,1139,0.07119142218847661,36.0,0,2
1140,1140,0.0712767394335938,36.0,0,2
1141,1141,0.07136205667871098,36.0,0,2
1142,1142,0.07144737392382818,36.0,0,2
1143,1143,0.07153269116894537,36.0,0,2
1144,1144,0.07161800841406255,36.0,0,2
1145,1145,0.07170332565917974,36.0,0,2
1146,1146,0.07178864290429693,36.0,0,2
1147,1147,0.0718739601494141,36.0,0,2
1148,1148,0.0719592773945313,36.0,0,2
1149,1149,0.07204459463964849,36.0,0,2
1150,1150,0.07212991188476568,36.0,0,2
1151,1151,0.07221522912988286,36.0,0,2
1152,1152,0.07230054637500005,36.0,0,2
1153,1153,0.07238586362011724,36.0,0,2
1154,1154,0.07247118086523442,36.0,0,2
1155,1155,0.07255649811035161,36.0,0,2
1156,1156,0.0726418153554688,36.0,0,2
1157,1157,0.072727132600586,36.0,0,2
1158,1158,0.07281244984570318,38.0,0,2
1159,1159,0.07289776709082037,38.0,0,2
1160,1160,0.07298308433593756,38.0,0,2
1161,1161,0.07306840158105474,38.0,0,2
1162,1162,0.07315371882617193,38.0,0,2
1163,1163,0.07323903607128912,38.0,0,2
1164,1164,0.0733243533164063,38.0,0,2
1165,1165,0.07340967056152349,38.0,0,2
1166,1166,0.07349498780664068,38.0,0,2
1167,1167,0.07358030505175786,38.0,0,2
1168,1168,0.07366562229687505,38.0,0,2
1169,1169,0.07375093954199224,38.0,0,2
1170,1170,0.07383625678710942,38.0,0,2
1171,1171,0.07392157403222661,38.0,0,2
1172,1172,0.0740068912773438,38.0,0,2
1173,1173,0.07409220852246098,38.0,0,2
1174,1174,0.07417752576757818,38.0,0,2
1175,1175,0.07426284301269537,38.0,0,2
1176,1176,0.07434816025781255,38.0,0,2
1177,1177,0.07443347750292974,38.0,0,2
1178,1178,0.07451879474804693,38.0,0,2
1179,1179,0.07460411199316411,38.0,0,2
1180,1180,0.0746894292382813,38.0,0,2
1181,1181,0.07477474648339849,38.0,0,2
1182,1182,0.07486006372851568,38.0,0,2
1183,1183,0.07494538097363286,38.0,0,2
1184,1184,0.07503069821875005,38.0,0,2
1185,1185,0.07511601546386724,38.0,0,2
1186,1186,0.07520133270898442,38.0,0,2
1187,1187,0.07528664995410161,38.0,0,2
1188,1188,0.0753719671992188,38.0,0,2
1189,1189,0.075457284444336,38.0,0,2
1190,1190,0.07554260168945318,38.0,0,2
1191,1191,0.07562791893457037,38.0,0,2
1192,1192,0.07571323617968756,38.0,0,2
1193,1193,0.07579855342480474,38.0,0,2
1194,1194,0.07588387066992193,38.0,0,2
1195,1195,0.07596918791503912,38.0,0,2
1196,1196,0.0760545051601563,38.0,0,2
1197,1197,0.07613982240527349,38.0,0,2
1198,1198,0.07622513965039068,38.0,0,2
1199,1199,0.07631045689550786,38.0,0,2
1200,1200,0.07639577414062505,38.0,0,2
1201,1201,0.07648109138574224,39.0,0,2
1202,1202,0.07656640863085942,39.0,0,2
1203,1203,0.07665172587597661,39.0,0,2
1204,1204,0.0767370431210938,39.0,0,2
1205,1205,0.07682236036621098,39.0,0,2
1206,1206,0.07690767761132818,39.0,0,2
1207,1207,0.07699299485644537,39.0,0,2
1208,1208,0.07707831210156255,39.0,0,2
1209,1209,0.07716362934667974,39.0,0,2
1210,1210,0.07724894659179693,39.0,0,2
1211,1211,0.07733426383691411,39.0,0,2
1212,1212,0.0774195810820313,39.0,0,2
1213,1213,0.07750489832714849,39.0,0,2
1214,1214,0.07759021557226567,39.0,0,2
1215,1215,0.07767553281738286,39.0,0,2
1216,1216,0.07776085006250005,39.0,0,2
1217,1217,0.07784616730761725,39.0,0,2
1218,1218,0.07793148455273444,39.0,0,2
1219,1219,0.07801680179785161,39.0,0,2
1220,1220,0.0781021190429688,39.0,0,2
1221,1221,0.078187436288086,39.0,0,2
1222,1222,0.07827275353320318,39.0,0,2
1223,1223,0.07835807077832037,39.0,0,2
1224,1224,0.07844338802343756,39.0,0,2
1225,1225,0.07852870526855474,39.0,0,2
1226,1226,0.07861402251367193,39.0,0,2
1227,1227,0.07869933975878912,39.0,0,2
1228,1228,0.0787846570039063,39.0,0,2
1229,1229,0.07886997424902349,39.0,0,2
1230,1230,0.07895529149414068,39.0,0,2
1231,1231,0.07904060873925786,39.0,0,2
1232,1232,0.07912592598437505,41.0,0,2
1233,1233,0.07921124322949225,41.0,0,2
1234,1234,0.07929656047460942,41.0,0,2
1235,1235,0.07938187771972662,41.0,0,2
1236,1236,0.07946719496484381,41.0,0,2
1237,1237,0.07955251220996098,41.0,0,2
1238,1238,0.07963782945507818,41.0,0,2
1239,1239,0.07972314670019537,41.0,0,2
1240,1240,0.07980846394531255,41.0,0,2
1241,1241,0.07989378119042974,41.0,0,2
1242,1242,0.07997909843554693,41.0,0,2
1243,1243,0.08006441568066411,41.0,0,2
1244,1244,0.0801497329257813,41.0,0,2
1245,1245,0.08023505017089849,41.0,0,2
1246,1246,0.08032036741601567,41.0,0,2
1247,1247,0.08040568466113286,42.0,0,2
1248,1248,0.08049100190625005,42.0,0,2
1249,1249,0.08057631915136725,42.0,0,2
1250,1250,0.08066163639648444,42.0,0,2
1251,1251,0.08074695364160162,42.0,0,2
1252,1252,0.08083227088671881,42.0,0,2
1253,1253,0.080917588131836,42.0,0,2
1254,1254,0.08100290537695318,42.0,0,2
1255,1255,0.08108822262207037,42.0,0,2
1256,1256,0.08117353986718756,42.0,0,2
1257,1257,0.08125885711230474,42.0,0,2
1258,1258,0.08134417435742193,42.0,0,2
1259,1259,0.08142949160253912,42.0,0,2
1260,1260,0.0815148088476563,42.0,0,2
1261,1261,0.08160012609277349,42.0,0,2
1262,1262,0.08168544333789068,42.0,0,2
1263,1263,0.08177076058300786,42.0,0,2
1264,1264,0.08185607782812505,42.0,0,2
1265,1265,0.08194139507324225,42.0,0,2
1266,1266,0.08202671231835942,42.0,0,2
1267,1267,0.08211202956347662,42.0,0,2
1268,1268,0.08219734680859381,42.0,0,2
1269,1269,0.08228266405371099,42.0,0,2
1270,1270,0.08236798129882818,42.0,0,2
1271,1271,0.08245329854394537,42.0,0,2
1272,1272,0.08253861578906255,42.0,0,2
1273,1273,0.08262393303417974,42.0,0,2
1274,1274,0.08270925027929693,42.0,0,2
1275,1275,0.08279456752441411,42.0,0,2
1276,1276,0.0828798847695313,42.0,0,2
1277,1277,0.08296520201464849,42.0,0,2
1278,1278,0.08305051925976567,42.0,0,2
1279,1279,0.08313583650488286,42.0,0,2
1280,1280,0.08322115375000005,42.0,0,2
1281,1281,0.08330647099511725,42.0,0,2
1282,1282,0.08339178824023444,42.0,0,2
1283,1283,0.08347710548535162,42.0,0,2
1284,1284,0.08356242273046881,42.0,0,2
1285,1285,0.083647739975586,42.0,0,2
1286,1286,0.08373305722070318,42.0,0,2
1287,1287,0.08381837446582037,42.0,0,2
1288,1288,0.08390369171093756,42.0,0,2
1289,1289,0.08398900895605474,48.0,0,2
1290,1290,0.08407432620117193,48.0,0,2
1291,1291,0.08415964344628912,48.0,0,2
1292,1292,0.0842449606914063,48.0,0,2
1293,1293,0.08433027793652349,48.0,0,2
1294,1294,0.08441559518164068,48.0,0,2
1295,1295,0.08450091242675786,48.0,0,2
1296,1296,0.08458622967187505,48.0,0,2
1297,1297,0.08467154691699225,48.0,0,2
1298,1298,0.08475686416210942,48.0,0,2
1299,1299,0.08484218140722662,48.0,0,2
1300,1300,0.08492749865234381,48.0,0,2
1301,1301,0.08501281589746099,48.0,0,2
1302,1302,0.08509813314257818,48.0,0,2
1303,1303,0.08518345038769537,48.0,0,2
1304,1304,0.08526876763281255,48.0,0,2
1305,1305,0.08535408487792974,48.0,0,2
1306,1306,0.08543940212304693,48.0,0,2
1307,1307,0.08552471936816411,48.0,0,2
1308,1308,0.0856100366132813,48.0,0,2
1309,1309,0.0856953538583985,48.0,0,2
1310,1310,0.08578067110351567,48.0,0,2
1311,1311,0.08586598834863286,48.0,0,2
1312,1312,0.08595130559375005,48.0,0,2
1313,1313,0.08603662283886725,48.0,0,2
1314,1314,0.08612194008398444,48.0,0,2
1315,1315,0.08620725732910162,48.0,0,2
1316,1316,0.08629257457421881,48.0,0,2
1317,1317,0.086377891819336,48.0,0,2
1318,1318,0.08646320906445318,48.0,0,2
1319,1319,0.08654852630957037,48.0,0,2
1320,1320,0.08663384355468756,48.0,0,2
1321,1321,0.08671916079980474,48.0,0,2
1322,1322,0.08680447804492193,48.0,0,2
1323,1323,0.08688979529003912,48.0,0,2
1324,1324,0.0869751125351563,48.0,0,2
1325,1325,0.0870604297802735,48.0,0,2
1326,1326,0.08714574702539069,48.0,0,2
1327,1327,0.08723106427050786,48.0,0,2
1328,1328,0.08731638151562506,48.0,0,2
1329,1329,0.08740169876074225,48.0,0,2
1330,1330,0.08748701600585942,48.0,0,2
1331,1331,0.08757233325097662,48.0,0,2
1332,1332,0.08765765049609381,48.0,0,2
1333,1333,0.08774296774121099,48.0,0,2
1334,1334,0.08782828498632818,48.0,0,2
1335,1335,0.08791360223144537,48.0,0,2
1336,1336,0.08799891947656255,48.0,0,2
1337,1337,0.08808423672167974,48.0,0,2
1338,1338,0.08816955396679693,48.0,0,2
1339,1339,0.08825487121191411,48.0,0,2
1340,1340,0.0883401884570313,48.0,0,2
1341,1341,0.0884255057021485,48.0,0,2
1342,1342,0.08851082294726567,48.0,0,2
1343,1343,0.08859614019238286,48.0,0,2
1344,1344,0.08868145743750006,48.0,0,2
1345,1345,0.08876677468261725,48.0,0,2
1346,1346,0.08885209192773444,48.0,0,2
1347,1347,0.08893740917285162,48.0,0,2
1348,1348,0.08902272641796881,48.0,0,2
1349,1349,0.089108043663086,48.0,0,2
1350,1350,0.08919336090820318,48.0,0,2
1351,1351,0.08927867815332037,48.0,0,2
1352,1352,0.08936399539843756,48.0,0,2
1353,1353,0.08944931264355474,48.0,0,2
1354,1354,0.08953462988867193,48.0,0,2
1355,1355,0.08961994713378912,48.0,0,2
1356,1356,0.0897052643789063,48.0,0,2
1357,1357,0.0897905816240235,48.0,0,2
1358,1358,0.08987589886914069,48.0,0,2
1359,1359,0.08996121611425786,48.0,0,2
1360,1360,0.09004653335937506,48.0,0,2
1361,1361,0.09013185060449225,48.0,0,2
1362,1362,0.09021716784960943,48.0,0,2
1363,1363,0.09030248509472662,48.0,0,2
1364,1364,0.09038780233984381,48.0,0,2
1365,1365,0.09047311958496099,48.0,0,2
1366,1366,0.09055843683007818,48.0,0,2
1367,1367,0.09064375407519537,48.0,0,2
1368,1368,0.09072907132031255,48.0,0,2
1369,1369,0.09081438856542974,48.0,0,2
1370,1370,0.09089970581054693,48.0,0,2
1371,1371,0.09098502305566411,48.0,0,2
1372,1372,0.0910703403007813,48.0,0,2
1373,1373,0.0911556575458985,48.0,0,2
1374,1374,0.09124097479101567,48.0,0,2
1375,1375,0.09132629203613286,48.0,0,2
1376,1376,0.09141160928125006,48.0,0,2
1377,1377,0.09149692652636725,48.0,0,2
1378,1378,0.09158224377148444,48.0,0,2
1379,1379,0.09166756101660162,48.0,0,2
1380,1380,0.09175287826171881,48.0,0,2
1381,1381,0.091838195506836,48.0,0,2
1382,1382,0.09192351275195318,48.0,0,2
1383,1383,0.09200882999707037,48.0,0,2
1384,1384,0.09209414724218756,48.0,0,2
1385,1385,0.09217946448730474,48.0,0,2
1386,1386,0.09226478173242193,48.0,0,2
1387,1387,0.09235009897753912,48.0,0,2
1388,1388,0.0924354162226563,48.0,0,2
1389,1389,0.0925207334677735,48.0,0,2
1390,1390,0.09260605071289069,48.0,0,2
1391,1391,0.09269136795800786,48.0,0,2
1392,1392,0.09277668520312506,48.0,0,2
1393,1393,0.09286200244824225,48.0,0,2
1394,1394,0.09294731969335943,48.0,0,2
1395,1395,0.09303263693847662,48.0,0,2
1396,1396,0.09311795418359381,48.0,0,2
1397,1397,0.09320327142871099,48.0,0,2
1398,1398,0.09328858867382818,48.0,0,2
1399,1399,0.09337390591894537,48.0,0,2
1400,1400,0.09345922316406255,48.0,0,2
1401,1401,0.09354454040917974,48.0,0,2
1402,1402,0.09362985765429693,48.0,0,2
1403,1403,0.09371517489941411,48.0,0,2
1404,1404,0.0938004921445313,48.0,0,2
1405,1405,0.0938858093896485,48.0,0,2
1406,1406,0.09397112663476567,48.0,0,2
1407,1407,0.09405644387988288,48.0,0,2
1408,1408,0.09414176112500006,48.0,0,2
1409,1409,0.09422707837011723,48.0,0,2
1410,1410,0.09431239561523444,48.0,0,2
1411,1411,0.09439771286035162,48.0,0,2
1412,1412,0.09448303010546881,48.0,0,2
1413,1413,0.094568347350586,48.0,0,2
1414,1414,0.09465366459570318,48.0,0,2
1415,1415,0.09473898184082037,48.0,0,2
1416,1416,0.09482429908593756,48.0,0,2
1417,1417,0.09490961633105474,48.0,0,2
1418,1418,0.09499493357617193,50.0,0,2
1419,1419,0.09508025082128913,50.0,0,2
1420,1420,0.0951655680664063,50.0,0,2
1421,1421,0.0952508853115235,50.0,0,2
1422,1422,0.09533620255664069,50.0,0,2
1423,1423,0.09542151980175786,50.0,0,2
1424,1424,0.09550683704687506,50.0,0,2
1425,1425,0.09559215429199225,50.0,0,2
1426,1426,0.09567747153710943,50.0,0,2
1427,1427,0.09576278878222662,50.0,0,2
1428,1428,0.09584810602734381,50.0,0,2
1429,1429,0.09593342327246099,50.0,0,2
1430,1430,0.09601874051757818,50.0,0,2
1431,1431,0.09610405776269537,50.0,0,2
1432,1432,0.09618937500781255,50.0,0,2
1433,1433,0.09627469225292974,50.0,0,2
1434,1434,0.09636000949804693,50.0,0,2
1435,1435,0.09644532674316411,50.0,0,2
1436,1436,0.0965306439882813,50.0,0,2
1437,1437,0.0966159612333985,50.0,0,2
1438,1438,0.09670127847851567,50.0,0,2
1439,1439,0.09678659572363288,50.0,0,2
1440,1440,0.09687191296875006,50.0,0,2
1441,1441,0.09695723021386723,50.0,0,2
1442,1442,0.09704254745898444,50.0,0,2
1443,1443,0.09712786470410162,50.0,0,2
1444,1444,0.09721318194921881,50.0,0,2
1445,1445,0.097298499194336,50.0,0,2
1446,1446,0.09738381643945318,50.0,0,2
1447,1447,0.09746913368457037,50.0,0,2
1448,1448,0.09755445092968756,50.0,0,2
1449,1449,0.09763976817480474,50.0,0,2
1450,1450,0.09772508541992193,50.0,0,2
1451,1451,0.09781040266503913,50.0,0,2
1452,1452,0.0978957199101563,50.0,0,2
1453,1453,0.0979810371552735,50.0,0,2
1454,1454,0.09806635440039069,50.0,0,2
1455,1455,0.09815167164550787,50.0,0,2
1456,1456,0.09823698889062506,50.0,0,2
1457,1457,0.09832230613574225,50.0,0,2
1458,1458,0.09840762338085943,50.0,0,2
1459,1459,0.09849294062597662,50.0,0,2
1460,1460,0.09857825787109381,50.0,0,2
1461,1461,0.09866357511621099,50.0,0,2
1462,1462,0.09874889236132818,50.0,0,2
1463,1463,0.09883420960644537,50.0,0,2
1464,1464,0.09891952685156255,50.0,0,2
1465,1465,0.09900484409667974,50.0,0,2
1466,1466,0.09909016134179693,50.0,0,2
1467,1467,0.09917547858691411,50.0,0,2
1468,1468,0.0992607958320313,50.0,0,2
1469,1469,0.0993461130771485,50.0,0,2
1470,1470,0.09943143032226567,50.0,0,2
1471,1471,0.09951674756738288,50.0,0,2
1472,1472,0.09960206481250006,50.0,0,2
1473,1473,0.09968738205761724,50.0,0,2
1474,1474,0.09977269930273444,50.0,0,2
1475,1475,0.09985801654785162,50.0,0,2
1476,1476,0.09994333379296881,50.0,0,2
1477,1477,0.100028651038086,50.0,0,2
1478,1478,0.10011396828320318,50.0,0,2
1479,1479,0.10019928552832037,50.0,0,2
1480,1480,0.10028460277343756,50.0,0,2
1481,1481,0.10036992001855474,50.0,0,2
1482,1482,0.10045523726367193,50.0,0,2
1483,1483,0.10054055450878913,50.0,0,2
1484,1484,0.1006258717539063,50.0,0,2
1485,1485,0.1007111889990235,50.0,0,2
1486,1486,0.10079650624414069,50.0,0,2
1487,1487,0.10088182348925787,50.0,0,2
1488,1488,0.10096714073437506,50.0,0,2
1489,1489,0.10105245797949225,50.0,0,2
1490,1490,0.10113777522460943,50.0,0,2
1491,1491,0.10122309246972662,50.0,0,2
1492,1492,0.10130840971484381,50.0,0,2
1493,1493,0.10139372695996099,50.0,0,2
1494,1494,0.10147904420507818,50.0,0,2
1495,1495,0.10156436145019537,50.0,0,2
1496,1496,0.10164967869531255,50.0,0,2
1497,1497,0.10173499594042974,50.0,0,2
1498,1498,0.10182031318554693,50.0,0,2
1499,1499,0.10190563043066411,50.0,0,2
1500,1500,0.1019909476757813,50.0,0,2
1501,1501,0.1020762649208985,50.0,0,2
1502,1502,0.10216158216601567,50.0,0,2
1503,1503,0.10224689941113288,50.0,0,2
1504,1504,0.10233221665625006,50.0,0,2
1505,1505,0.10241753390136724,50.0,0,2
1506,1506,0.10250285114648444,50.0,0,2
1507,1507,0.10258816839160162,50.0,0,2
1508,1508,0.10267348563671881,50.0,0,2
1509,1509,0.102758802881836,50.0,0,2
1510,1510,0.10284412012695318,50.0,0,2
1511,1511,0.10292943737207037,50.0,0,2
1512,1512,0.10301475461718756,50.0,0,2
1513,1513,0.10310007186230474,50.0,0,2
1514,1514,0.10318538910742193,50.0,0,2
1515,1515,0.10327070635253913,50.0,0,2
1516,1516,0.1033560235976563,50.0,0,2
1517,1517,0.1034413408427735,50.0,0,2
1518,1518,0.10352665808789069,50.0,0,2
1519,1519,0.10361197533300787,50.0,0,2
1520,1520,0.10369729257812506,50.0,0,2
1521,1521,0.10378260982324225,50.0,0,2
1522,1522,0.10386792706835943,50.0,0,2
1523,1523,0.10395324431347662,50.0,0,2
1524,1524,0.10403856155859381,50.0,0,2
1525,1525,0.10412387880371099,50.0,0,2
1526,1526,0.10420919604882818,50.0,0,2
1527,1527,0.10429451329394537,50.0,0,2
1528,1528,0.10437983053906255,50.0,0,2
1529,1529,0.10446514778417974,50.0,0,2
1530,1530,0.10455046502929694,50.0,0,2
1531,1531,0.10463578227441411,50.0,0,2
1532,1532,0.1047210995195313,50.0,0,2
1533,1533,0.1048064167646485,50.0,0,2
1534,1534,0.10489173400976567,50.0,0,2
1535,1535,0.10497705125488288,50.0,0,2
1536,1536,0.10506236850000006,50.0,0,2
1537,1537,0.10514768574511724,50.0,0,2
1538,1538,0.10523300299023444,50.0,0,2
1539,1539,0.10531832023535162,50.0,0,2
1540,1540,0.10540363748046881,50.0,0,2
1541,1541,0.105488954725586,50.0,0,2
1542,1542,0.10557427197070318,50.0,0,2
1543,1543,0.10565958921582037,50.0,0,2
1544,1544,0.10574490646093757,50.0,0,2
1545,1545,0.10583022370605474,50.0,0,2
1546,1546,0.10591554095117194,50.0,0,2
1547,1547,0.10600085819628913,50.0,0,2
1548,1548,0.1060861754414063,50.0,0,2
1549,1549,0.1061714926865235,50.0,0,2
1550,1550,0.10625680993164069,50.0,0,2
1551,1551,0.10634212717675787,50.0,0,2
1552,1552,0.10642744442187506,50.0,0,2
1553,1553,0.10651276166699225,50.0,0,2
1554,1554,0.10659807891210943,50.0,0,2
1555,1555,0.10668339615722662,50.0,0,2
1556,1556,0.10676871340234381,50.0,0,2
1557,1557,0.10685403064746099,50.0,0,2
1558,1558,0.10693934789257818,50.0,0,2
1559,1559,0.10702466513769537,50.0,0,2
1560,1560,0.10710998238281255,50.0,0,2
1561,1561,0.10719529962792974,50.0,0,2
1562,1562,0.10728061687304694,50.0,0,2
1563,1563,0.10736593411816411,50.0,0,2
1564,1564,0.1074512513632813,50.0,0,2
1565,1565,0.1075365686083985,50.0,0,2
1566,1566,0.10762188585351568,50.0,0,2
1567,1567,0.10770720309863288,50.0,0,2
1568,1568,0.10779252034375006,50.0,0,2
1569,1569,0.10787783758886724,50.0,0,2
1570,1570,0.10796315483398444,50.0,0,2
1571,1571,0.10804847207910162,50.0,0,2
1572,1572,0.10813378932421881,50.0,0,2
1573,1573,0.108219106569336,50.0,0,2
1574,1574,0.10830442381445318,50.0,0,2
1575,1575,0.10838974105957037,50.0,0,2
1576,1576,0.10847505830468757,50.0,0,2
1577,1577,0.10856037554980474,50.0,0,2
1578,1578,0.10864569279492194,50.0,0,2
1579,1579,0.10873101004003913,50.0,0,2
1580,1580,0.1088163272851563,50.0,0,2
1581,1581,0.1089016445302735,50.0,0,2
1582,1582,0.10898696177539069,50.0,0,2
1583,1583,0.10907227902050787,50.0,0,2
1584,1584,0.10915759626562506,50.0,0,2
1585,1585,0.10924291351074225,50.0,0,2
1586,1586,0.10932823075585943,50.0,0,2
1587,1587,0.10941354800097662,50.0,0,2
1588,1588,0.10949886524609381,50.0,0,2
1589,1589,0.10958418249121099,50.0,0,2
1590,1590,0.10966949973632818,50.0,0,2
1591,1591,0.10975481698144537,50.0,0,2
1592,1592,0.10984013422656255,50.0,0,2
1593,1593,0.10992545147167974,50.0,0,2
1594,1594,0.11001076871679694,50.0,0,2
1595,1595,0.11009608596191411,50.0,0,2
1596,1596,0.1101814032070313,50.0,0,2
1597,1597,0.1102667204521485,50.0,0,2
1598,1598,0.11035203769726568,50.0,0,2
1599,1599,0.11043735494238288,50.0,0,2
1600,1600,0.11052267218750006,50.0,0,2
1601,1601,0.11060798943261724,50.0,0,2
1602,1602,0.11069330667773444,50.0,0,2
1603,1603,0.11077862392285162,50.0,0,2
1604,1604,0.11086394116796881,50.0,0,2
1605,1605,0.110949258413086,50.0,0,2
1606,1606,0.11103457565820318,50.0,0,2
1607,1607,0.11111989290332037,50.0,0,2
1608,1608,0.11120521014843757,50.0,0,2
1609,1609,0.11129052739355474,50.0,0,2
1610,1610,0.11137584463867194,50.0,0,2
1611,1611,0.11146116188378913,50.0,0,2
1612,1612,0.1115464791289063,50.0,0,2
1613,1613,0.1116317963740235,50.0,0,2
1614,1614,0.11171711361914069,50.0,0,2
1615,1615,0.11180243086425787,50.0,0,2
1616,1616,0.11188774810937506,50.0,0,2
1617,1617,0.11197306535449225,50.0,0,2
1618,1618,0.11205838259960943,50.0,0,2
1619,1619,0.11214369984472662,50.0,0,2
1620,1620,0.11222901708984381,50.0,0,2
1621,1621,0.11231433433496099,50.0,0,2
1622,1622,0.11239965158007818,50.0,0,2
1623,1623,0.11248496882519537,50.0,0,2
1624,1624,0.11257028607031255,50.0,0,2
1625,1625,0.11265560331542974,50.0,0,2
1626,1626,0.11274092056054694,50.0,0,2
1627,1627,0.11282623780566411,50.0,0,2
1628,1628,0.1129115550507813,50.0,0,2
1629,1629,0.1129968722958985,50.0,0,2
1630,1630,0.11308218954101568,50.0,0,2
1631,1631,0.11316750678613288,50.0,0,2
1632,1632,0.11325282403125006,50.0,0,2
1633,1633,0.11333814127636724,50.0,0,2
1634,1634,0.11342345852148444,50.0,0,2
1635,1635,0.11350877576660162,50.0,0,2
1636,1636,0.11359409301171881,50.0,0,2
1637,1637,0.113679410256836,50.0,0,2
1638,1638,0.11376472750195318,50.0,0,2
1639,1639,0.11385004474707038,50.0,0,2
1640,1640,0.11393536199218757,50.0,0,2
1641,1641,0.11402067923730475,50.0,0,2
1642,1642,0.11410599648242194,50.0,0,2
1643,1643,0.11419131372753913,50.0,0,2
1644,1644,0.1142766309726563,50.0,0,2
1645,1645,0.1143619482177735,50.0,0,2
1646,1646,0.11444726546289069,50.0,0,2
1647,1647,0.11453258270800787,50.0,0,2
1648,1648,0.11461789995312506,50.0,0,2
1649,1649,0.11470321719824225,50.0,0,2
1650,1650,0.11478853444335943,50.0,0,2
1651,1651,0.11487385168847662,50.0,0,2
1652,1652,0.11495916893359381,50.0,0,2
1653,1653,0.11504448617871099,50.0,0,2
1654,1654,0.11512980342382818,50.0,0,2
1655,1655,0.11521512066894538,50.0,0,2
1656,1656,0.11530043791406255,50.0,0,2
1657,1657,0.11538575515917975,50.0,0,2
1658,1658,0.11547107240429694,50.0,0,2
1659,1659,0.11555638964941412,50.0,0,2
1660,1660,0.11564170689453131,50.0,0,2
1661,1661,0.1157270241396485,50.0,0,2
1662,1662,0.11581234138476568,50.0,0,2
1663,1663,0.11589765862988288,50.0,0,2
1664,1664,0.11598297587500006,50.0,0,2
1665,1665,0.11606829312011724,50.0,0,2
1666,1666,0.11615361036523444,50.0,0,2
1667,1667,0.11623892761035162,50.0,0,2
1668,1668,0.11632424485546881,50.0,0,2
1669,1669,0.116409562100586,50.0,0,2
1670,1670,0.11649487934570318,50.0,0,2
1671,1671,0.11658019659082038,50.0,0,2
1672,1672,0.11666551383593757,50.0,0,2
1673,1673,0.11675083108105475,50.0,0,2
1674,1674,0.11683614832617194,50.0,0,2
1675,1675,0.11692146557128913,50.0,0,2
1676,1676,0.11700678281640631,50.0,0,2
1677,1677,0.1170921000615235,50.0,0,2
1678,1678,0.11717741730664069,50.0,0,2
1679,1679,0.11726273455175787,50.0,0,2
1680,1680,0.11734805179687506,50.0,0,2
1681,1681,0.11743336904199225,50.0,0,2
1682,1682,0.11751868628710943,50.0,0,2
1683,1683,0.11760400353222662,50.0,0,2
1684,1684,0.11768932077734381,50.0,0,2
1685,1685,0.11777463802246099,50.0,0,2
1686,1686,0.11785995526757818,50.0,0,2
1687,1687,0.11794527251269538,50.0,0,2
1688,1688,0.11803058975781255,50.0,0,2
1689,1689,0.11811590700292975,50.0,0,2
1690,1690,0.11820122424804694,50.0,0,2
1691,1691,0.11828654149316412,50.0,0,2
1692,1692,0.11837185873828131,50.0,0,2
1693,1693,0.1184571759833985,50.0,0,2
1694,1694,0.11854249322851568,50.0,0,2
1695,1695,0.11862781047363288,50.0,0,2
1696,1696,0.11871312771875006,50.0,0,2
1697,1697,0.11879844496386724,50.0,0,2
1698,1698,0.11888376220898444,50.0,0,2
1699,1699,0.11896907945410162,50.0,0,2
1700,1700,0.11905439669921881,50.0,0,2
1701,1701,0.119139713944336,50.0,0,2
1702,1702,0.11922503118945318,50.0,0,2
1703,1703,0.11931034843457038,50.0,0,2
1704,1704,0.11939566567968757,50.0,0,2
1705,1705,0.11948098292480475,50.0,0,2
1706,1706,0.11956630016992194,50.0,0,2
1707,1707,0.11965161741503913,50.0,0,2
1708,1708,0.11973693466015631,50.0,0,2
1709,1709,0.1198222519052735,50.0,0,2
1710,1710,0.11990756915039069,50.0,0,2
1711,1711,0.11999288639550787,50.0,0,2
1712,1712,0.12007820364062506,50.0,0,2
1713,1713,0.12016352088574225,50.0,0,2
1714,1714,0.12024883813085943,50.0,0,2
1715,1715,0.12033415537597662,50.0,0,2
1716,1716,0.12041947262109381,50.0,0,2
1717,1717,0.12050478986621099,50.0,0,2
1718,1718,0.12059010711132818,50.0,0,2
1719,1719,0.12067542435644538,50.0,0,2
1720,1720,0.12076074160156255,50.0,0,2
1721,1721,0.12084605884667975,50.0,0,2
1722,1722,0.12093137609179694,50.0,0,2
1723,1723,0.12101669333691412,50.0,0,2
1724,1724,0.12110201058203131,50.0,0,2
1725,1725,0.1211873278271485,50.0,0,2
1726,1726,0.12127264507226568,50.0,0,2
1727,1727,0.12135796231738288,50.0,0,2
1728,1728,0.12144327956250006,50.0,0,2
1729,1729,0.12152859680761724,50.0,0,2
1730,1730,0.12161391405273445,50.0,0,2
1731,1731,0.12169923129785162,50.0,0,2
1732,1732,0.12178454854296882,50.0,0,2
1733,1733,0.12186986578808601,50.0,0,2
1734,1734,0.12195518303320318,50.0,0,2
1735,1735,0.12204050027832038,50.0,0,2
1736,1736,0.12212581752343757,50.0,0,2
1737,1737,0.12221113476855475,50.0,0,2
1738,1738,0.12229645201367194,50.0,0,2
1739,1739,0.12238176925878913,50.0,0,2
1740,1740,0.12246708650390631,50.0,0,2
1741,1741,0.1225524037490235,50.0,0,2
1742,1742,0.12263772099414069,50.0,0,2
1743,1743,0.12272303823925787,50.0,0,2
1744,1744,0.12280835548437506,50.0,0,2
1745,1745,0.12289367272949225,50.0,0,2
1746,1746,0.12297898997460943,50.0,0,2
1747,1747,0.12306430721972662,50.0,0,2
1748,1748,0.12314962446484382,50.0,0,2
1749,1749,0.123234941709961,50.0,0,2
1750,1750,0.12332025895507819,50.0,0,2
1751,1751,0.12340557620019538,50.0,0,2
1752,1752,0.12349089344531256,50.0,0,2
1753,1753,0.12357621069042975,50.0,0,2
1754,1754,0.12366152793554694,50.0,0,2
1755,1755,0.12374684518066412,50.0,0,2
1756,1756,0.12383216242578131,50.0,0,2
1757,1757,0.1239174796708985,50.0,0,2
1758,1758,0.12400279691601569,50.0,0,2
1759,1759,0.12408811416113287,50.0,0,2
1760,1760,0.12417343140625006,50.0,0,2
1761,1761,0.12425874865136725,50.0,0,2
1762,1762,0.12434406589648443,50.0,0,2
1763,1763,0.12442938314160162,50.0,0,2
1764,1764,0.12451470038671882,50.0,0,2
1765,1765,0.124600017631836,50.0,0,2
1766,1766,0.12468533487695319,50.0,0,2
1767,1767,0.12477065212207038,50.0,0,2
1768,1768,0.12485596936718757,50.0,0,2
1769,1769,0.12494128661230475,50.0,0,2
1770,1770,0.12502660385742193,50.0,0,2
1771,1771,0.12511192110253913,50.0,0,2
1772,1772,0.1251972383476563,50.0,0,2
1773,1773,0.12528255559277351,50.0,0,2
1774,1774,0.1253678728378907,50.0,0,2
1775,1775,0.12545319008300787,50.0,0,2
1776,1776,0.12553850732812505,50.0,0,2
1777,1777,0.12562382457324225,50.0,0,2
1778,1778,0.12570914181835943,50.0,0,2
1779,1779,0.12579445906347664,50.0,0,2
1780,1780,0.12587977630859382,50.0,0,2
1781,1781,0.125965093553711,50.0,0,2
1782,1782,0.12605041079882817,50.0,0,2
1783,1783,0.12613572804394538,50.0,0,2
1784,1784,0.12622104528906256,50.0,0,2
1785,1785,0.12630636253417976,50.0,0,2
1786,1786,0.12639167977929694,50.0,0,2
1787,1787,0.12647699702441412,50.0,0,2
1788,1788,0.1265623142695313,50.0,0,2
1789,1789,0.1266476315146485,50.0,0,2
1790,1790,0.1267329487597657,50.0,0,2
1791,1791,0.12681826600488288,50.0,0,2
1792,1792,0.12690358325000006,50.0,0,2
1793,1793,0.12698890049511724,50.0,0,2
1794,1794,0.12707421774023442,50.0,0,2
1795,1795,0.12715953498535162,50.0,0,2
1796,1796,0.12724485223046883,50.0,0,2
1797,1797,0.127330169475586,50.0,0,2
1798,1798,0.12741548672070319,50.0,0,2
1799,1799,0.12750080396582036,50.0,0,2
1800,1800,0.12758612121093757,50.0,0,2
1801,1801,0.12767143845605475,50.0,0,2
1802,1802,0.12775675570117195,50.0,0,2
1803,1803,0.12784207294628913,50.0,0,2
1804,1804,0.1279273901914063,50.0,0,2
1805,1805,0.1280127074365235,50.0,0,2
1806,1806,0.1280980246816407,50.0,0,2
1807,1807,0.12818334192675787,50.0,0,2
1808,1808,0.12826865917187508,50.0,0,2
1809,1809,0.12835397641699225,50.0,0,2
1810,1810,0.12843929366210943,50.0,0,2
1811,1811,0.1285246109072266,50.0,0,2
1812,1812,0.12860992815234382,50.0,0,2
1813,1813,0.128695245397461,50.0,0,2
1814,1814,0.1287805626425782,50.0,0,2
1815,1815,0.12886587988769538,50.0,0,2
1816,1816,0.12895119713281256,50.0,0,2
1817,1817,0.12903651437792973,50.0,0,2
1818,1818,0.12912183162304694,50.0,0,2
1819,1819,0.12920714886816415,50.0,0,2
1820,1820,0.12929246611328132,50.0,0,2
1821,1821,0.1293777833583985,50.0,0,2
1822,1822,0.12946310060351568,50.0,0,2
1823,1823,0.12954841784863286,50.0,0,2
1824,1824,0.12963373509375006,50.0,0,2
1825,1825,0.12971905233886727,50.0,0,2
1826,1826,0.12980436958398445,50.0,0,2
1827,1827,0.12988968682910162,50.0,0,2
1828,1828,0.1299750040742188,50.0,0,2
1829,1829,0.13006032131933598,50.0,0,2
1830,1830,0.1301456385644532,50.0,0,2
1831,1831,0.1302309558095704,50.0,0,2
1832,1832,0.13031627305468757,50.0,0,2
1833,1833,0.13040159029980475,50.0,0,2
1834,1834,0.13048690754492193,50.0,0,2
1835,1835,0.13057222479003913,50.0,0,2
1836,1836,0.1306575420351563,50.0,0,2
1837,1837,0.13074285928027352,50.0,0,2
1838,1838,0.1308281765253907,50.0,0,2
1839,1839,0.13091349377050787,50.0,0,2
1840,1840,0.13099881101562505,50.0,0,2
1841,1841,0.13108412826074226,50.0,0,2
1842,1842,0.13116944550585943,50.0,0,2
1843,1843,0.13125476275097664,50.0,0,2
1844,1844,0.13134007999609382,50.0,0,2
1845,1845,0.131425397241211,50.0,0,2
1846,1846,0.13151071448632817,50.0,0,2
1847,1847,0.13159603173144538,50.0,0,2
1848,1848,0.13168134897656256,50.0,0,2
1849,1849,0.13176666622167976,50.0,0,2
1850,1850,0.13185198346679694,50.0,0,2
1851,1851,0.13193730071191412,50.0,0,2
1852,1852,0.1320226179570313,50.0,0,2
1853,1853,0.1321079352021485,50.0,0,2
1854,1854,0.1321932524472657,50.0,0,2
1855,1855,0.13227856969238289,50.0,0,2
1856,1856,0.13236388693750006,50.0,0,2
1857,1857,0.13244920418261724,50.0,0,2
1858,1858,0.13253452142773442,50.0,0,2
1859,1859,0.13261983867285163,50.0,0,2
1860,1860,0.13270515591796883,50.0,0,2
1861,1861,0.132790473163086,50.0,0,2
1862,1862,0.1328757904082032,50.0,0,2
1863,1863,0.13296110765332037,50.0,0,2
1864,1864,0.13304642489843757,50.0,0,2
1865,1865,0.13313174214355475,50.0,0,2
1866,1866,0.13321705938867195,50.0,0,2
1867,1867,0.13330237663378913,50.0,0,2
1868,1868,0.1333876938789063,50.0,0,2
1869,1869,0.1334730111240235,50.0,0,2
1870,1870,0.1335583283691407,50.0,0,2
1871,1871,0.13364364561425787,50.0,0,2
1872,1872,0.13372896285937508,50.0,0,2
1873,1873,0.13381428010449226,50.0,0,2
1874,1874,0.13389959734960943,50.0,0,2
1875,1875,0.1339849145947266,50.0,0,2
1876,1876,0.13407023183984382,50.0,0,2
1877,1877,0.134155549084961,50.0,0,2
1878,1878,0.1342408663300782,50.0,0,2
1879,1879,0.13432618357519538,50.0,0,2
1880,1880,0.13441150082031256,50.0,0,2
1881,1881,0.13449681806542974,50.0,0,2
1882,1882,0.13458213531054694,50.0,0,2
1883,1883,0.13466745255566415,50.0,0,2
1884,1884,0.13475276980078132,50.0,0,2
1885,1885,0.1348380870458985,50.0,0,2
1886,1886,0.13492340429101568,50.0,0,2
1887,1887,0.13500872153613286,50.0,0,2
1888,1888,0.13509403878125006,50.0,0,2
1889,1889,0.13517935602636727,50.0,0,2
1890,1890,0.13526467327148445,50.0,0,2
1891,1891,0.13534999051660163,50.0,0,2
1892,1892,0.1354353077617188,50.0,0,2
1893,1893,0.13552062500683598,50.0,0,2
1894,1894,0.1356059422519532,50.0,0,2
1895,1895,0.1356912594970704,50.0,0,2
1896,1896,0.13577657674218757,50.0,0,2
1897,1897,0.13586189398730475,50.0,0,2
1898,1898,0.13594721123242193,50.0,0,2
1899,1899,0.13603252847753913,50.0,0,2
1900,1900,0.1361178457226563,50.0,0,2
1901,1901,0.13620316296777352,50.0,0,2
1902,1902,0.1362884802128907,50.0,0,2
1903,1903,0.13637379745800787,50.0,0,2
1904,1904,0.13645911470312505,50.0,0,2
1905,1905,0.13654443194824226,50.0,0,2
1906,1906,0.13662974919335943,50.0,0,2
1907,1907,0.13671506643847664,50.0,0,2
1908,1908,0.13680038368359382,50.0,0,2
1909,1909,0.136885700928711,50.0,0,2
1910,1910,0.13697101817382817,50.0,0,2
1911,1911,0.13705633541894538,50.0,0,2
1912,1912,0.13714165266406256,50.0,0,2
1913,1913,0.13722696990917976,50.0,0,2
1914,1914,0.13731228715429694,50.0,0,2
1915,1915,0.13739760439941412,50.0,0,2
1916,1916,0.1374829216445313,50.0,0,2
1917,1917,0.1375682388896485,50.0,0,2
1918,1918,0.1376535561347657,50.0,0,2
