Iteration,Fitness,Time,State,pop_size,mutation_prob,Population Size,Mutation Rate,run_number
0,535.0,0.01778811700000915,"[4 0 3 3 3 1 3 2 4 0 0 4 2 1 0 1 1 0 1 4 3 0 3 0 2 3 0 1 3 3 3 0 1 1 1 0 2
 4 3 3 2 4 2 0 0 4 0 4 1 4]",200,0.2,200,0.2,0
1,801.0,0.06076553700000886,"[4 3 4 0 0 4 3 4 4 4 2 4 1 2 4 4 3 1 4 3 1 0 2 1 0 1 4 4 3 4 4 4 2 3 4 3 4
 4 0 1 3 3 3 2 3 3 4 2 2 2]",200,0.2,200,0.2,0
2,801.0,0.11305958500000202,"[4 3 4 0 0 4 3 4 4 4 2 4 1 2 4 4 3 1 4 3 1 0 2 1 0 1 4 4 3 4 4 4 2 3 4 3 4
 4 0 1 3 3 3 2 3 3 4 2 2 2]",200,0.2,200,0.2,0
4,817.0,0.21013140300001965,"[3 3 4 4 3 4 4 3 4 4 4 2 4 2 0 3 3 3 1 3 2 1 1 3 0 4 4 4 4 1 2 2 3 2 4 2 3
 3 2 2 0 4 4 2 2 3 0 2 4 3]",200,0.2,200,0.2,0
8,871.0,0.41009041099999877,"[2 0 2 3 3 4 4 1 4 4 3 4 4 1 1 2 3 4 4 2 1 1 2 3 2 4 4 3 4 0 2 3 4 4 3 2 3
 4 4 2 3 4 4 4 4 4 0 4 1 3]",200,0.2,200,0.2,0
16,942.0,0.8544555870000181,"[4 4 4 4 1 4 4 3 4 2 4 4 4 3 4 2 4 2 1 4 1 2 4 3 0 4 4 4 4 4 4 2 2 3 4 3 4
 3 4 4 3 2 3 3 4 0 3 4 4 3]",200,0.2,200,0.2,0
32,1007.0,1.6426435650000144,"[0 3 4 4 1 4 4 2 4 4 4 4 4 3 4 4 3 3 4 4 2 2 1 0 1 4 4 3 4 4 4 4 0 4 4 3 3
 3 4 4 0 4 4 4 4 4 4 4 4 4]",200,0.2,200,0.2,0
64,1076.0,3.2477607940000155,"[4 4 4 4 4 4 3 0 4 4 4 4 4 3 4 4 4 4 4 4 4 1 4 0 4 4 4 0 4 4 4 4 0 4 4 4 4
 1 4 4 0 4 4 4 4 4 4 4 4 4]",200,0.2,200,0.2,0
128,1084.0,6.293540814000011,"[4 4 4 4 4 4 4 0 4 4 4 4 4 4 4 4 4 0 4 4 4 3 4 0 1 4 4 0 4 4 4 4 3 4 4 4 4
 1 4 4 2 4 4 4 4 4 4 4 4 4]",200,0.2,200,0.2,0
256,1084.0,12.120049882000018,"[4 4 4 4 4 4 4 0 4 4 4 4 4 4 4 4 4 0 4 4 4 3 4 0 1 4 4 0 4 4 4 4 3 4 4 4 4
 1 4 4 2 4 4 4 4 4 4 4 4 4]",200,0.2,200,0.2,0
512,1084.0,22.74356750000001,"[4 4 4 4 4 4 4 0 4 4 4 4 4 4 4 4 4 0 4 4 4 3 4 0 1 4 4 0 4 4 4 4 3 4 4 4 4
 1 4 4 2 4 4 4 4 4 4 4 4 4]",200,0.2,200,0.2,0
1024,1084.0,44.39045230700003,"[4 4 4 4 4 4 4 0 4 4 4 4 4 4 4 4 4 0 4 4 4 3 4 0 1 4 4 0 4 4 4 4 3 4 4 4 4
 1 4 4 2 4 4 4 4 4 4 4 4 4]",200,0.2,200,0.2,0
2048,1084.0,93.95518072700003,"[4 4 4 4 4 4 4 0 4 4 4 4 4 4 4 4 4 0 4 4 4 3 4 0 1 4 4 0 4 4 4 4 3 4 4 4 4
 1 4 4 2 4 4 4 4 4 4 4 4 4]",200,0.2,200,0.2,0
4096,1084.0,147.25052463100002,"[4 4 4 4 4 4 4 0 4 4 4 4 4 4 4 4 4 0 4 4 4 3 4 0 1 4 4 0 4 4 4 4 3 4 4 4 4
 1 4 4 2 4 4 4 4 4 4 4 4 4]",200,0.2,200,0.2,0
8192,1084.0,182.42469749100002,"[4 4 4 4 4 4 4 0 4 4 4 4 4 4 4 4 4 0 4 4 4 3 4 0 1 4 4 0 4 4 4 4 3 4 4 4 4
 1 4 4 2 4 4 4 4 4 4 4 4 4]",200,0.2,200,0.2,0
0,535.0,0.008054010000023482,"[4 0 3 3 3 1 3 2 4 0 0 4 2 1 0 1 1 0 1 4 3 0 3 0 2 3 0 1 3 3 3 0 1 1 1 0 2
 4 3 3 2 4 2 0 0 4 0 4 1 4]",200,0.4,200,0.4,0
1,800.0,0.028244913000037286,"[2 3 1 4 0 4 0 3 4 4 1 2 4 4 4 1 4 1 2 4 4 1 4 0 3 3 4 3 4 1 2 3 0 3 4 2 4
 4 3 1 0 4 0 2 3 2 0 4 4 4]",200,0.4,200,0.4,0
2,800.0,0.048181137000028684,"[2 3 1 4 0 4 0 3 4 4 1 2 4 4 4 1 4 1 2 4 4 1 4 0 3 3 4 3 4 1 2 3 0 3 4 2 4
 4 3 1 0 4 0 2 3 2 0 4 4 4]",200,0.4,200,0.4,0
4,817.0,0.08800233300001992,"[1 3 4 1 2 3 3 3 4 2 2 2 3 1 0 4 4 1 3 4 1 4 3 3 4 4 4 4 4 2 4 1 0 2 4 3 2
 0 3 2 0 4 0 4 3 2 3 3 4 4]",200,0.4,200,0.4,0
8,851.0,0.16744586400000117,"[4 1 0 4 4 4 0 3 4 4 2 3 4 2 4 3 3 4 0 4 2 4 2 4 1 1 4 3 2 1 2 4 4 4 3 3 1
 4 3 2 0 4 2 4 3 3 4 4 4 4]",200,0.4,200,0.4,0
16,939.0,0.33325671599999396,"[4 4 4 4 1 4 2 0 4 3 4 4 4 2 4 3 4 2 4 4 2 4 4 2 2 4 1 0 4 2 4 3 3 4 3 3 4
 4 3 4 1 2 3 4 3 4 0 4 4 2]",200,0.4,200,0.4,0
32,1023.0,0.6758597600000371,"[3 4 4 4 4 4 4 1 4 3 4 3 4 2 4 3 3 4 4 4 1 3 4 0 1 4 4 0 4 4 4 3 3 4 4 4 4
 1 3 4 0 4 4 4 3 4 4 4 4 3]",200,0.4,200,0.4,0
64,1077.0,1.3770398940000064,"[4 4 4 4 4 4 4 0 4 4 4 4 4 4 4 4 4 0 4 4 3 3 4 0 0 4 4 0 4 4 4 3 2 4 4 4 4
 2 4 4 3 4 4 4 4 4 4 4 4 4]",200,0.4,200,0.4,0
128,1085.0,2.865347138000004,"[4 4 4 4 4 4 4 0 4 4 4 4 4 4 4 4 4 0 4 4 4 3 4 0 0 4 4 0 4 4 4 4 3 4 4 4 4
 0 4 4 4 4 4 4 4 4 4 4 4 4]",200,0.4,200,0.4,0
256,1085.0,5.630515186000025,"[4 4 4 4 4 4 4 0 4 4 4 4 4 4 4 4 4 0 4 4 4 3 4 0 0 4 4 0 4 4 4 4 3 4 4 4 4
 0 4 4 4 4 4 4 4 4 4 4 4 4]",200,0.4,200,0.4,0
512,1085.0,10.738315199999988,"[4 4 4 4 4 4 4 0 4 4 4 4 4 4 4 4 4 0 4 4 4 3 4 0 0 4 4 0 4 4 4 4 3 4 4 4 4
 0 4 4 4 4 4 4 4 4 4 4 4 4]",200,0.4,200,0.4,0
1024,1085.0,21.375370402000044,"[4 4 4 4 4 4 4 0 4 4 4 4 4 4 4 4 4 0 4 4 4 3 4 0 0 4 4 0 4 4 4 4 3 4 4 4 4
 0 4 4 4 4 4 4 4 4 4 4 4 4]",200,0.4,200,0.4,0
2048,1085.0,43.658120612000005,"[4 4 4 4 4 4 4 0 4 4 4 4 4 4 4 4 4 0 4 4 4 3 4 0 0 4 4 0 4 4 4 4 3 4 4 4 4
 0 4 4 4 4 4 4 4 4 4 4 4 4]",200,0.4,200,0.4,0
4096,1085.0,86.75504972100003,"[4 4 4 4 4 4 4 0 4 4 4 4 4 4 4 4 4 0 4 4 4 3 4 0 0 4 4 0 4 4 4 4 3 4 4 4 4
 0 4 4 4 4 4 4 4 4 4 4 4 4]",200,0.4,200,0.4,0
8192,1085.0,108.71563791299997,"[4 4 4 4 4 4 4 0 4 4 4 4 4 4 4 4 4 0 4 4 4 3 4 0 0 4 4 0 4 4 4 4 3 4 4 4 4
 0 4 4 4 4 4 4 4 4 4 4 4 4]",200,0.4,200,0.4,0
0,535.0,0.01869494400000349,"[4 0 3 3 3 1 3 2 4 0 0 4 2 1 0 1 1 0 1 4 3 0 3 0 2 3 0 1 3 3 3 0 1 1 1 0 2
 4 3 3 2 4 2 0 0 4 0 4 1 4]",400,0.2,400,0.2,0
1,796.0,0.06173315000000912,"[4 3 1 1 3 4 2 3 4 4 1 2 4 3 4 3 4 1 2 4 4 1 4 0 0 3 4 3 4 1 2 2 3 0 4 2 3
 4 1 3 0 4 4 2 2 3 0 2 4 3]",400,0.2,400,0.2,0
2,796.0,0.10419882100006816,"[4 3 1 1 3 4 2 3 4 4 1 2 4 3 4 3 4 1 2 4 4 1 4 0 0 3 4 3 4 1 2 2 3 0 4 2 3
 4 1 3 0 4 4 2 2 3 0 2 4 3]",400,0.2,400,0.2,0
4,796.0,0.21380501999999524,"[4 3 1 1 3 4 2 3 4 4 1 2 4 3 4 3 4 1 2 4 4 1 4 0 0 3 4 3 4 1 2 2 3 0 4 2 3
 4 1 3 0 4 4 2 2 3 0 2 4 3]",400,0.2,400,0.2,0
8,878.0,0.3984472330000699,"[3 1 3 1 3 4 4 3 1 4 1 4 4 4 2 4 3 1 2 4 3 2 4 2 1 3 4 3 4 1 2 0 3 2 4 4 4
 4 2 4 3 4 3 2 4 2 4 4 4 4]",400,0.2,400,0.2,0
16,967.0,0.7562865050000482,"[4 3 4 4 3 4 4 0 4 4 2 4 4 2 4 2 2 4 4 4 3 0 1 1 3 4 3 0 4 3 4 3 4 2 4 4 4
 1 3 3 0 4 4 4 4 2 4 4 4 4]",400,0.2,400,0.2,0
32,1034.0,1.4349914489999946,"[3 4 3 4 1 4 4 1 4 3 4 4 4 2 4 4 4 2 4 4 3 4 1 4 1 4 4 2 4 3 4 0 0 4 4 4 4
 4 4 4 1 4 4 4 4 3 4 4 4 4]",400,0.2,400,0.2,0
64,1076.0,2.902931914000078,"[4 4 4 4 4 4 4 0 4 4 4 4 4 4 4 4 4 1 4 4 3 3 2 0 1 4 4 0 4 4 4 4 3 4 4 4 4
 2 4 4 0 4 4 4 4 4 4 4 4 4]",400,0.2,400,0.2,0
128,1084.0,5.89158188600004,"[4 4 4 4 4 4 4 0 4 4 4 4 4 4 4 4 4 1 4 4 4 3 4 0 3 4 4 0 4 4 4 4 2 4 4 4 4
 0 4 4 1 4 4 4 4 4 4 4 4 4]",400,0.2,400,0.2,0
256,1085.0,11.670886085999996,"[4 4 4 4 4 4 4 0 4 4 4 4 4 4 4 4 4 0 4 4 4 3 4 0 2 4 4 0 4 4 4 4 2 4 4 4 4
 0 4 4 3 4 4 4 4 4 4 4 4 4]",400,0.2,400,0.2,0
512,1085.0,23.063440396000033,"[4 4 4 4 4 4 4 0 4 4 4 4 4 4 4 4 4 0 4 4 4 3 4 0 2 4 4 0 4 4 4 4 2 4 4 4 4
 0 4 4 3 4 4 4 4 4 4 4 4 4]",400,0.2,400,0.2,0
1024,1085.0,47.02607294300003,"[4 4 4 4 4 4 4 0 4 4 4 4 4 4 4 4 4 0 4 4 4 3 4 0 2 4 4 0 4 4 4 4 2 4 4 4 4
 0 4 4 3 4 4 4 4 4 4 4 4 4]",400,0.2,400,0.2,0
2048,1085.0,92.80692916200007,"[4 4 4 4 4 4 4 0 4 4 4 4 4 4 4 4 4 0 4 4 4 3 4 0 2 4 4 0 4 4 4 4 2 4 4 4 4
 0 4 4 3 4 4 4 4 4 4 4 4 4]",400,0.2,400,0.2,0
4096,1085.0,184.25399306999998,"[4 4 4 4 4 4 4 0 4 4 4 4 4 4 4 4 4 0 4 4 4 3 4 0 2 4 4 0 4 4 4 4 2 4 4 4 4
 0 4 4 3 4 4 4 4 4 4 4 4 4]",400,0.2,400,0.2,0
8192,1085.0,235.77602189800007,"[4 4 4 4 4 4 4 0 4 4 4 4 4 4 4 4 4 0 4 4 4 3 4 0 2 4 4 0 4 4 4 4 2 4 4 4 4
 0 4 4 3 4 4 4 4 4 4 4 4 4]",400,0.2,400,0.2,0
0,535.0,0.016403276000005462,"[4 0 3 3 3 1 3 2 4 0 0 4 2 1 0 1 1 0 1 4 3 0 3 0 2 3 0 1 3 3 3 0 1 1 1 0 2
 4 3 3 2 4 2 0 0 4 0 4 1 4]",400,0.4,400,0.4,0
1,796.0,0.05913826000005429,"[4 3 1 1 3 4 2 3 4 4 1 2 4 3 4 3 4 1 2 4 4 1 4 0 0 3 4 3 4 1 2 2 3 0 4 2 3
 4 1 3 0 4 4 2 2 3 0 2 4 3]",400,0.4,400,0.4,0
2,796.0,0.10153939200006334,"[4 3 1 1 3 4 2 3 4 4 1 2 4 3 4 3 4 1 2 4 4 1 4 0 0 3 4 3 4 1 2 2 3 0 4 2 3
 4 1 3 0 4 4 2 2 3 0 2 4 3]",400,0.4,400,0.4,0
4,837.0,0.19051221000006535,"[4 3 3 1 3 2 2 2 4 4 4 4 4 4 4 1 4 2 4 3 4 2 2 2 0 3 4 3 4 1 2 4 0 0 4 3 3
 4 4 1 3 4 4 3 1 0 2 3 4 3]",400,0.4,400,0.4,0
8,896.0,0.36403587699999207,"[4 4 3 3 4 2 2 2 4 1 4 4 4 2 4 3 3 3 4 4 1 0 4 3 1 3 4 2 3 4 4 2 2 3 4 1 3
 3 2 2 4 3 2 4 3 2 3 4 3 4]",400,0.4,400,0.4,0
16,975.0,0.7096254770000314,"[4 4 4 3 1 4 4 3 4 2 3 3 3 4 4 4 3 1 4 4 1 2 0 1 2 2 4 2 3 4 4 3 4 4 4 4 3
 1 4 2 2 4 4 4 4 4 3 4 4 4]",400,0.4,400,0.4,0
32,1055.0,1.405162381000082,"[3 4 4 4 4 4 3 2 4 4 4 4 4 4 4 4 4 2 4 4 4 0 4 1 0 4 4 1 4 4 4 3 0 4 4 4 4
 1 4 2 3 4 4 4 4 4 4 4 4 4]",400,0.4,400,0.4,0
64,1080.0,2.80857220900009,"[4 4 4 4 4 4 4 0 4 4 4 4 4 3 4 4 4 1 4 4 4 4 4 0 1 4 4 0 4 4 4 4 0 4 4 4 4
 1 4 4 3 4 4 4 4 4 4 4 4 4]",400,0.4,400,0.4,0
128,1084.0,5.616896795999992,"[3 4 4 4 4 4 4 0 4 4 4 4 4 4 4 4 4 0 4 4 4 4 4 0 0 4 4 0 4 4 4 4 3 4 4 4 4
 1 4 4 3 4 4 4 4 4 4 4 4 4]",400,0.4,400,0.4,0
256,1084.0,12.614462658000093,"[3 4 4 4 4 4 4 0 4 4 4 4 4 4 4 4 4 0 4 4 4 4 4 0 0 4 4 0 4 4 4 4 3 4 4 4 4
 1 4 4 3 4 4 4 4 4 4 4 4 4]",400,0.4,400,0.4,0
512,1084.0,24.458423631000073,"[3 4 4 4 4 4 4 0 4 4 4 4 4 4 4 4 4 0 4 4 4 4 4 0 0 4 4 0 4 4 4 4 3 4 4 4 4
 1 4 4 3 4 4 4 4 4 4 4 4 4]",400,0.4,400,0.4,0
1024,1084.0,48.669205041000055,"[3 4 4 4 4 4 4 0 4 4 4 4 4 4 4 4 4 0 4 4 4 4 4 0 0 4 4 0 4 4 4 4 3 4 4 4 4
 1 4 4 3 4 4 4 4 4 4 4 4 4]",400,0.4,400,0.4,0
2048,1084.0,98.57786712000006,"[3 4 4 4 4 4 4 0 4 4 4 4 4 4 4 4 4 0 4 4 4 4 4 0 0 4 4 0 4 4 4 4 3 4 4 4 4
 1 4 4 3 4 4 4 4 4 4 4 4 4]",400,0.4,400,0.4,0
4096,1084.0,197.3227517800001,"[3 4 4 4 4 4 4 0 4 4 4 4 4 4 4 4 4 0 4 4 4 4 4 0 0 4 4 0 4 4 4 4 3 4 4 4 4
 1 4 4 3 4 4 4 4 4 4 4 4 4]",400,0.4,400,0.4,0
8192,1084.0,257.97920452200003,"[3 4 4 4 4 4 4 0 4 4 4 4 4 4 4 4 4 0 4 4 4 4 4 0 0 4 4 0 4 4 4 4 3 4 4 4 4
 1 4 4 3 4 4 4 4 4 4 4 4 4]",400,0.4,400,0.4,0
0,535.0,0.051892395999971086,"[4 0 3 3 3 1 3 2 4 0 0 4 2 1 0 1 1 0 1 4 3 0 3 0 2 3 0 1 3 3 3 0 1 1 1 0 2
 4 3 3 2 4 2 0 0 4 0 4 1 4]",1000,0.2,1000,0.2,0
1,796.0,0.21523395200006235,"[4 3 1 1 3 4 2 3 4 4 1 2 4 3 4 3 4 1 2 4 4 1 4 0 0 3 4 3 4 1 2 2 3 0 4 2 3
 4 1 3 0 4 4 2 2 3 0 2 4 3]",1000,0.2,1000,0.2,0
2,796.0,0.36954672499996377,"[4 3 1 1 3 4 2 3 4 4 1 2 4 3 4 3 4 1 2 4 4 1 4 0 0 3 4 3 4 1 2 2 3 0 4 2 3
 4 1 3 0 4 4 2 2 3 0 2 4 3]",1000,0.2,1000,0.2,0
4,826.0,0.6787164380000377,"[1 3 4 2 3 4 0 0 4 4 3 3 4 0 1 4 4 4 4 3 3 3 1 2 3 0 4 2 2 3 2 0 3 2 4 1 4
 2 3 0 2 4 3 4 4 4 4 3 1 2]",1000,0.2,1000,0.2,0
8,886.0,1.2876867549999815,"[3 4 4 4 2 1 3 4 4 4 3 3 3 1 3 4 2 2 2 4 1 3 4 4 0 4 3 1 4 1 4 3 4 0 4 3 4
 3 1 4 1 4 4 4 4 4 0 1 4 4]",1000,0.2,1000,0.2,0
16,976.0,2.477391545000046,"[3 4 4 4 1 4 3 2 4 3 4 3 4 4 3 3 4 2 4 3 3 2 2 4 4 1 4 0 4 4 4 4 3 4 4 3 4
 2 3 4 1 3 4 3 2 4 3 4 4 4]",1000,0.2,1000,0.2,0
32,1047.0,4.8862013220000335,"[4 4 2 3 4 4 4 1 4 4 4 3 4 2 4 4 4 3 4 4 3 2 4 2 1 4 4 0 4 4 4 4 3 2 4 4 4
 1 4 3 0 4 4 4 4 4 4 4 4 4]",1000,0.2,1000,0.2,0
64,1082.0,9.703473277000057,"[3 4 4 4 4 4 4 0 4 4 4 4 4 4 4 4 4 1 4 4 4 4 4 1 3 4 4 0 4 4 4 3 0 4 4 4 4
 0 4 4 3 4 4 4 4 4 4 4 4 4]",1000,0.2,1000,0.2,0
128,1085.0,18.309942475999947,"[4 4 4 4 4 4 4 0 4 4 4 4 4 4 4 4 4 0 4 4 4 2 4 0 2 4 4 0 4 4 4 4 1 4 4 4 4
 1 4 4 4 4 4 4 4 4 4 4 4 4]",1000,0.2,1000,0.2,0
256,1085.0,37.01942727099993,"[4 4 4 4 4 4 4 0 4 4 4 4 4 4 4 4 4 0 4 4 4 2 4 0 2 4 4 0 4 4 4 4 1 4 4 4 4
 1 4 4 4 4 4 4 4 4 4 4 4 4]",1000,0.2,1000,0.2,0
512,1085.0,75.77379151499997,"[4 4 4 4 4 4 4 0 4 4 4 4 4 4 4 4 4 0 4 4 4 2 4 0 2 4 4 0 4 4 4 4 1 4 4 4 4
 1 4 4 4 4 4 4 4 4 4 4 4 4]",1000,0.2,1000,0.2,0
1024,1085.0,144.81888697600004,"[4 4 4 4 4 4 4 0 4 4 4 4 4 4 4 4 4 0 4 4 4 2 4 0 2 4 4 0 4 4 4 4 1 4 4 4 4
 1 4 4 4 4 4 4 4 4 4 4 4 4]",1000,0.2,1000,0.2,0
2048,1085.0,280.7966311409999,"[4 4 4 4 4 4 4 0 4 4 4 4 4 4 4 4 4 0 4 4 4 2 4 0 2 4 4 0 4 4 4 4 1 4 4 4 4
 1 4 4 4 4 4 4 4 4 4 4 4 4]",1000,0.2,1000,0.2,0
4096,1085.0,541.867165899,"[4 4 4 4 4 4 4 0 4 4 4 4 4 4 4 4 4 0 4 4 4 2 4 0 2 4 4 0 4 4 4 4 1 4 4 4 4
 1 4 4 4 4 4 4 4 4 4 4 4 4]",1000,0.2,1000,0.2,0
8192,1085.0,666.933254849,"[4 4 4 4 4 4 4 0 4 4 4 4 4 4 4 4 4 0 4 4 4 2 4 0 2 4 4 0 4 4 4 4 1 4 4 4 4
 1 4 4 4 4 4 4 4 4 4 4 4 4]",1000,0.2,1000,0.2,0
0,535.0,0.044801598000049125,"[4 0 3 3 3 1 3 2 4 0 0 4 2 1 0 1 1 0 1 4 3 0 3 0 2 3 0 1 3 3 3 0 1 1 1 0 2
 4 3 3 2 4 2 0 0 4 0 4 1 4]",1000,0.4,1000,0.4,0
1,796.0,0.16486890500004847,"[4 3 1 1 3 4 2 3 4 4 1 2 4 3 4 3 4 1 2 4 4 1 4 0 0 3 4 3 4 1 2 2 3 0 4 2 3
 4 1 3 0 4 4 2 2 3 0 2 4 3]",1000,0.4,1000,0.4,0
2,835.0,0.2845610830001988,"[4 4 3 0 4 4 3 4 4 4 4 1 2 2 2 4 4 4 4 3 3 1 2 4 4 3 4 2 2 2 3 3 3 4 1 2 1
 4 4 1 2 0 2 4 4 3 3 4 3 4]",1000,0.4,1000,0.4,0
4,859.0,0.5390178610000476,"[4 4 3 0 4 4 4 4 4 4 4 4 2 4 2 4 4 0 4 3 3 2 2 2 4 3 4 3 2 4 4 4 3 2 1 2 2
 2 0 1 2 4 2 4 4 3 3 2 3 4]",1000,0.4,1000,0.4,0
8,915.0,1.0243753250001646,"[3 3 0 1 4 4 4 4 4 3 0 4 4 4 1 4 4 0 4 4 4 4 3 3 4 4 4 1 4 1 2 3 4 2 4 4 3
 4 4 4 0 2 4 4 1 4 3 4 3 3]",1000,0.4,1000,0.4,0
16,980.0,1.995160106000185,"[0 4 4 3 4 4 3 1 4 4 4 4 2 3 4 4 4 3 1 4 0 3 0 3 0 3 4 2 4 1 3 3 4 4 4 2 4
 3 2 4 3 4 4 4 3 3 4 4 4 4]",1000,0.4,1000,0.4,0
32,1046.0,3.920786268000029,"[1 4 4 4 3 4 4 1 4 3 4 4 3 4 3 4 4 3 4 4 4 2 4 0 2 4 4 0 4 2 4 3 2 4 4 4 4
 1 4 4 3 4 4 4 3 4 4 4 4 4]",1000,0.4,1000,0.4,0
64,1082.0,7.741139499000155,"[4 4 4 4 4 4 4 0 4 4 4 4 4 4 4 4 4 3 4 4 4 2 4 0 0 4 4 0 4 4 4 3 1 4 4 4 4
 1 4 4 4 4 4 4 4 4 4 4 4 4]",1000,0.4,1000,0.4,0
128,1085.0,15.543255714999987,"[4 4 4 4 4 4 4 0 4 4 4 4 4 4 4 4 4 1 4 4 4 2 4 0 1 4 4 0 4 4 4 4 2 4 4 4 4
 0 4 4 4 4 4 4 4 4 4 4 4 4]",1000,0.4,1000,0.4,0
256,1085.0,30.96826431300019,"[4 4 4 4 4 4 4 0 4 4 4 4 4 4 4 4 4 1 4 4 4 2 4 0 1 4 4 0 4 4 4 4 2 4 4 4 4
 0 4 4 4 4 4 4 4 4 4 4 4 4]",1000,0.4,1000,0.4,0
512,1085.0,61.75119810199999,"[4 4 4 4 4 4 4 0 4 4 4 4 4 4 4 4 4 1 4 4 4 2 4 0 1 4 4 0 4 4 4 4 2 4 4 4 4
 0 4 4 4 4 4 4 4 4 4 4 4 4]",1000,0.4,1000,0.4,0
1024,1085.0,123.09101915500014,"[4 4 4 4 4 4 4 0 4 4 4 4 4 4 4 4 4 1 4 4 4 2 4 0 1 4 4 0 4 4 4 4 2 4 4 4 4
 0 4 4 4 4 4 4 4 4 4 4 4 4]",1000,0.4,1000,0.4,0
2048,1085.0,246.14978556100004,"[4 4 4 4 4 4 4 0 4 4 4 4 4 4 4 4 4 1 4 4 4 2 4 0 1 4 4 0 4 4 4 4 2 4 4 4 4
 0 4 4 4 4 4 4 4 4 4 4 4 4]",1000,0.4,1000,0.4,0
4096,1085.0,535.6297208330002,"[4 4 4 4 4 4 4 0 4 4 4 4 4 4 4 4 4 1 4 4 4 2 4 0 1 4 4 0 4 4 4 4 2 4 4 4 4
 0 4 4 4 4 4 4 4 4 4 4 4 4]",1000,0.4,1000,0.4,0
8192,1085.0,657.5471653509999,"[4 4 4 4 4 4 4 0 4 4 4 4 4 4 4 4 4 1 4 4 4 2 4 0 1 4 4 0 4 4 4 4 2 4 4 4 4
 0 4 4 4 4 4 4 4 4 4 4 4 4]",1000,0.4,1000,0.4,0
0,535.0,0.10731235699995523,"[4 0 3 3 3 1 3 2 4 0 0 4 2 1 0 1 1 0 1 4 3 0 3 0 2 3 0 1 3 3 3 0 1 1 1 0 2
 4 3 3 2 4 2 0 0 4 0 4 1 4]",2500,0.2,2500,0.2,0
1,796.0,0.450341901000229,"[4 3 1 1 3 4 2 3 4 4 1 2 4 3 4 3 4 1 2 4 4 1 4 0 0 3 4 3 4 1 2 2 3 0 4 2 3
 4 1 3 0 4 4 2 2 3 0 2 4 3]",2500,0.2,2500,0.2,0
2,814.0,0.7883795860002465,"[1 4 2 2 3 0 4 1 3 0 4 2 3 4 1 4 1 0 3 4 0 1 2 3 3 2 4 1 4 3 4 2 4 4 2 1 3
 4 3 0 4 4 3 4 4 4 0 3 4 4]",2500,0.2,2500,0.2,0
4,892.0,1.4977705820001574,"[2 3 2 4 3 1 0 1 4 2 2 3 1 4 4 4 4 0 2 4 2 4 4 3 3 3 4 3 3 4 1 3 4 1 4 4 4
 4 1 3 2 4 4 4 3 4 1 4 4 4]",2500,0.2,2500,0.2,0
8,911.0,3.183610171000055,"[2 4 0 4 4 2 0 2 2 4 4 4 4 1 4 4 3 0 2 3 4 4 2 1 2 3 4 0 4 2 3 4 3 3 4 4 3
 1 4 3 3 4 2 4 4 4 1 3 3 3]",2500,0.2,2500,0.2,0
16,978.0,6.159609342999829,"[2 4 4 3 4 4 1 1 4 4 3 4 4 4 4 4 4 0 2 4 3 0 4 2 4 4 4 3 3 1 3 3 3 4 4 4 4
 3 3 1 3 4 4 4 3 3 4 2 4 3]",2500,0.2,2500,0.2,0
32,1054.0,12.137263989000076,"[3 4 4 4 4 4 4 2 4 4 4 4 4 3 4 4 4 2 4 4 4 2 3 0 0 4 4 4 4 4 4 4 0 4 4 4 4
 0 4 4 1 3 4 4 4 4 4 4 4 4]",2500,0.2,2500,0.2,0
64,1081.0,23.772098537000147,"[4 4 4 4 4 4 4 0 4 4 4 4 4 3 4 4 4 0 4 4 4 1 4 0 4 4 4 0 4 4 4 4 3 4 4 4 4
 0 4 4 1 4 4 4 4 4 4 4 4 4]",2500,0.2,2500,0.2,0
128,1085.0,47.553502693000155,"[3 4 4 4 4 4 4 0 4 4 4 4 4 4 4 4 4 0 4 4 4 4 4 0 4 4 4 0 4 4 4 4 0 4 4 4 4
 0 4 4 3 4 4 4 4 4 4 4 4 4]",2500,0.2,2500,0.2,0
256,1085.0,108.40877509200027,"[3 4 4 4 4 4 4 0 4 4 4 4 4 4 4 4 4 0 4 4 4 4 4 0 4 4 4 0 4 4 4 4 0 4 4 4 4
 0 4 4 3 4 4 4 4 4 4 4 4 4]",2500,0.2,2500,0.2,0
512,1085.0,198.636051855,"[3 4 4 4 4 4 4 0 4 4 4 4 4 4 4 4 4 0 4 4 4 4 4 0 4 4 4 0 4 4 4 4 0 4 4 4 4
 0 4 4 3 4 4 4 4 4 4 4 4 4]",2500,0.2,2500,0.2,0
1024,1085.0,376.0013367350002,"[3 4 4 4 4 4 4 0 4 4 4 4 4 4 4 4 4 0 4 4 4 4 4 0 4 4 4 0 4 4 4 4 0 4 4 4 4
 0 4 4 3 4 4 4 4 4 4 4 4 4]",2500,0.2,2500,0.2,0
2048,1085.0,712.2823584940002,"[3 4 4 4 4 4 4 0 4 4 4 4 4 4 4 4 4 0 4 4 4 4 4 0 4 4 4 0 4 4 4 4 0 4 4 4 4
 0 4 4 3 4 4 4 4 4 4 4 4 4]",2500,0.2,2500,0.2,0
4096,1085.0,1367.4874632760002,"[3 4 4 4 4 4 4 0 4 4 4 4 4 4 4 4 4 0 4 4 4 4 4 0 4 4 4 0 4 4 4 4 0 4 4 4 4
 0 4 4 3 4 4 4 4 4 4 4 4 4]",2500,0.2,2500,0.2,0
8192,1085.0,1686.534217085,"[3 4 4 4 4 4 4 0 4 4 4 4 4 4 4 4 4 0 4 4 4 4 4 0 4 4 4 0 4 4 4 4 0 4 4 4 4
 0 4 4 3 4 4 4 4 4 4 4 4 4]",2500,0.2,2500,0.2,0
0,535.0,0.10636539999995875,"[4 0 3 3 3 1 3 2 4 0 0 4 2 1 0 1 1 0 1 4 3 0 3 0 2 3 0 1 3 3 3 0 1 1 1 0 2
 4 3 3 2 4 2 0 0 4 0 4 1 4]",2500,0.4,2500,0.4,0
1,796.0,0.42159385799959637,"[4 3 1 1 3 4 2 3 4 4 1 2 4 3 4 3 4 1 2 4 4 1 4 0 0 3 4 3 4 1 2 2 3 0 4 2 3
 4 1 3 0 4 4 2 2 3 0 2 4 3]",2500,0.4,2500,0.4,0
2,836.0,0.7378347889998622,"[3 3 4 2 3 4 3 1 3 3 4 3 3 4 4 3 4 4 4 0 1 1 1 1 4 4 3 2 4 4 2 1 1 3 3 4 1
 2 3 3 1 3 3 4 4 3 0 4 4 1]",2500,0.4,2500,0.4,0
4,880.0,1.3677506409999296,"[0 4 3 4 3 1 2 3 3 3 4 4 2 2 4 4 1 3 3 4 2 1 2 4 4 3 4 4 4 2 3 3 3 4 3 2 4
 1 4 0 0 4 4 4 4 1 3 4 2 4]",2500,0.4,2500,0.4,0
8,898.0,2.6361561439998695,"[3 4 2 2 4 4 4 4 0 4 2 4 4 2 3 4 4 1 2 4 0 4 4 1 4 3 4 0 1 0 4 4 2 0 4 1 4
 2 4 2 3 3 4 4 2 4 4 4 4 4]",2500,0.4,2500,0.4,0
16,973.0,5.102723171999969,"[2 4 4 4 3 2 2 0 3 3 4 4 4 1 4 2 3 2 4 4 4 4 4 4 1 4 4 1 3 3 3 1 4 2 4 3 4
 3 2 3 4 4 4 4 4 4 2 4 4 4]",2500,0.4,2500,0.4,0
32,1042.0,10.13811745599969,"[4 4 3 2 4 4 3 0 4 4 4 3 4 4 4 3 4 3 4 4 3 1 3 0 3 4 4 0 4 4 4 0 2 3 4 4 4
 4 3 4 3 4 4 4 4 4 4 4 4 4]",2500,0.4,2500,0.4,0
64,1083.0,20.121758480999688,"[3 4 4 4 4 4 4 0 4 4 4 4 4 4 4 4 4 1 4 4 4 0 4 0 2 4 4 0 4 4 4 4 2 4 4 4 4
 1 4 4 4 4 4 4 4 4 4 4 4 4]",2500,0.4,2500,0.4,0
128,1085.0,40.153501261999736,"[3 4 4 4 4 4 4 0 4 4 4 4 4 4 4 4 4 0 4 4 4 4 4 0 3 4 4 0 4 4 4 4 0 4 4 4 4
 0 4 4 4 4 4 4 4 4 4 4 4 4]",2500,0.4,2500,0.4,0
256,1085.0,80.09057308799993,"[3 4 4 4 4 4 4 0 4 4 4 4 4 4 4 4 4 0 4 4 4 4 4 0 3 4 4 0 4 4 4 4 0 4 4 4 4
 0 4 4 4 4 4 4 4 4 4 4 4 4]",2500,0.4,2500,0.4,0
512,1085.0,159.98596629299982,"[3 4 4 4 4 4 4 0 4 4 4 4 4 4 4 4 4 0 4 4 4 4 4 0 3 4 4 0 4 4 4 4 0 4 4 4 4
 0 4 4 4 4 4 4 4 4 4 4 4 4]",2500,0.4,2500,0.4,0
1024,1085.0,319.9346094769994,"[3 4 4 4 4 4 4 0 4 4 4 4 4 4 4 4 4 0 4 4 4 4 4 0 3 4 4 0 4 4 4 4 0 4 4 4 4
 0 4 4 4 4 4 4 4 4 4 4 4 4]",2500,0.4,2500,0.4,0
2048,1085.0,640.0285593559997,"[3 4 4 4 4 4 4 0 4 4 4 4 4 4 4 4 4 0 4 4 4 4 4 0 3 4 4 0 4 4 4 4 0 4 4 4 4
 0 4 4 4 4 4 4 4 4 4 4 4 4]",2500,0.4,2500,0.4,0
4096,1085.0,1281.9052727209996,"[3 4 4 4 4 4 4 0 4 4 4 4 4 4 4 4 4 0 4 4 4 4 4 0 3 4 4 0 4 4 4 4 0 4 4 4 4
 0 4 4 4 4 4 4 4 4 4 4 4 4]",2500,0.4,2500,0.4,0
8192,1085.0,1588.1160898249996,"[3 4 4 4 4 4 4 0 4 4 4 4 4 4 4 4 4 0 4 4 4 4 4 0 3 4 4 0 4 4 4 4 0 4 4 4 4
 0 4 4 4 4 4 4 4 4 4 4 4 4]",2500,0.4,2500,0.4,0
0,587.0,0.008340852999936033,"[3 4 0 1 3 0 0 1 4 4 1 2 4 2 4 3 4 2 4 2 4 1 1 0 1 1 1 1 0 4 1 0 0 3 2 1 0
 3 1 1 3 4 0 1 3 4 2 4 0 3]",200,0.2,200,0.2,1
1,764.0,0.030411175999688567,"[0 1 2 1 2 2 2 0 2 0 4 4 3 3 3 2 4 2 0 4 1 2 3 4 3 4 4 4 1 3 4 0 3 4 3 4 3
 3 4 4 2 4 3 2 4 2 0 0 3 4]",200,0.2,200,0.2,1
2,775.0,0.05242619599994214,"[4 4 2 3 3 2 3 4 3 2 3 4 2 1 4 3 2 2 0 3 2 2 0 3 3 1 2 3 1 4 4 4 4 3 3 4 2
 1 0 0 2 4 4 4 4 4 1 4 0 2]",200,0.2,200,0.2,1
4,806.0,0.09989782399952674,"[2 4 0 4 1 4 3 1 4 4 3 0 4 2 1 2 3 2 4 4 4 0 4 4 3 4 2 1 2 0 4 1 3 0 4 4 3
 2 4 4 3 1 4 3 4 4 1 3 3 1]",200,0.2,200,0.2,1
8,850.0,0.18843682299939246,"[1 0 3 4 1 2 0 0 4 2 2 4 2 2 4 4 4 4 4 4 0 4 2 4 3 4 4 0 2 2 4 4 2 2 4 2 4
 3 0 3 4 4 3 3 4 1 3 2 4 4]",200,0.2,200,0.2,1
16,986.0,0.36923890999969444,"[3 3 4 4 2 2 2 0 4 4 3 4 4 4 2 4 4 3 3 4 3 0 2 2 4 4 4 2 4 3 3 3 4 4 4 4 3
 3 3 3 3 4 4 4 4 4 1 4 4 2]",200,0.2,200,0.2,1
32,1024.0,0.7310409319998143,"[4 4 3 4 4 4 1 0 4 4 3 4 4 4 4 3 4 2 4 4 4 2 1 1 3 4 4 0 4 3 3 3 2 4 4 4 4
 2 2 4 2 4 4 4 4 4 4 4 2 4]",200,0.2,200,0.2,1
64,1071.0,1.4602363459998742,"[2 4 4 4 4 4 4 0 4 4 4 4 4 4 4 4 4 0 4 4 4 3 4 1 0 4 4 0 4 4 4 4 3 4 4 4 4
 2 2 4 2 4 4 4 4 4 4 4 4 4]",200,0.2,200,0.2,1
128,1083.0,2.8905688609993376,"[4 4 4 4 4 4 4 0 4 4 4 4 4 4 4 4 4 2 4 4 4 3 4 0 1 4 4 0 4 4 4 4 2 4 4 4 4
 0 4 4 2 4 4 4 4 4 4 4 4 4]",200,0.2,200,0.2,1
256,1084.0,5.743093108999346,"[4 4 4 4 4 4 4 0 4 4 4 4 4 4 4 4 4 2 4 4 4 2 4 0 2 4 4 0 4 4 4 4 2 4 4 4 4
 0 4 4 2 4 4 4 4 4 4 4 4 4]",200,0.2,200,0.2,1
512,1084.0,11.493433980999725,"[4 4 4 4 4 4 4 0 4 4 4 4 4 4 4 4 4 2 4 4 4 2 4 0 2 4 4 0 4 4 4 4 2 4 4 4 4
 0 4 4 2 4 4 4 4 4 4 4 4 4]",200,0.2,200,0.2,1
1024,1084.0,22.965523980999933,"[4 4 4 4 4 4 4 0 4 4 4 4 4 4 4 4 4 2 4 4 4 2 4 0 2 4 4 0 4 4 4 4 2 4 4 4 4
 0 4 4 2 4 4 4 4 4 4 4 4 4]",200,0.2,200,0.2,1
2048,1084.0,45.940229828000156,"[4 4 4 4 4 4 4 0 4 4 4 4 4 4 4 4 4 2 4 4 4 2 4 0 2 4 4 0 4 4 4 4 2 4 4 4 4
 0 4 4 2 4 4 4 4 4 4 4 4 4]",200,0.2,200,0.2,1
4096,1084.0,92.1123827880001,"[4 4 4 4 4 4 4 0 4 4 4 4 4 4 4 4 4 2 4 4 4 2 4 0 2 4 4 0 4 4 4 4 2 4 4 4 4
 0 4 4 2 4 4 4 4 4 4 4 4 4]",200,0.2,200,0.2,1
8192,1084.0,116.01526750299945,"[4 4 4 4 4 4 4 0 4 4 4 4 4 4 4 4 4 2 4 4 4 2 4 0 2 4 4 0 4 4 4 4 2 4 4 4 4
 0 4 4 2 4 4 4 4 4 4 4 4 4]",200,0.2,200,0.2,1
0,587.0,0.008607448000475415,"[3 4 0 1 3 0 0 1 4 4 1 2 4 2 4 3 4 2 4 2 4 1 1 0 1 1 1 1 0 4 1 0 0 3 2 1 0
 3 1 1 3 4 0 1 3 4 2 4 0 3]",200,0.4,200,0.4,1
1,761.0,0.030630828000539623,"[0 1 4 3 2 4 2 0 3 0 4 4 4 3 3 4 4 0 0 4 2 2 3 4 3 0 1 4 1 1 4 0 0 4 3 4 3
 3 4 3 1 4 4 4 2 1 1 1 3 4]",200,0.4,200,0.4,1
2,781.0,0.05294899599994096,"[0 4 4 0 2 2 2 2 4 4 3 3 3 4 2 0 4 3 4 2 2 3 3 2 3 4 3 0 2 1 3 3 4 4 4 2 4
 2 0 3 4 0 4 4 4 2 3 1 3 2]",200,0.4,200,0.4,1
4,874.0,0.09737543900064338,"[1 4 4 2 3 4 3 0 3 4 4 3 4 2 4 4 4 1 2 3 0 1 4 3 4 4 4 4 4 4 4 1 1 4 3 4 3
 4 2 0 2 4 1 4 4 0 2 1 3 3]",200,0.4,200,0.4,1
8,884.0,0.18599403000007442,"[1 4 3 4 3 4 3 2 2 2 4 3 2 1 1 3 4 2 2 4 4 2 1 4 4 4 4 0 3 4 2 3 1 4 4 4 3
 2 1 0 2 2 4 4 4 1 4 4 4 4]",200,0.4,200,0.4,1
16,973.0,0.3628885719999744,"[2 2 3 3 4 4 1 0 3 4 3 4 3 2 4 4 3 2 2 4 4 2 0 2 4 4 3 0 4 3 4 1 4 4 4 4 4
 3 4 3 4 2 4 4 4 3 4 4 4 4]",200,0.4,200,0.4,1
32,1043.0,0.7139232119998269,"[4 4 4 4 4 4 2 0 4 4 4 4 4 4 4 4 4 2 2 4 3 2 1 2 4 4 4 0 4 3 4 1 4 4 4 3 4
 3 4 4 1 2 4 4 4 4 4 4 4 4]",200,0.4,200,0.4,1
64,1080.0,1.4038003740006388,"[4 4 4 4 4 4 4 0 4 4 4 4 4 4 4 4 4 2 4 4 3 2 4 0 2 4 4 0 4 4 4 3 1 4 4 4 4
 2 4 4 2 4 4 4 4 4 4 4 4 4]",200,0.4,200,0.4,1
128,1083.0,2.7658045590005713,"[4 4 4 4 4 4 4 0 4 4 4 4 4 4 4 4 4 2 4 4 4 1 4 0 2 4 4 0 4 4 4 4 1 4 4 4 4
 2 4 4 2 4 4 4 4 4 4 4 4 4]",200,0.4,200,0.4,1
256,1083.0,5.549380116000066,"[4 4 4 4 4 4 4 0 4 4 4 4 4 4 4 4 4 2 4 4 4 1 4 0 2 4 4 0 4 4 4 4 1 4 4 4 4
 2 4 4 2 4 4 4 4 4 4 4 4 4]",200,0.4,200,0.4,1
512,1083.0,11.073459701000502,"[4 4 4 4 4 4 4 0 4 4 4 4 4 4 4 4 4 2 4 4 4 1 4 0 2 4 4 0 4 4 4 4 1 4 4 4 4
 2 4 4 2 4 4 4 4 4 4 4 4 4]",200,0.4,200,0.4,1
1024,1083.0,22.23274631700042,"[4 4 4 4 4 4 4 0 4 4 4 4 4 4 4 4 4 2 4 4 4 1 4 0 2 4 4 0 4 4 4 4 1 4 4 4 4
 2 4 4 2 4 4 4 4 4 4 4 4 4]",200,0.4,200,0.4,1
2048,1083.0,44.60755039700052,"[4 4 4 4 4 4 4 0 4 4 4 4 4 4 4 4 4 2 4 4 4 1 4 0 2 4 4 0 4 4 4 4 1 4 4 4 4
 2 4 4 2 4 4 4 4 4 4 4 4 4]",200,0.4,200,0.4,1
4096,1083.0,89.48790984000061,"[4 4 4 4 4 4 4 0 4 4 4 4 4 4 4 4 4 2 4 4 4 1 4 0 2 4 4 0 4 4 4 4 1 4 4 4 4
 2 4 4 2 4 4 4 4 4 4 4 4 4]",200,0.4,200,0.4,1
8192,1083.0,111.04360237299989,"[4 4 4 4 4 4 4 0 4 4 4 4 4 4 4 4 4 2 4 4 4 1 4 0 2 4 4 0 4 4 4 4 1 4 4 4 4
 2 4 4 2 4 4 4 4 4 4 4 4 4]",200,0.4,200,0.4,1
0,587.0,0.016354920000594575,"[3 4 0 1 3 0 0 1 4 4 1 2 4 2 4 3 4 2 4 2 4 1 1 0 1 1 1 1 0 4 1 0 0 3 2 1 0
 3 1 1 3 4 0 1 3 4 2 4 0 3]",400,0.2,400,0.2,1
1,763.0,0.06055159000061394,"[2 0 1 4 4 3 2 1 3 0 3 4 3 3 3 3 4 3 2 3 0 1 2 0 4 4 3 3 3 0 3 4 4 3 3 4 2
 2 3 0 3 4 2 1 2 1 3 4 0 4]",400,0.2,400,0.2,1
2,779.0,0.10488885700033279,"[2 0 3 4 3 2 2 3 4 4 4 3 4 4 0 0 1 3 3 3 1 2 2 0 4 3 4 0 3 0 3 3 4 4 4 4 4
 2 3 3 4 3 1 4 2 0 3 0 4 4]",400,0.2,400,0.2,1
4,810.0,0.19261232400003792,"[0 1 4 3 3 4 4 0 3 1 4 4 4 3 3 4 4 0 3 4 2 2 3 4 3 1 1 4 1 1 4 3 2 4 3 4 3
 2 4 3 1 4 4 4 2 1 1 1 2 4]",400,0.2,400,0.2,1
8,910.0,0.3691245140007595,"[0 3 3 4 3 1 1 4 2 0 4 3 4 4 4 4 3 2 4 4 0 3 3 2 4 4 4 1 3 4 3 4 0 4 4 4 4
 4 4 1 3 3 4 1 4 4 4 4 2 4]",400,0.2,400,0.2,1
16,958.0,0.7234785610007748,"[1 1 4 4 3 2 3 0 3 2 3 4 4 4 4 4 2 3 4 4 4 2 3 0 4 4 4 4 4 2 3 4 4 4 3 4 4
 1 1 3 0 4 4 4 4 3 4 4 4 4]",400,0.2,400,0.2,1
32,1044.0,1.4375205690002986,"[4 4 4 4 4 4 4 0 4 3 4 4 4 4 4 4 4 0 3 4 2 1 4 0 0 4 4 2 4 4 3 3 1 4 4 4 4
 1 4 4 4 4 4 4 4 3 4 4 4 4]",400,0.2,400,0.2,1
64,1081.0,2.9025719330002175,"[2 4 4 4 4 4 3 0 4 4 4 4 4 4 4 4 4 2 4 4 4 3 4 0 3 4 4 0 4 4 4 4 1 4 4 4 4
 0 4 4 3 4 4 4 4 4 4 4 4 4]",400,0.2,400,0.2,1
128,1084.0,5.7947936250002385,"[4 4 4 4 4 4 4 0 4 4 4 4 4 4 4 4 4 2 4 4 4 1 4 0 2 4 4 0 4 4 4 4 0 4 4 4 4
 1 4 4 4 4 4 4 4 4 4 4 4 4]",400,0.2,400,0.2,1
256,1085.0,11.57934966600078,"[4 4 4 4 4 4 4 0 4 4 4 4 4 4 4 4 4 0 4 4 4 3 4 0 1 4 4 0 4 4 4 4 2 4 4 4 4
 0 4 4 4 4 4 4 4 4 4 4 4 4]",400,0.2,400,0.2,1
512,1085.0,23.17717794300006,"[4 4 4 4 4 4 4 0 4 4 4 4 4 4 4 4 4 0 4 4 4 3 4 0 1 4 4 0 4 4 4 4 2 4 4 4 4
 0 4 4 4 4 4 4 4 4 4 4 4 4]",400,0.2,400,0.2,1
1024,1085.0,46.336850407000384,"[4 4 4 4 4 4 4 0 4 4 4 4 4 4 4 4 4 0 4 4 4 3 4 0 1 4 4 0 4 4 4 4 2 4 4 4 4
 0 4 4 4 4 4 4 4 4 4 4 4 4]",400,0.2,400,0.2,1
2048,1085.0,92.68076963000021,"[4 4 4 4 4 4 4 0 4 4 4 4 4 4 4 4 4 0 4 4 4 3 4 0 1 4 4 0 4 4 4 4 2 4 4 4 4
 0 4 4 4 4 4 4 4 4 4 4 4 4]",400,0.2,400,0.2,1
4096,1085.0,185.45996124900012,"[4 4 4 4 4 4 4 0 4 4 4 4 4 4 4 4 4 0 4 4 4 3 4 0 1 4 4 0 4 4 4 4 2 4 4 4 4
 0 4 4 4 4 4 4 4 4 4 4 4 4]",400,0.2,400,0.2,1
8192,1085.0,232.34730395900078,"[4 4 4 4 4 4 4 0 4 4 4 4 4 4 4 4 4 0 4 4 4 3 4 0 1 4 4 0 4 4 4 4 2 4 4 4 4
 0 4 4 4 4 4 4 4 4 4 4 4 4]",400,0.2,400,0.2,1
0,587.0,0.01643528000022343,"[3 4 0 1 3 0 0 1 4 4 1 2 4 2 4 3 4 2 4 2 4 1 1 0 1 1 1 1 0 4 1 0 0 3 2 1 0
 3 1 1 3 4 0 1 3 4 2 4 0 3]",400,0.4,400,0.4,1
1,773.0,0.06627820299945597,"[1 1 4 2 4 3 1 1 2 1 4 4 3 0 4 2 4 2 3 4 2 4 4 3 2 2 4 2 3 4 3 3 4 3 0 4 3
 2 0 1 4 3 0 4 4 3 2 1 3 2]",400,0.4,400,0.4,1
2,790.0,0.12265408500024932,"[0 1 3 4 4 3 2 1 3 3 2 3 2 2 2 1 4 4 1 4 4 4 4 0 1 3 3 1 3 3 4 2 3 4 4 2 4
 0 0 3 4 4 4 4 0 4 2 2 4 0]",400,0.4,400,0.4,1
4,829.0,0.21092081099959614,"[0 4 2 4 2 3 4 0 2 4 3 2 1 4 3 3 3 4 0 4 2 1 2 2 3 4 4 3 3 2 3 3 2 4 3 2 2
 4 3 3 1 4 2 3 4 2 4 4 3 3]",400,0.4,400,0.4,1
8,897.0,0.38651342799948907,"[2 4 4 3 3 3 0 2 4 0 4 3 2 4 4 4 3 3 3 2 4 3 3 2 4 4 4 1 1 4 2 4 3 3 3 4 3
 1 4 0 2 4 4 4 4 3 2 4 4 4]",400,0.4,400,0.4,1
16,949.0,0.7394408929994825,"[3 4 4 4 4 3 1 4 4 4 4 4 2 0 4 4 4 0 3 4 1 1 1 3 2 3 4 3 4 4 3 2 2 4 3 4 4
 1 4 2 3 4 4 4 2 1 4 4 3 4]",400,0.4,400,0.4,1
32,1031.0,1.4437482909997925,"[2 4 4 4 4 4 1 0 4 4 4 3 4 4 4 4 4 0 4 4 4 4 0 2 3 4 4 0 4 3 2 1 4 4 3 4 4
 3 2 4 4 4 3 4 4 4 4 4 4 4]",400,0.4,400,0.4,1
64,1077.0,2.8431174699999247,"[2 4 4 4 4 4 4 1 4 4 4 4 4 4 4 4 4 0 4 4 4 3 4 0 3 4 4 0 4 3 4 4 1 4 4 4 4
 1 4 4 2 4 4 4 4 4 4 4 4 4]",400,0.4,400,0.4,1
128,1085.0,5.6078749259995675,"[4 4 4 4 4 4 4 0 4 4 4 4 4 4 4 4 4 0 4 4 4 3 4 0 1 4 4 0 4 4 4 4 2 4 4 4 4
 0 4 4 4 4 4 4 4 4 4 4 4 4]",400,0.4,400,0.4,1
256,1085.0,11.236301378999997,"[4 4 4 4 4 4 4 0 4 4 4 4 4 4 4 4 4 0 4 4 4 3 4 0 1 4 4 0 4 4 4 4 2 4 4 4 4
 0 4 4 4 4 4 4 4 4 4 4 4 4]",400,0.4,400,0.4,1
512,1085.0,22.47196628599977,"[4 4 4 4 4 4 4 0 4 4 4 4 4 4 4 4 4 0 4 4 4 3 4 0 1 4 4 0 4 4 4 4 2 4 4 4 4
 0 4 4 4 4 4 4 4 4 4 4 4 4]",400,0.4,400,0.4,1
1024,1085.0,45.01702561499951,"[4 4 4 4 4 4 4 0 4 4 4 4 4 4 4 4 4 0 4 4 4 3 4 0 1 4 4 0 4 4 4 4 2 4 4 4 4
 0 4 4 4 4 4 4 4 4 4 4 4 4]",400,0.4,400,0.4,1
2048,1085.0,90.06610280999939,"[4 4 4 4 4 4 4 0 4 4 4 4 4 4 4 4 4 0 4 4 4 3 4 0 1 4 4 0 4 4 4 4 2 4 4 4 4
 0 4 4 4 4 4 4 4 4 4 4 4 4]",400,0.4,400,0.4,1
4096,1085.0,180.44784028100003,"[4 4 4 4 4 4 4 0 4 4 4 4 4 4 4 4 4 0 4 4 4 3 4 0 1 4 4 0 4 4 4 4 2 4 4 4 4
 0 4 4 4 4 4 4 4 4 4 4 4 4]",400,0.4,400,0.4,1
8192,1085.0,224.44126336999943,"[4 4 4 4 4 4 4 0 4 4 4 4 4 4 4 4 4 0 4 4 4 3 4 0 1 4 4 0 4 4 4 4 2 4 4 4 4
 0 4 4 4 4 4 4 4 4 4 4 4 4]",400,0.4,400,0.4,1
0,587.0,0.041778202000386955,"[3 4 0 1 3 0 0 1 4 4 1 2 4 2 4 3 4 2 4 2 4 1 1 0 1 1 1 1 0 4 1 0 0 3 2 1 0
 3 1 1 3 4 0 1 3 4 2 4 0 3]",1000,0.2,1000,0.2,1
1,775.0,0.16063082800064876,"[3 3 1 1 0 0 2 4 4 0 3 0 3 2 3 4 2 2 4 4 1 0 1 0 2 3 4 4 1 4 1 0 4 4 4 4 3
 2 3 3 4 4 3 3 4 4 3 4 3 1]",1000,0.2,1000,0.2,1
2,784.0,0.27879036300055304,"[3 4 0 2 3 1 4 4 4 2 4 1 3 4 0 4 2 2 3 4 1 2 3 4 0 3 4 2 2 4 4 0 1 2 4 4 2
 4 3 4 2 2 4 3 1 2 2 3 4 3]",1000,0.2,1000,0.2,1
4,844.0,0.5160731280002437,"[1 4 3 4 3 4 3 1 4 4 4 4 4 4 3 4 3 4 0 2 3 2 2 2 4 2 4 2 2 0 3 0 0 3 4 2 3
 4 3 4 0 3 3 3 2 3 4 1 4 4]",1000,0.2,1000,0.2,1
8,906.0,0.9900715110006786,"[4 4 2 3 4 4 2 1 2 3 2 2 3 3 4 4 1 3 4 4 4 4 3 1 2 4 3 1 2 3 1 4 4 4 4 4 4
 1 3 3 4 4 4 3 3 3 0 4 4 4]",1000,0.2,1000,0.2,1
16,968.0,1.9422446300004594,"[3 4 4 4 4 1 4 1 4 3 3 4 3 4 3 4 3 1 3 4 1 1 4 0 2 3 4 4 3 3 3 4 4 4 4 4 3
 4 3 4 3 4 4 4 3 4 3 3 3 4]",1000,0.2,1000,0.2,1
32,1038.0,3.8449918630003594,"[2 3 4 4 4 4 4 0 4 4 4 3 3 3 3 4 4 4 4 4 3 3 3 1 1 4 4 0 4 3 4 4 1 3 4 4 4
 2 2 4 4 4 4 4 4 4 4 4 4 3]",1000,0.2,1000,0.2,1
64,1077.0,7.5797366370006785,"[0 4 4 4 4 4 4 0 4 4 4 4 4 4 4 4 4 0 4 4 4 2 4 0 2 4 4 0 4 4 4 4 3 4 4 4 4
 1 4 4 3 4 4 4 4 4 4 4 4 4]",1000,0.2,1000,0.2,1
128,1085.0,15.07431288600037,"[4 4 4 4 4 4 4 0 4 4 4 4 4 4 4 4 4 0 4 4 4 3 4 0 2 4 4 0 4 4 4 4 2 4 4 4 4
 0 4 4 3 4 4 4 4 4 4 4 4 4]",1000,0.2,1000,0.2,1
256,1085.0,30.14929238000059,"[4 4 4 4 4 4 4 0 4 4 4 4 4 4 4 4 4 0 4 4 4 3 4 0 2 4 4 0 4 4 4 4 2 4 4 4 4
 0 4 4 3 4 4 4 4 4 4 4 4 4]",1000,0.2,1000,0.2,1
512,1085.0,60.26964964000035,"[4 4 4 4 4 4 4 0 4 4 4 4 4 4 4 4 4 0 4 4 4 3 4 0 2 4 4 0 4 4 4 4 2 4 4 4 4
 0 4 4 3 4 4 4 4 4 4 4 4 4]",1000,0.2,1000,0.2,1
1024,1085.0,120.53157580800053,"[4 4 4 4 4 4 4 0 4 4 4 4 4 4 4 4 4 0 4 4 4 3 4 0 2 4 4 0 4 4 4 4 2 4 4 4 4
 0 4 4 3 4 4 4 4 4 4 4 4 4]",1000,0.2,1000,0.2,1
2048,1085.0,240.86470387600002,"[4 4 4 4 4 4 4 0 4 4 4 4 4 4 4 4 4 0 4 4 4 3 4 0 2 4 4 0 4 4 4 4 2 4 4 4 4
 0 4 4 3 4 4 4 4 4 4 4 4 4]",1000,0.2,1000,0.2,1
4096,1085.0,482.09397183800047,"[4 4 4 4 4 4 4 0 4 4 4 4 4 4 4 4 4 0 4 4 4 3 4 0 2 4 4 0 4 4 4 4 2 4 4 4 4
 0 4 4 3 4 4 4 4 4 4 4 4 4]",1000,0.2,1000,0.2,1
8192,1085.0,598.3670298309999,"[4 4 4 4 4 4 4 0 4 4 4 4 4 4 4 4 4 0 4 4 4 3 4 0 2 4 4 0 4 4 4 4 2 4 4 4 4
 0 4 4 3 4 4 4 4 4 4 4 4 4]",1000,0.2,1000,0.2,1
0,587.0,0.040996847999849706,"[3 4 0 1 3 0 0 1 4 4 1 2 4 2 4 3 4 2 4 2 4 1 1 0 1 1 1 1 0 4 1 0 0 3 2 1 0
 3 1 1 3 4 0 1 3 4 2 4 0 3]",1000,0.4,1000,0.4,1
1,787.0,0.15831454199997097,"[3 4 4 3 2 4 2 0 4 3 4 4 4 3 3 3 4 4 4 1 2 2 3 3 3 0 3 2 1 4 4 3 3 4 3 4 3
 2 4 3 1 1 1 4 2 1 1 2 3 0]",1000,0.4,1000,0.4,1
2,787.0,0.2776634199999535,"[3 4 4 3 2 4 2 0 4 3 4 4 4 3 3 3 4 4 4 1 2 2 3 3 3 0 3 2 1 4 4 3 3 4 3 4 3
 2 4 3 1 1 1 4 2 1 1 2 3 0]",1000,0.4,1000,0.4,1
4,824.0,0.5096618799998396,"[4 4 3 0 1 4 0 0 4 4 4 4 3 3 4 0 4 1 0 4 4 2 2 3 3 1 3 4 2 2 0 2 2 4 3 4 4
 3 3 4 0 3 4 3 4 2 1 4 4 3]",1000,0.4,1000,0.4,1
8,906.0,0.9752973949998704,"[2 4 0 2 4 3 4 0 4 4 4 3 4 4 4 1 4 0 4 4 4 4 2 2 2 3 4 0 2 0 4 2 4 3 4 4 3
 4 4 4 4 4 3 0 2 4 4 4 1 4]",1000,0.4,1000,0.4,1
16,971.0,1.9045349399993938,"[4 4 2 4 2 4 1 2 3 2 4 4 4 4 2 3 4 3 4 4 4 3 4 4 1 2 4 0 4 4 4 2 0 3 4 4 4
 4 4 4 3 4 3 4 2 4 1 4 4 3]",1000,0.4,1000,0.4,1
32,1043.0,3.753368964999936,"[1 4 4 4 2 4 4 2 4 4 4 3 4 1 4 4 4 2 4 4 4 2 4 1 4 4 4 0 4 3 4 4 0 3 4 3 4
 1 4 3 3 4 4 4 4 4 4 4 4 4]",1000,0.4,1000,0.4,1
64,1081.0,7.413241033999839,"[4 4 4 4 4 4 4 0 4 4 4 4 4 4 4 4 4 1 4 4 4 4 3 2 2 4 4 0 4 4 4 4 1 4 4 4 4
 0 4 4 1 4 4 4 4 4 4 4 4 4]",1000,0.4,1000,0.4,1
128,1085.0,14.70583581199935,"[4 4 4 4 4 4 4 0 4 4 4 4 4 4 4 4 4 0 4 4 4 3 4 0 3 4 4 0 4 4 4 4 1 4 4 4 4
 0 4 4 3 4 4 4 4 4 4 4 4 4]",1000,0.4,1000,0.4,1
256,1085.0,29.3455187189993,"[4 4 4 4 4 4 4 0 4 4 4 4 4 4 4 4 4 0 4 4 4 3 4 0 3 4 4 0 4 4 4 4 1 4 4 4 4
 0 4 4 3 4 4 4 4 4 4 4 4 4]",1000,0.4,1000,0.4,1
512,1085.0,58.62589178300004,"[4 4 4 4 4 4 4 0 4 4 4 4 4 4 4 4 4 0 4 4 4 3 4 0 3 4 4 0 4 4 4 4 1 4 4 4 4
 0 4 4 3 4 4 4 4 4 4 4 4 4]",1000,0.4,1000,0.4,1
1024,1085.0,117.06389618699995,"[4 4 4 4 4 4 4 0 4 4 4 4 4 4 4 4 4 0 4 4 4 3 4 0 3 4 4 0 4 4 4 4 1 4 4 4 4
 0 4 4 3 4 4 4 4 4 4 4 4 4]",1000,0.4,1000,0.4,1
2048,1085.0,234.17621455099925,"[4 4 4 4 4 4 4 0 4 4 4 4 4 4 4 4 4 0 4 4 4 3 4 0 3 4 4 0 4 4 4 4 1 4 4 4 4
 0 4 4 3 4 4 4 4 4 4 4 4 4]",1000,0.4,1000,0.4,1
4096,1085.0,468.30386084699967,"[4 4 4 4 4 4 4 0 4 4 4 4 4 4 4 4 4 0 4 4 4 3 4 0 3 4 4 0 4 4 4 4 1 4 4 4 4
 0 4 4 3 4 4 4 4 4 4 4 4 4]",1000,0.4,1000,0.4,1
8192,1085.0,580.56801636,"[4 4 4 4 4 4 4 0 4 4 4 4 4 4 4 4 4 0 4 4 4 3 4 0 3 4 4 0 4 4 4 4 1 4 4 4 4
 0 4 4 3 4 4 4 4 4 4 4 4 4]",1000,0.4,1000,0.4,1
0,587.0,0.10557740799958992,"[3 4 0 1 3 0 0 1 4 4 1 2 4 2 4 3 4 2 4 2 4 1 1 0 1 1 1 1 0 4 1 0 0 3 2 1 0
 3 1 1 3 4 0 1 3 4 2 4 0 3]",2500,0.2,2500,0.2,1
1,845.0,0.43072505999953137,"[2 4 4 2 3 4 0 1 4 4 3 4 1 1 4 4 4 0 4 2 3 3 4 4 1 2 4 0 2 1 4 3 3 4 2 4 4
 0 2 3 0 4 3 3 1 2 2 4 4 3]",2500,0.2,2500,0.2,1
2,845.0,0.7555213369996636,"[2 4 4 2 3 4 0 1 4 4 3 4 1 1 4 4 4 0 4 2 3 3 4 4 1 2 4 0 2 1 4 3 3 4 2 4 4
 0 2 3 0 4 3 3 1 2 2 4 4 3]",2500,0.2,2500,0.2,1
4,845.0,1.3971050720001585,"[2 4 4 2 3 4 0 1 4 4 3 4 1 1 4 4 4 0 4 2 3 3 4 4 1 2 4 0 2 1 4 3 3 4 2 4 4
 0 2 3 0 4 3 3 1 2 2 4 4 3]",2500,0.2,2500,0.2,1
8,899.0,2.6573227580001912,"[2 4 1 3 1 4 0 1 2 4 2 0 4 2 2 4 4 3 4 3 3 4 4 2 1 4 3 1 3 2 4 3 4 4 4 4 4
 3 4 2 2 4 0 4 4 4 4 4 3 3]",2500,0.2,2500,0.2,1
16,982.0,5.256783116999941,"[4 3 4 1 4 4 4 1 4 4 4 4 3 3 4 3 4 3 4 2 4 4 4 0 4 4 4 0 4 3 3 4 3 4 4 4 4
 0 0 4 0 4 4 4 3 3 3 4 2 4]",2500,0.2,2500,0.2,1
32,1051.0,10.419986062000135,"[4 4 3 4 4 4 4 0 4 4 3 4 3 3 4 4 4 3 4 4 4 0 4 0 1 4 4 1 4 4 4 0 2 4 4 4 4
 3 4 4 4 4 3 4 4 4 4 4 4 4]",2500,0.2,2500,0.2,1
64,1080.0,20.6976984060002,"[3 4 4 4 4 4 4 0 4 4 4 4 4 4 4 4 4 0 3 4 4 0 4 0 3 4 4 0 4 4 4 4 3 4 4 4 4
 0 4 4 4 4 4 4 4 4 4 4 4 4]",2500,0.2,2500,0.2,1
128,1085.0,41.13825197499955,"[3 4 4 4 4 4 4 0 4 4 4 4 4 4 4 4 4 0 4 4 4 4 4 0 2 4 4 0 4 4 4 4 1 4 4 4 4
 0 4 4 4 4 4 4 4 4 4 4 4 4]",2500,0.2,2500,0.2,1
256,1085.0,82.10660338199978,"[3 4 4 4 4 4 4 0 4 4 4 4 4 4 4 4 4 0 4 4 4 4 4 0 2 4 4 0 4 4 4 4 1 4 4 4 4
 0 4 4 4 4 4 4 4 4 4 4 4 4]",2500,0.2,2500,0.2,1
512,1085.0,164.13458363999962,"[3 4 4 4 4 4 4 0 4 4 4 4 4 4 4 4 4 0 4 4 4 4 4 0 2 4 4 0 4 4 4 4 1 4 4 4 4
 0 4 4 4 4 4 4 4 4 4 4 4 4]",2500,0.2,2500,0.2,1
1024,1085.0,328.16161285899943,"[3 4 4 4 4 4 4 0 4 4 4 4 4 4 4 4 4 0 4 4 4 4 4 0 2 4 4 0 4 4 4 4 1 4 4 4 4
 0 4 4 4 4 4 4 4 4 4 4 4 4]",2500,0.2,2500,0.2,1
2048,1085.0,656.4621578549995,"[3 4 4 4 4 4 4 0 4 4 4 4 4 4 4 4 4 0 4 4 4 4 4 0 2 4 4 0 4 4 4 4 1 4 4 4 4
 0 4 4 4 4 4 4 4 4 4 4 4 4]",2500,0.2,2500,0.2,1
4096,1085.0,1312.207280014999,"[3 4 4 4 4 4 4 0 4 4 4 4 4 4 4 4 4 0 4 4 4 4 4 0 2 4 4 0 4 4 4 4 1 4 4 4 4
 0 4 4 4 4 4 4 4 4 4 4 4 4]",2500,0.2,2500,0.2,1
8192,1085.0,1626.564483002,"[3 4 4 4 4 4 4 0 4 4 4 4 4 4 4 4 4 0 4 4 4 4 4 0 2 4 4 0 4 4 4 4 1 4 4 4 4
 0 4 4 4 4 4 4 4 4 4 4 4 4]",2500,0.2,2500,0.2,1
0,587.0,0.10700916499990853,"[3 4 0 1 3 0 0 1 4 4 1 2 4 2 4 3 4 2 4 2 4 1 1 0 1 1 1 1 0 4 1 0 0 3 2 1 0
 3 1 1 3 4 0 1 3 4 2 4 0 3]",2500,0.4,2500,0.4,1
1,796.0,0.4422897819986247,"[1 4 3 0 0 3 3 1 3 0 4 2 4 3 4 1 4 2 3 3 0 0 4 2 4 4 4 0 2 1 4 0 2 3 3 4 2
 3 3 3 4 3 1 4 3 4 4 3 1 3]",2500,0.4,2500,0.4,1
2,806.0,0.7602673490000598,"[1 4 0 3 4 4 3 4 3 0 4 4 3 2 2 2 4 4 2 2 2 4 4 4 3 3 2 3 4 3 2 2 0 3 4 4 4
 4 4 2 1 4 4 3 2 2 2 0 3 1]",2500,0.4,2500,0.4,1
4,838.0,1.390883041000052,"[2 3 0 3 2 3 4 1 4 2 4 3 3 1 4 0 2 2 2 4 4 4 4 1 4 4 4 0 4 4 4 1 0 2 3 4 4
 3 4 0 1 1 2 4 4 4 2 4 2 3]",2500,0.4,2500,0.4,1
8,903.0,2.617205765998733,"[0 3 4 3 4 2 4 3 2 4 3 3 4 1 4 3 4 0 3 3 4 4 0 1 3 4 4 4 4 2 0 1 4 4 2 3 3
 3 4 4 4 2 4 4 2 4 4 4 4 4]",2500,0.4,2500,0.4,1
16,967.0,5.126000430000204,"[4 4 4 3 4 3 1 1 4 4 4 4 4 1 2 4 4 0 2 3 4 4 4 2 4 4 4 0 3 4 3 3 1 4 4 3 4
 2 4 4 0 3 4 4 4 3 1 4 4 3]",2500,0.4,2500,0.4,1
32,1057.0,10.15997341000002,"[3 4 4 4 4 4 4 0 4 4 4 4 4 4 4 4 4 4 4 4 1 0 2 0 3 4 4 0 4 2 4 1 1 4 4 4 4
 2 4 3 2 4 4 4 4 4 4 4 4 4]",2500,0.4,2500,0.4,1
64,1084.0,20.13205489899883,"[3 4 4 4 4 4 4 0 4 4 4 4 4 4 4 4 4 0 4 4 4 4 4 0 0 4 4 0 4 4 4 4 2 4 4 4 4
 1 4 4 4 4 4 4 4 4 4 4 4 4]",2500,0.4,2500,0.4,1
128,1085.0,40.07463232699956,"[4 4 4 4 4 4 4 0 4 4 4 4 4 4 4 4 4 0 4 4 4 3 4 0 4 4 4 0 4 4 4 4 1 4 4 4 4
 0 4 4 2 4 4 4 4 4 4 4 4 4]",2500,0.4,2500,0.4,1
256,1085.0,79.96345150699926,"[4 4 4 4 4 4 4 0 4 4 4 4 4 4 4 4 4 0 4 4 4 3 4 0 4 4 4 0 4 4 4 4 1 4 4 4 4
 0 4 4 2 4 4 4 4 4 4 4 4 4]",2500,0.4,2500,0.4,1
512,1085.0,159.86625122899932,"[4 4 4 4 4 4 4 0 4 4 4 4 4 4 4 4 4 0 4 4 4 3 4 0 4 4 4 0 4 4 4 4 1 4 4 4 4
 0 4 4 2 4 4 4 4 4 4 4 4 4]",2500,0.4,2500,0.4,1
1024,1085.0,319.3762453749987,"[4 4 4 4 4 4 4 0 4 4 4 4 4 4 4 4 4 0 4 4 4 3 4 0 4 4 4 0 4 4 4 4 1 4 4 4 4
 0 4 4 2 4 4 4 4 4 4 4 4 4]",2500,0.4,2500,0.4,1
2048,1085.0,640.0100738330002,"[4 4 4 4 4 4 4 0 4 4 4 4 4 4 4 4 4 0 4 4 4 3 4 0 4 4 4 0 4 4 4 4 1 4 4 4 4
 0 4 4 2 4 4 4 4 4 4 4 4 4]",2500,0.4,2500,0.4,1
4096,1085.0,1281.9179849049997,"[4 4 4 4 4 4 4 0 4 4 4 4 4 4 4 4 4 0 4 4 4 3 4 0 4 4 4 0 4 4 4 4 1 4 4 4 4
 0 4 4 2 4 4 4 4 4 4 4 4 4]",2500,0.4,2500,0.4,1
8192,1085.0,1587.7243321749993,"[4 4 4 4 4 4 4 0 4 4 4 4 4 4 4 4 4 0 4 4 4 3 4 0 4 4 4 0 4 4 4 4 1 4 4 4 4
 0 4 4 2 4 4 4 4 4 4 4 4 4]",2500,0.4,2500,0.4,1
0,550.0,0.008638387000246439,"[0 0 3 2 3 0 2 1 3 2 4 4 4 3 4 2 3 3 2 1 2 4 3 0 4 3 1 2 0 4 4 2 4 2 1 0 2
 2 1 0 1 0 2 1 1 1 4 2 3 0]",200,0.2,200,0.2,2
1,777.0,0.03127744800076471,"[1 3 3 1 1 1 1 3 2 3 4 3 2 2 3 4 2 2 4 0 4 1 2 2 1 3 4 2 4 1 2 2 4 2 4 2 2
 4 3 2 2 4 3 4 3 4 0 3 4 4]",200,0.2,200,0.2,2
2,802.0,0.054024697999921045,"[2 1 0 4 1 3 2 3 4 3 4 3 4 2 3 4 2 2 4 4 4 3 2 1 1 4 4 3 2 4 2 3 0 3 4 2 2
 0 4 4 3 4 3 4 3 0 3 3 3 0]",200,0.2,200,0.2,2
4,843.0,0.09961776700038172,"[4 4 2 2 4 4 4 4 4 4 3 4 3 0 4 3 3 4 0 4 3 2 3 4 4 0 3 2 4 2 4 3 1 1 3 2 3
 3 3 2 3 2 1 3 0 3 4 4 4 4]",200,0.2,200,0.2,2
8,850.0,0.1891929710000113,"[4 4 4 2 2 4 4 0 4 2 3 3 0 0 4 4 4 1 3 2 0 3 0 3 4 4 4 1 4 2 4 3 1 3 3 1 3
 4 0 4 4 3 2 4 3 4 0 2 4 4]",200,0.2,200,0.2,2
16,940.0,0.3715457630005403,"[0 4 4 3 2 4 3 2 4 4 4 3 4 4 4 4 3 4 4 2 2 2 0 3 1 4 4 3 4 1 4 4 3 4 4 3 3
 0 0 2 1 4 4 3 4 3 4 4 2 4]",200,0.2,200,0.2,2
32,1035.0,0.7322716290000244,"[4 4 4 4 2 4 4 0 4 3 4 4 4 3 4 4 4 2 4 3 4 2 4 1 3 4 4 2 4 4 4 2 0 3 4 4 3
 3 4 4 0 4 4 4 4 4 4 4 4 4]",200,0.2,200,0.2,2
64,1075.0,1.4516519450007763,"[4 4 4 4 4 4 3 0 4 4 4 4 4 4 3 4 4 0 4 4 4 2 4 0 3 4 4 0 4 4 4 4 2 4 4 4 4
 1 4 4 2 4 4 4 4 4 4 4 4 4]",200,0.2,200,0.2,2
128,1085.0,2.929184731001442,"[4 4 4 4 4 4 4 0 4 4 4 4 4 4 4 4 4 0 4 4 4 3 4 0 3 4 4 0 4 4 4 4 1 4 4 4 4
 0 4 4 3 4 4 4 4 4 4 4 4 4]",200,0.2,200,0.2,2
256,1085.0,5.759103950000281,"[4 4 4 4 4 4 4 0 4 4 4 4 4 4 4 4 4 0 4 4 4 3 4 0 3 4 4 0 4 4 4 4 1 4 4 4 4
 0 4 4 3 4 4 4 4 4 4 4 4 4]",200,0.2,200,0.2,2
512,1085.0,11.510365770000135,"[4 4 4 4 4 4 4 0 4 4 4 4 4 4 4 4 4 0 4 4 4 3 4 0 3 4 4 0 4 4 4 4 1 4 4 4 4
 0 4 4 3 4 4 4 4 4 4 4 4 4]",200,0.2,200,0.2,2
1024,1085.0,22.970126512000206,"[4 4 4 4 4 4 4 0 4 4 4 4 4 4 4 4 4 0 4 4 4 3 4 0 3 4 4 0 4 4 4 4 1 4 4 4 4
 0 4 4 3 4 4 4 4 4 4 4 4 4]",200,0.2,200,0.2,2
2048,1085.0,45.97134050600107,"[4 4 4 4 4 4 4 0 4 4 4 4 4 4 4 4 4 0 4 4 4 3 4 0 3 4 4 0 4 4 4 4 1 4 4 4 4
 0 4 4 3 4 4 4 4 4 4 4 4 4]",200,0.2,200,0.2,2
4096,1085.0,92.26550730800045,"[4 4 4 4 4 4 4 0 4 4 4 4 4 4 4 4 4 0 4 4 4 3 4 0 3 4 4 0 4 4 4 4 1 4 4 4 4
 0 4 4 3 4 4 4 4 4 4 4 4 4]",200,0.2,200,0.2,2
8192,1085.0,115.1617555490011,"[4 4 4 4 4 4 4 0 4 4 4 4 4 4 4 4 4 0 4 4 4 3 4 0 3 4 4 0 4 4 4 4 1 4 4 4 4
 0 4 4 3 4 4 4 4 4 4 4 4 4]",200,0.2,200,0.2,2
0,550.0,0.00912068400066346,"[0 0 3 2 3 0 2 1 3 2 4 4 4 3 4 2 3 3 2 1 2 4 3 0 4 3 1 2 0 4 4 2 4 2 1 0 2
 2 1 0 1 0 2 1 1 1 4 2 3 0]",200,0.4,200,0.4,2
1,777.0,0.03117499600011797,"[1 3 3 1 1 1 1 3 2 3 4 3 2 2 3 4 2 2 4 0 4 1 2 2 1 3 4 2 4 1 2 2 4 2 4 2 2
 4 3 2 2 4 3 4 3 4 0 3 4 4]",200,0.4,200,0.4,2
2,813.0,0.05368371999975352,"[4 2 4 2 4 3 2 4 4 4 4 2 1 2 2 4 4 3 1 0 4 4 3 4 0 1 3 4 2 0 0 4 0 4 3 4 4
 4 4 2 1 4 2 4 2 4 1 4 4 4]",200,0.4,200,0.4,2
4,862.0,0.09736553000038839,"[4 2 4 2 4 3 4 1 4 4 4 2 3 2 2 4 4 4 1 2 2 4 3 4 3 4 3 3 2 0 0 4 0 4 4 4 3
 4 4 2 1 4 4 4 0 4 2 2 4 4]",200,0.4,200,0.4,2
8,884.0,0.1849432050003088,"[0 4 3 4 1 4 3 2 3 0 4 4 4 2 4 4 2 3 1 4 3 2 2 0 3 3 3 3 4 0 4 4 4 4 4 0 4
 1 3 2 4 4 2 4 4 2 1 3 3 4]",200,0.4,200,0.4,2
16,956.0,0.359288354000455,"[1 4 0 4 4 4 3 4 4 2 4 4 3 2 3 4 3 2 4 4 4 0 2 1 1 3 2 3 4 4 4 4 3 4 4 4 4
 1 4 3 1 4 4 3 3 3 2 4 4 4]",200,0.4,200,0.4,2
32,1023.0,0.7079657430003863,"[4 4 4 4 3 4 3 1 3 4 4 4 4 4 4 4 4 2 4 4 3 4 0 1 4 4 4 0 4 2 2 4 1 4 4 4 4
 0 3 3 1 4 4 4 4 4 2 3 4 4]",200,0.4,200,0.4,2
64,1077.0,1.4012182579990622,"[4 4 4 4 4 4 4 0 4 4 4 4 4 4 4 4 4 2 4 4 4 1 4 0 3 4 4 0 4 2 4 4 1 4 4 4 4
 0 4 3 3 4 4 4 4 4 4 4 4 4]",200,0.4,200,0.4,2
128,1084.0,2.7922368380004627,"[3 4 4 4 4 4 4 0 4 4 4 4 4 4 4 4 4 2 4 4 4 3 4 0 3 4 4 0 4 4 4 4 0 4 4 4 4
 0 4 4 3 4 4 4 4 4 4 4 4 4]",200,0.4,200,0.4,2
256,1084.0,5.531844385999648,"[3 4 4 4 4 4 4 0 4 4 4 4 4 4 4 4 4 2 4 4 4 3 4 0 3 4 4 0 4 4 4 4 0 4 4 4 4
 0 4 4 3 4 4 4 4 4 4 4 4 4]",200,0.4,200,0.4,2
512,1084.0,11.108254288999888,"[3 4 4 4 4 4 4 0 4 4 4 4 4 4 4 4 4 2 4 4 4 3 4 0 3 4 4 0 4 4 4 4 0 4 4 4 4
 0 4 4 3 4 4 4 4 4 4 4 4 4]",200,0.4,200,0.4,2
1024,1084.0,22.252903983999204,"[3 4 4 4 4 4 4 0 4 4 4 4 4 4 4 4 4 2 4 4 4 3 4 0 3 4 4 0 4 4 4 4 0 4 4 4 4
 0 4 4 3 4 4 4 4 4 4 4 4 4]",200,0.4,200,0.4,2
2048,1084.0,44.64061556100023,"[3 4 4 4 4 4 4 0 4 4 4 4 4 4 4 4 4 2 4 4 4 3 4 0 3 4 4 0 4 4 4 4 0 4 4 4 4
 0 4 4 3 4 4 4 4 4 4 4 4 4]",200,0.4,200,0.4,2
4096,1084.0,89.5499004659996,"[3 4 4 4 4 4 4 0 4 4 4 4 4 4 4 4 4 2 4 4 4 3 4 0 3 4 4 0 4 4 4 4 0 4 4 4 4
 0 4 4 3 4 4 4 4 4 4 4 4 4]",200,0.4,200,0.4,2
8192,1084.0,111.90207919599925,"[3 4 4 4 4 4 4 0 4 4 4 4 4 4 4 4 4 2 4 4 4 3 4 0 3 4 4 0 4 4 4 4 0 4 4 4 4
 0 4 4 3 4 4 4 4 4 4 4 4 4]",200,0.4,200,0.4,2
0,550.0,0.022305751001113094,"[0 0 3 2 3 0 2 1 3 2 4 4 4 3 4 2 3 3 2 1 2 4 3 0 4 3 1 2 0 4 4 2 4 2 1 0 2
 2 1 0 1 0 2 1 1 1 4 2 3 0]",400,0.2,400,0.2,2
1,777.0,0.06918795800083899,"[1 3 3 1 1 1 1 3 2 3 4 3 2 2 3 4 2 2 4 0 4 1 2 2 1 3 4 2 4 1 2 2 4 2 4 2 2
 4 3 2 2 4 3 4 3 4 0 3 4 4]",400,0.2,400,0.2,2
2,777.0,0.11772362500050804,"[1 3 3 1 1 1 1 3 2 3 4 3 2 2 3 4 2 2 4 0 4 1 2 2 1 3 4 2 4 1 2 2 4 2 4 2 2
 4 3 2 2 4 3 4 3 4 0 3 4 4]",400,0.2,400,0.2,2
4,843.0,0.21064848500100197,"[3 4 4 4 4 3 0 2 3 3 3 4 3 0 3 3 2 4 0 1 4 3 4 0 4 2 4 1 4 4 1 1 3 3 3 3 3
 4 2 4 3 2 4 4 3 2 3 4 3 4]",400,0.2,400,0.2,2
8,865.0,0.39573941900016507,"[2 3 2 4 4 4 2 0 4 4 4 4 2 0 4 2 4 3 4 4 1 4 3 4 4 4 2 3 2 3 2 4 0 3 3 3 3
 1 3 2 4 4 4 4 2 4 4 3 1 0]",400,0.2,400,0.2,2
16,960.0,0.7613516800010984,"[3 4 4 3 0 3 2 2 4 3 4 3 2 0 3 4 4 2 3 2 4 2 1 4 4 3 4 1 4 2 4 4 4 3 4 3 4
 2 4 4 3 3 4 4 4 3 4 4 3 4]",400,0.2,400,0.2,2
32,1025.0,1.4864851479997014,"[4 4 4 4 4 4 4 0 4 4 4 4 4 4 1 4 4 3 4 4 3 4 2 0 4 3 4 0 4 0 3 3 3 4 4 4 4
 0 4 4 2 4 4 4 1 4 4 4 3 4]",400,0.2,400,0.2,2
64,1075.0,2.9484104860002844,"[2 4 4 4 4 4 3 0 4 4 4 4 4 4 4 4 4 2 4 4 4 4 3 1 1 4 4 0 4 2 4 4 1 4 4 4 4
 1 4 4 3 4 4 4 4 4 4 4 4 4]",400,0.2,400,0.2,2
128,1084.0,5.807257885000581,"[4 4 4 4 4 4 4 0 4 4 4 4 4 4 4 4 4 0 4 4 4 4 4 0 1 4 4 0 4 4 4 4 2 4 4 4 4
 0 4 4 3 4 4 4 4 4 4 4 4 4]",400,0.2,400,0.2,2
256,1085.0,11.570951272000457,"[4 4 4 4 4 4 4 0 4 4 4 4 4 4 4 4 4 0 4 4 4 3 4 0 1 4 4 0 4 4 4 4 2 4 4 4 4
 0 4 4 4 4 4 4 4 4 4 4 4 4]",400,0.2,400,0.2,2
512,1085.0,23.143163521001043,"[4 4 4 4 4 4 4 0 4 4 4 4 4 4 4 4 4 0 4 4 4 3 4 0 1 4 4 0 4 4 4 4 2 4 4 4 4
 0 4 4 4 4 4 4 4 4 4 4 4 4]",400,0.2,400,0.2,2
1024,1085.0,46.34860976500022,"[4 4 4 4 4 4 4 0 4 4 4 4 4 4 4 4 4 0 4 4 4 3 4 0 1 4 4 0 4 4 4 4 2 4 4 4 4
 0 4 4 4 4 4 4 4 4 4 4 4 4]",400,0.2,400,0.2,2
2048,1085.0,92.82874197199999,"[4 4 4 4 4 4 4 0 4 4 4 4 4 4 4 4 4 0 4 4 4 3 4 0 1 4 4 0 4 4 4 4 2 4 4 4 4
 0 4 4 4 4 4 4 4 4 4 4 4 4]",400,0.2,400,0.2,2
4096,1085.0,185.97472014900086,"[4 4 4 4 4 4 4 0 4 4 4 4 4 4 4 4 4 0 4 4 4 3 4 0 1 4 4 0 4 4 4 4 2 4 4 4 4
 0 4 4 4 4 4 4 4 4 4 4 4 4]",400,0.2,400,0.2,2
8192,1085.0,233.96677931200065,"[4 4 4 4 4 4 4 0 4 4 4 4 4 4 4 4 4 0 4 4 4 3 4 0 1 4 4 0 4 4 4 4 2 4 4 4 4
 0 4 4 4 4 4 4 4 4 4 4 4 4]",400,0.2,400,0.2,2
0,550.0,0.016863611999724526,"[0 0 3 2 3 0 2 1 3 2 4 4 4 3 4 2 3 3 2 1 2 4 3 0 4 3 1 2 0 4 4 2 4 2 1 0 2
 2 1 0 1 0 2 1 1 1 4 2 3 0]",400,0.4,400,0.4,2
1,777.0,0.060690803999023046,"[1 3 3 1 1 1 1 3 2 3 4 3 2 2 3 4 2 2 4 0 4 1 2 2 1 3 4 2 4 1 2 2 4 2 4 2 2
 4 3 2 2 4 3 4 3 4 0 3 4 4]",400,0.4,400,0.4,2
2,777.0,0.10476636499879532,"[1 3 3 1 1 1 1 3 2 3 4 3 2 2 3 4 2 2 4 0 4 1 2 2 1 3 4 2 4 1 2 2 4 2 4 2 2
 4 3 2 2 4 3 4 3 4 0 3 4 4]",400,0.4,400,0.4,2
4,829.0,0.19331699599933927,"[1 4 1 3 4 3 3 4 4 4 1 4 4 2 4 3 2 3 2 1 3 2 4 4 4 4 2 1 4 3 3 4 4 1 3 4 3
 3 1 1 0 4 4 3 2 1 4 4 3 2]",400,0.4,400,0.4,2
8,868.0,0.36927431599906413,"[1 1 2 3 3 3 0 1 4 4 1 4 4 2 4 4 4 1 3 1 1 2 4 2 4 4 4 2 4 3 3 4 4 4 3 4 4
 2 3 1 1 4 1 3 2 1 4 4 4 4]",400,0.4,400,0.4,2
16,973.0,0.7197282260003703,"[1 4 1 4 4 3 3 1 4 3 4 4 4 2 3 4 4 4 4 2 1 2 1 2 3 3 4 3 4 4 4 2 3 1 4 4 4
 3 0 4 1 4 4 4 2 4 4 4 4 4]",400,0.4,400,0.4,2
32,1037.0,1.4164390169989929,"[1 4 3 4 3 4 4 0 4 4 4 4 3 3 4 4 4 3 3 4 4 2 4 0 1 4 4 2 4 2 4 2 2 4 4 4 4
 4 3 3 1 4 4 4 4 4 3 4 4 4]",400,0.4,400,0.4,2
64,1075.0,2.7981691810000484,"[3 4 4 4 4 4 4 0 4 4 4 4 4 2 4 4 4 1 4 4 4 3 4 0 1 4 4 0 4 4 4 4 2 4 4 4 4
 2 4 4 1 4 4 4 4 4 4 4 4 4]",400,0.4,400,0.4,2
128,1084.0,5.6305488090001745,"[4 4 4 4 4 4 4 0 4 4 4 4 4 4 4 4 4 0 4 4 4 2 4 0 1 4 4 0 4 4 4 4 2 4 4 4 4
 2 4 4 3 4 4 4 4 4 4 4 4 4]",400,0.4,400,0.4,2
256,1085.0,11.246248507999553,"[4 4 4 4 4 4 4 0 4 4 4 4 4 4 4 4 4 0 4 4 4 3 4 0 2 4 4 0 4 4 4 4 2 4 4 4 4
 0 4 4 3 4 4 4 4 4 4 4 4 4]",400,0.4,400,0.4,2
512,1085.0,22.517875843999718,"[4 4 4 4 4 4 4 0 4 4 4 4 4 4 4 4 4 0 4 4 4 3 4 0 2 4 4 0 4 4 4 4 2 4 4 4 4
 0 4 4 3 4 4 4 4 4 4 4 4 4]",400,0.4,400,0.4,2
1024,1085.0,44.97839527399992,"[4 4 4 4 4 4 4 0 4 4 4 4 4 4 4 4 4 0 4 4 4 3 4 0 2 4 4 0 4 4 4 4 2 4 4 4 4
 0 4 4 3 4 4 4 4 4 4 4 4 4]",400,0.4,400,0.4,2
2048,1085.0,90.09631033199912,"[4 4 4 4 4 4 4 0 4 4 4 4 4 4 4 4 4 0 4 4 4 3 4 0 2 4 4 0 4 4 4 4 2 4 4 4 4
 0 4 4 3 4 4 4 4 4 4 4 4 4]",400,0.4,400,0.4,2
4096,1085.0,180.5168974549997,"[4 4 4 4 4 4 4 0 4 4 4 4 4 4 4 4 4 0 4 4 4 3 4 0 2 4 4 0 4 4 4 4 2 4 4 4 4
 0 4 4 3 4 4 4 4 4 4 4 4 4]",400,0.4,400,0.4,2
8192,1085.0,226.2226813849993,"[4 4 4 4 4 4 4 0 4 4 4 4 4 4 4 4 4 0 4 4 4 3 4 0 2 4 4 0 4 4 4 4 2 4 4 4 4
 0 4 4 3 4 4 4 4 4 4 4 4 4]",400,0.4,400,0.4,2
0,550.0,0.042649772000004305,"[0 0 3 2 3 0 2 1 3 2 4 4 4 3 4 2 3 3 2 1 2 4 3 0 4 3 1 2 0 4 4 2 4 2 1 0 2
 2 1 0 1 0 2 1 1 1 4 2 3 0]",1000,0.2,1000,0.2,2
1,779.0,0.16062946599959105,"[4 1 3 4 3 3 1 1 2 4 3 4 4 1 4 4 2 4 3 4 4 4 3 2 2 3 4 4 3 3 2 4 4 1 1 4 4
 4 2 0 0 4 2 0 1 3 1 4 0 3]",1000,0.2,1000,0.2,2
2,814.0,0.2803679490007198,"[2 4 2 2 3 3 1 4 2 3 4 4 4 1 3 3 4 3 4 2 0 3 1 2 4 3 4 3 3 1 0 1 2 4 4 0 3
 2 2 1 2 3 4 3 2 2 1 4 4 4]",1000,0.2,1000,0.2,2
4,830.0,0.5200984959992638,"[2 0 3 4 1 4 1 1 2 2 2 3 2 4 4 4 1 4 1 4 3 3 3 0 4 3 4 3 3 2 2 4 2 1 4 4 4
 2 2 0 4 4 4 4 3 4 0 4 4 2]",1000,0.2,1000,0.2,2
8,907.0,0.9907231550005235,"[4 4 4 3 1 4 3 0 1 3 2 4 4 4 4 4 4 2 1 4 0 2 3 2 4 3 4 4 1 4 3 2 2 1 2 4 4
 3 3 4 1 3 4 4 4 4 2 4 4 4]",1000,0.2,1000,0.2,2
16,978.0,1.927996381000412,"[3 4 4 4 1 4 0 0 4 4 4 4 3 3 4 4 4 3 4 4 4 3 4 2 1 3 4 4 3 2 3 2 0 3 4 3 4
 1 2 2 3 4 3 4 4 4 4 4 4 4]",1000,0.2,1000,0.2,2
32,1046.0,3.785473362999255,"[3 4 3 4 0 4 4 0 4 4 4 4 4 1 4 4 4 1 4 4 4 4 4 1 2 4 4 0 4 4 3 1 4 4 4 4 4
 0 4 4 3 4 4 4 4 4 3 4 4 4]",1000,0.2,1000,0.2,2
64,1081.0,7.61275792699962,"[3 4 4 4 4 4 4 0 4 4 4 4 4 3 4 4 4 1 4 4 4 0 4 0 0 4 4 0 4 4 4 4 4 4 4 4 4
 1 4 4 4 4 4 4 4 4 4 4 4 4]",1000,0.2,1000,0.2,2
128,1085.0,15.127055475999441,"[4 4 4 4 4 4 4 0 4 4 4 4 4 4 4 4 4 0 4 4 4 3 4 0 1 4 4 0 4 4 4 4 2 4 4 4 4
 0 4 4 4 4 4 4 4 4 4 4 4 4]",1000,0.2,1000,0.2,2
256,1085.0,30.243333177999375,"[4 4 4 4 4 4 4 0 4 4 4 4 4 4 4 4 4 0 4 4 4 3 4 0 1 4 4 0 4 4 4 4 2 4 4 4 4
 0 4 4 4 4 4 4 4 4 4 4 4 4]",1000,0.2,1000,0.2,2
512,1085.0,60.233187002000705,"[4 4 4 4 4 4 4 0 4 4 4 4 4 4 4 4 4 0 4 4 4 3 4 0 1 4 4 0 4 4 4 4 2 4 4 4 4
 0 4 4 4 4 4 4 4 4 4 4 4 4]",1000,0.2,1000,0.2,2
1024,1085.0,120.5054814970008,"[4 4 4 4 4 4 4 0 4 4 4 4 4 4 4 4 4 0 4 4 4 3 4 0 1 4 4 0 4 4 4 4 2 4 4 4 4
 0 4 4 4 4 4 4 4 4 4 4 4 4]",1000,0.2,1000,0.2,2
2048,1085.0,241.36717125900032,"[4 4 4 4 4 4 4 0 4 4 4 4 4 4 4 4 4 0 4 4 4 3 4 0 1 4 4 0 4 4 4 4 2 4 4 4 4
 0 4 4 4 4 4 4 4 4 4 4 4 4]",1000,0.2,1000,0.2,2
4096,1085.0,483.14112035700055,"[4 4 4 4 4 4 4 0 4 4 4 4 4 4 4 4 4 0 4 4 4 3 4 0 1 4 4 0 4 4 4 4 2 4 4 4 4
 0 4 4 4 4 4 4 4 4 4 4 4 4]",1000,0.2,1000,0.2,2
8192,1085.0,600.4157749059996,"[4 4 4 4 4 4 4 0 4 4 4 4 4 4 4 4 4 0 4 4 4 3 4 0 1 4 4 0 4 4 4 4 2 4 4 4 4
 0 4 4 4 4 4 4 4 4 4 4 4 4]",1000,0.2,1000,0.2,2
0,550.0,0.04218141599994851,"[0 0 3 2 3 0 2 1 3 2 4 4 4 3 4 2 3 3 2 1 2 4 3 0 4 3 1 2 0 4 4 2 4 2 1 0 2
 2 1 0 1 0 2 1 1 1 4 2 3 0]",1000,0.4,1000,0.4,2
1,783.0,0.1563782910016016,"[0 2 1 4 2 4 1 3 4 1 1 4 3 1 4 3 4 4 2 4 1 3 4 1 3 4 4 4 4 4 4 2 0 1 4 4 4
 4 2 0 3 0 0 0 4 4 1 3 2 3]",1000,0.4,1000,0.4,2
2,823.0,0.2715974170005211,"[4 2 4 3 1 3 4 1 0 4 4 3 0 2 4 3 2 3 1 4 4 2 4 1 2 1 4 4 4 0 2 4 3 4 4 0 4
 1 4 3 4 3 3 4 4 3 1 2 4 4]",1000,0.4,1000,0.4,2
4,866.0,0.5025102190011239,"[3 4 4 3 4 2 3 4 4 3 4 3 2 1 4 4 1 2 2 4 4 2 4 4 3 4 3 0 4 1 4 3 0 4 3 3 3
 4 3 1 4 4 0 4 3 4 2 3 3 1]",1000,0.4,1000,0.4,2
8,915.0,0.9609673009999824,"[1 4 4 3 1 4 3 3 3 4 1 1 3 1 4 4 4 4 4 4 2 0 3 1 2 3 3 4 4 1 3 1 4 4 3 4 4
 2 3 3 4 4 3 4 4 4 1 3 4 3]",1000,0.4,1000,0.4,2
16,976.0,1.8772810930004198,"[1 4 4 3 4 4 4 3 4 3 4 3 4 3 4 4 4 4 2 4 3 2 0 0 2 4 4 0 2 0 4 3 2 4 4 4 3
 1 4 3 2 4 3 4 4 3 3 3 4 4]",1000,0.4,1000,0.4,2
32,1047.0,3.696811099000115,"[1 3 3 3 4 4 4 2 4 4 4 4 4 4 4 4 4 2 4 4 4 4 3 1 1 4 4 0 4 4 4 3 2 3 3 4 4
 1 4 4 2 4 4 4 4 4 4 4 4 4]",1000,0.4,1000,0.4,2
64,1081.0,7.366781497001284,"[3 4 4 4 4 4 4 0 4 4 4 4 4 4 4 4 4 1 4 4 4 4 3 0 1 4 4 0 4 4 4 4 4 4 4 4 4
 1 4 4 0 4 4 4 4 4 4 4 4 4]",1000,0.4,1000,0.4,2
128,1085.0,14.69422960600059,"[4 4 4 4 4 4 4 0 4 4 4 4 4 4 4 4 4 1 4 4 4 2 4 0 1 4 4 0 4 4 4 4 2 4 4 4 4
 0 4 4 4 4 4 4 4 4 4 4 4 4]",1000,0.4,1000,0.4,2
256,1085.0,29.36762950800039,"[4 4 4 4 4 4 4 0 4 4 4 4 4 4 4 4 4 1 4 4 4 2 4 0 1 4 4 0 4 4 4 4 2 4 4 4 4
 0 4 4 4 4 4 4 4 4 4 4 4 4]",1000,0.4,1000,0.4,2
512,1085.0,58.66469783899993,"[4 4 4 4 4 4 4 0 4 4 4 4 4 4 4 4 4 1 4 4 4 2 4 0 1 4 4 0 4 4 4 4 2 4 4 4 4
 0 4 4 4 4 4 4 4 4 4 4 4 4]",1000,0.4,1000,0.4,2
1024,1085.0,117.37650271800157,"[4 4 4 4 4 4 4 0 4 4 4 4 4 4 4 4 4 1 4 4 4 2 4 0 1 4 4 0 4 4 4 4 2 4 4 4 4
 0 4 4 4 4 4 4 4 4 4 4 4 4]",1000,0.4,1000,0.4,2
2048,1085.0,234.64682807700046,"[4 4 4 4 4 4 4 0 4 4 4 4 4 4 4 4 4 1 4 4 4 2 4 0 1 4 4 0 4 4 4 4 2 4 4 4 4
 0 4 4 4 4 4 4 4 4 4 4 4 4]",1000,0.4,1000,0.4,2
4096,1085.0,468.9611449540007,"[4 4 4 4 4 4 4 0 4 4 4 4 4 4 4 4 4 1 4 4 4 2 4 0 1 4 4 0 4 4 4 4 2 4 4 4 4
 0 4 4 4 4 4 4 4 4 4 4 4 4]",1000,0.4,1000,0.4,2
8192,1085.0,582.3444923420011,"[4 4 4 4 4 4 4 0 4 4 4 4 4 4 4 4 4 1 4 4 4 2 4 0 1 4 4 0 4 4 4 4 2 4 4 4 4
 0 4 4 4 4 4 4 4 4 4 4 4 4]",1000,0.4,1000,0.4,2
0,550.0,0.1052423879991693,"[0 0 3 2 3 0 2 1 3 2 4 4 4 3 4 2 3 3 2 1 2 4 3 0 4 3 1 2 0 4 4 2 4 2 1 0 2
 2 1 0 1 0 2 1 1 1 4 2 3 0]",2500,0.2,2500,0.2,2
1,827.0,0.43000198199843,"[4 4 3 3 4 4 4 0 3 2 4 0 3 3 3 2 4 2 4 3 4 3 1 1 4 4 3 3 4 4 3 2 2 4 3 4 2
 1 0 4 3 0 3 3 0 4 4 3 2 4]",2500,0.2,2500,0.2,2
2,827.0,0.7532884590000322,"[4 4 3 3 4 4 4 0 3 2 4 0 3 3 3 2 4 2 4 3 4 3 1 1 4 4 3 3 4 4 3 2 2 4 3 4 2
 1 0 4 3 0 3 3 0 4 4 3 2 4]",2500,0.2,2500,0.2,2
4,841.0,1.4016188839996175,"[3 0 1 3 4 3 1 1 1 4 4 3 3 3 3 4 4 3 3 4 0 1 0 3 4 3 4 3 4 1 4 4 0 4 3 3 3
 0 4 4 3 4 0 3 3 3 3 3 1 4]",2500,0.2,2500,0.2,2
8,910.0,2.6913904399989406,"[2 4 4 3 2 4 4 1 3 4 3 4 0 3 4 0 4 0 1 3 2 3 1 4 3 4 4 3 4 4 3 1 2 3 4 4 4
 4 1 4 1 4 4 4 3 4 4 4 3 3]",2500,0.2,2500,0.2,2
16,989.0,5.229561400999955,"[4 4 2 3 4 4 3 0 4 4 4 3 3 0 1 4 4 0 3 4 4 4 4 2 2 4 4 0 4 3 4 4 4 3 4 3 4
 3 1 3 4 4 3 4 4 3 4 3 4 3]",2500,0.2,2500,0.2,2
32,1048.0,10.364321177999955,"[3 4 3 4 3 3 4 1 4 4 4 4 4 4 4 3 4 2 3 4 3 1 1 1 1 4 4 1 4 4 4 4 2 4 4 4 4
 2 4 3 3 4 4 4 4 4 4 4 4 4]",2500,0.2,2500,0.2,2
64,1079.0,20.67243302099996,"[3 4 4 4 4 4 4 0 4 4 4 4 4 4 4 4 4 1 4 4 3 2 4 0 4 4 4 0 4 4 4 4 1 4 4 4 4
 1 4 4 1 4 4 4 4 4 4 4 4 4]",2500,0.2,2500,0.2,2
128,1085.0,41.19100971899934,"[4 4 4 4 4 4 4 0 4 4 4 4 4 4 4 4 4 0 4 4 4 3 4 0 3 4 4 0 4 4 4 4 1 4 4 4 4
 0 4 4 3 4 4 4 4 4 4 4 4 4]",2500,0.2,2500,0.2,2
256,1085.0,82.21041680499911,"[4 4 4 4 4 4 4 0 4 4 4 4 4 4 4 4 4 0 4 4 4 3 4 0 3 4 4 0 4 4 4 4 1 4 4 4 4
 0 4 4 3 4 4 4 4 4 4 4 4 4]",2500,0.2,2500,0.2,2
512,1085.0,164.42663104299936,"[4 4 4 4 4 4 4 0 4 4 4 4 4 4 4 4 4 0 4 4 4 3 4 0 3 4 4 0 4 4 4 4 1 4 4 4 4
 0 4 4 3 4 4 4 4 4 4 4 4 4]",2500,0.2,2500,0.2,2
1024,1085.0,329.1178458059985,"[4 4 4 4 4 4 4 0 4 4 4 4 4 4 4 4 4 0 4 4 4 3 4 0 3 4 4 0 4 4 4 4 1 4 4 4 4
 0 4 4 3 4 4 4 4 4 4 4 4 4]",2500,0.2,2500,0.2,2
2048,1085.0,658.1525452299993,"[4 4 4 4 4 4 4 0 4 4 4 4 4 4 4 4 4 0 4 4 4 3 4 0 3 4 4 0 4 4 4 4 1 4 4 4 4
 0 4 4 3 4 4 4 4 4 4 4 4 4]",2500,0.2,2500,0.2,2
4096,1085.0,1315.6879431479992,"[4 4 4 4 4 4 4 0 4 4 4 4 4 4 4 4 4 0 4 4 4 3 4 0 3 4 4 0 4 4 4 4 1 4 4 4 4
 0 4 4 3 4 4 4 4 4 4 4 4 4]",2500,0.2,2500,0.2,2
8192,1085.0,1633.2025411139984,"[4 4 4 4 4 4 4 0 4 4 4 4 4 4 4 4 4 0 4 4 4 3 4 0 3 4 4 0 4 4 4 4 1 4 4 4 4
 0 4 4 3 4 4 4 4 4 4 4 4 4]",2500,0.2,2500,0.2,2
0,550.0,0.10657854000055522,"[0 0 3 2 3 0 2 1 3 2 4 4 4 3 4 2 3 3 2 1 2 4 3 0 4 3 1 2 0 4 4 2 4 2 1 0 2
 2 1 0 1 0 2 1 1 1 4 2 3 0]",2500,0.4,2500,0.4,2
1,777.0,0.4253944629999751,"[1 3 3 1 1 1 1 3 2 3 4 3 2 2 3 4 2 2 4 0 4 1 2 2 1 3 4 2 4 1 2 2 4 2 4 2 2
 4 3 2 2 4 3 4 3 4 0 3 4 4]",2500,0.4,2500,0.4,2
2,802.0,0.7443974840007286,"[1 2 4 1 0 3 2 2 4 4 4 0 4 1 4 4 4 4 4 2 0 2 0 4 2 1 3 3 4 4 3 0 3 3 4 2 4
 2 4 0 2 4 3 3 0 2 3 4 2 4]",2500,0.4,2500,0.4,2
4,854.0,1.364095635999547,"[3 4 0 3 1 4 3 2 4 2 2 4 2 1 4 4 4 3 2 4 3 1 2 3 4 3 4 3 3 2 1 4 2 4 4 4 3
 3 1 0 1 3 3 2 2 4 4 4 4 1]",2500,0.4,2500,0.4,2
8,893.0,2.5847136530010175,"[1 4 3 3 3 3 2 2 4 4 4 4 4 3 0 1 4 2 3 4 3 2 3 3 4 1 4 0 3 3 0 2 2 4 3 4 4
 4 1 4 2 4 3 3 4 4 1 4 3 4]",2500,0.4,2500,0.4,2
16,977.0,5.096951043000445,"[1 4 3 3 4 4 2 2 4 4 2 4 4 3 0 4 4 1 1 4 3 0 4 4 4 4 4 2 4 0 4 3 1 4 4 4 4
 4 3 3 4 4 4 2 4 4 4 3 4 4]",2500,0.4,2500,0.4,2
32,1047.0,10.112568247999661,"[3 4 3 3 4 4 4 1 4 4 4 4 4 3 4 4 4 1 4 4 4 2 0 2 4 4 4 0 4 4 4 3 0 3 4 4 4
 2 4 4 2 4 4 4 4 4 3 3 4 4]",2500,0.4,2500,0.4,2
64,1083.0,20.093665001000772,"[3 4 4 4 4 4 4 0 4 4 4 4 4 4 4 4 4 1 4 4 4 3 3 0 3 4 4 0 4 4 4 4 1 4 4 4 4
 0 4 4 3 4 4 4 4 4 4 4 4 4]",2500,0.4,2500,0.4,2
128,1085.0,40.216447554001206,"[3 4 4 4 4 4 4 0 4 4 4 4 4 4 4 4 4 0 4 4 4 4 4 0 3 4 4 0 4 4 4 4 0 4 4 4 4
 0 4 4 4 4 4 4 4 4 4 4 4 4]",2500,0.4,2500,0.4,2
256,1085.0,80.18705082800079,"[3 4 4 4 4 4 4 0 4 4 4 4 4 4 4 4 4 0 4 4 4 4 4 0 3 4 4 0 4 4 4 4 0 4 4 4 4
 0 4 4 4 4 4 4 4 4 4 4 4 4]",2500,0.4,2500,0.4,2
512,1085.0,160.3082724880005,"[3 4 4 4 4 4 4 0 4 4 4 4 4 4 4 4 4 0 4 4 4 4 4 0 3 4 4 0 4 4 4 4 0 4 4 4 4
 0 4 4 4 4 4 4 4 4 4 4 4 4]",2500,0.4,2500,0.4,2
1024,1085.0,320.2589544500006,"[3 4 4 4 4 4 4 0 4 4 4 4 4 4 4 4 4 0 4 4 4 4 4 0 3 4 4 0 4 4 4 4 0 4 4 4 4
 0 4 4 4 4 4 4 4 4 4 4 4 4]",2500,0.4,2500,0.4,2
2048,1085.0,640.5613268190009,"[3 4 4 4 4 4 4 0 4 4 4 4 4 4 4 4 4 0 4 4 4 4 4 0 3 4 4 0 4 4 4 4 0 4 4 4 4
 0 4 4 4 4 4 4 4 4 4 4 4 4]",2500,0.4,2500,0.4,2
4096,1085.0,1281.7517180659997,"[3 4 4 4 4 4 4 0 4 4 4 4 4 4 4 4 4 0 4 4 4 4 4 0 3 4 4 0 4 4 4 4 0 4 4 4 4
 0 4 4 4 4 4 4 4 4 4 4 4 4]",2500,0.4,2500,0.4,2
8192,1085.0,1588.0243458650002,"[3 4 4 4 4 4 4 0 4 4 4 4 4 4 4 4 4 0 4 4 4 4 4 0 3 4 4 0 4 4 4 4 0 4 4 4 4
 0 4 4 4 4 4 4 4 4 4 4 4 4]",2500,0.4,2500,0.4,2
0,462.0,0.008637758999611833,"[2 0 1 3 0 0 0 3 2 3 1 1 2 0 4 4 0 2 1 2 2 2 4 1 3 2 0 1 2 0 3 0 3 1 3 0 4
 1 4 4 0 0 1 2 4 0 0 1 1 1]",200,0.2,200,0.2,3
1,745.0,0.03156155599936028,"[3 3 4 0 0 2 2 1 3 4 4 1 2 0 3 4 4 4 3 4 1 3 0 4 1 4 4 1 1 2 4 0 0 4 4 4 1
 2 2 4 4 0 1 4 4 0 4 2 3 2]",200,0.2,200,0.2,3
2,811.0,0.05465270599961514,"[3 4 3 0 3 2 4 1 4 4 4 1 2 0 2 4 4 0 3 4 0 4 4 4 1 4 4 1 4 2 3 0 0 4 4 4 4
 4 3 3 1 0 2 3 4 0 4 2 3 2]",200,0.2,200,0.2,3
4,811.0,0.10049558299942873,"[3 4 3 0 3 2 4 1 4 4 4 1 2 0 2 4 4 0 3 4 0 4 4 4 1 4 4 1 4 2 3 0 0 4 4 4 4
 4 3 3 1 0 2 3 4 0 4 2 3 2]",200,0.2,200,0.2,3
8,885.0,0.19186864199946285,"[4 3 3 4 1 4 4 3 4 3 2 2 4 4 3 4 3 0 3 4 1 0 3 3 3 3 4 2 4 0 0 4 3 1 4 4 4
 2 3 2 3 4 4 4 3 4 1 4 3 0]",200,0.2,200,0.2,3
16,960.0,0.3710187329998007,"[3 4 4 2 4 3 4 1 4 4 3 4 4 4 4 4 3 2 2 4 2 4 2 4 4 4 4 1 4 3 2 0 0 4 2 4 4
 3 4 3 2 3 1 4 4 4 4 4 3 4]",200,0.2,200,0.2,3
32,1015.0,0.735237965000124,"[3 4 1 4 2 4 3 0 4 4 3 4 4 2 4 4 3 3 4 4 1 1 4 1 3 4 4 2 4 3 2 0 3 4 4 4 4
 3 3 4 2 4 4 4 4 4 4 4 4 4]",200,0.2,200,0.2,3
64,1069.0,1.435429634000684,"[4 4 4 4 4 4 4 0 4 4 4 4 4 4 4 4 4 3 4 4 4 1 4 0 0 4 4 1 4 4 2 3 3 4 4 4 4
 2 4 4 2 4 4 4 4 4 4 4 4 4]",200,0.2,200,0.2,3
128,1083.0,2.851514956999381,"[4 4 4 4 4 4 4 0 4 4 4 4 4 4 4 4 4 3 4 4 4 4 3 0 1 4 4 0 4 4 4 4 1 4 4 4 4
 0 4 4 2 4 4 4 4 4 4 4 4 4]",200,0.2,200,0.2,3
256,1083.0,5.721620497000913,"[4 4 4 4 4 4 4 0 4 4 4 4 4 4 4 4 4 3 4 4 4 4 3 0 1 4 4 0 4 4 4 4 1 4 4 4 4
 0 4 4 2 4 4 4 4 4 4 4 4 4]",200,0.2,200,0.2,3
512,1083.0,11.455032169000333,"[4 4 4 4 4 4 4 0 4 4 4 4 4 4 4 4 4 3 4 4 4 4 3 0 1 4 4 0 4 4 4 4 1 4 4 4 4
 0 4 4 2 4 4 4 4 4 4 4 4 4]",200,0.2,200,0.2,3
1024,1083.0,22.921073117999185,"[4 4 4 4 4 4 4 0 4 4 4 4 4 4 4 4 4 3 4 4 4 4 3 0 1 4 4 0 4 4 4 4 1 4 4 4 4
 0 4 4 2 4 4 4 4 4 4 4 4 4]",200,0.2,200,0.2,3
2048,1083.0,45.96208070499961,"[4 4 4 4 4 4 4 0 4 4 4 4 4 4 4 4 4 3 4 4 4 4 3 0 1 4 4 0 4 4 4 4 1 4 4 4 4
 0 4 4 2 4 4 4 4 4 4 4 4 4]",200,0.2,200,0.2,3
4096,1083.0,92.27909193800042,"[4 4 4 4 4 4 4 0 4 4 4 4 4 4 4 4 4 3 4 4 4 4 3 0 1 4 4 0 4 4 4 4 1 4 4 4 4
 0 4 4 2 4 4 4 4 4 4 4 4 4]",200,0.2,200,0.2,3
8192,1083.0,115.40317969699936,"[4 4 4 4 4 4 4 0 4 4 4 4 4 4 4 4 4 3 4 4 4 4 3 0 1 4 4 0 4 4 4 4 1 4 4 4 4
 0 4 4 2 4 4 4 4 4 4 4 4 4]",200,0.2,200,0.2,3
0,462.0,0.008610111999587389,"[2 0 1 3 0 0 0 3 2 3 1 1 2 0 4 4 0 2 1 2 2 2 4 1 3 2 0 1 2 0 3 0 3 1 3 0 4
 1 4 4 0 0 1 2 4 0 0 1 1 1]",200,0.4,200,0.4,3
1,718.0,0.030718694999450236,"[2 0 1 4 1 2 4 0 3 2 3 3 4 0 4 1 3 2 2 4 1 1 2 2 1 4 2 3 0 3 2 1 3 1 1 2 4
 4 3 2 1 4 4 3 4 1 3 3 4 3]",200,0.4,200,0.4,3
2,738.0,0.05348953700013226,"[2 2 2 1 2 3 3 3 0 4 4 3 4 0 4 3 3 1 3 3 2 4 0 1 1 3 3 4 0 4 2 2 2 2 4 2 4
 3 4 1 2 2 2 4 2 2 3 2 3 3]",200,0.4,200,0.4,3
4,790.0,0.09816345000035653,"[3 2 4 3 3 4 3 4 4 4 2 4 1 0 0 4 1 0 3 3 2 3 0 0 0 4 4 0 4 4 4 1 3 2 4 4 4
 1 4 4 4 0 4 2 4 2 1 1 3 4]",200,0.4,200,0.4,3
8,877.0,0.1871733560001303,"[4 4 3 4 2 4 1 2 3 3 3 1 1 4 3 4 4 4 3 4 4 2 1 4 3 3 4 4 2 3 4 4 0 4 4 0 4
 2 3 1 2 3 4 4 4 3 3 4 4 0]",200,0.4,200,0.4,3
16,960.0,0.3625729469986254,"[4 4 4 4 4 4 3 3 4 3 3 4 3 4 4 4 4 1 3 3 4 0 4 4 3 4 1 0 4 3 2 2 3 4 1 4 4
 4 4 3 0 4 4 4 4 4 3 4 3 4]",200,0.4,200,0.4,3
32,1039.0,0.711725048999142,"[4 4 4 4 4 4 3 1 4 4 4 4 4 3 4 4 4 4 4 4 2 0 3 2 1 4 4 0 4 3 4 4 3 3 4 4 3
 0 3 2 0 4 4 4 4 4 4 4 4 4]",200,0.4,200,0.4,3
64,1078.0,1.4080468939991988,"[4 4 4 4 4 4 4 1 4 4 4 4 4 4 4 4 4 0 4 4 4 1 4 2 1 4 4 0 4 4 4 4 0 4 4 4 4
 2 4 4 3 4 4 4 4 4 4 4 4 4]",200,0.4,200,0.4,3
128,1083.0,2.809270169998854,"[4 4 4 4 4 4 4 0 4 4 4 4 4 4 4 4 4 0 4 4 4 3 4 1 2 4 4 0 4 4 4 4 3 4 4 4 4
 0 4 4 1 4 4 4 4 4 4 4 4 4]",200,0.4,200,0.4,3
256,1083.0,5.573644676998811,"[4 4 4 4 4 4 4 0 4 4 4 4 4 4 4 4 4 0 4 4 4 3 4 1 2 4 4 0 4 4 4 4 3 4 4 4 4
 0 4 4 1 4 4 4 4 4 4 4 4 4]",200,0.4,200,0.4,3
512,1083.0,11.128627468999184,"[4 4 4 4 4 4 4 0 4 4 4 4 4 4 4 4 4 0 4 4 4 3 4 1 2 4 4 0 4 4 4 4 3 4 4 4 4
 0 4 4 1 4 4 4 4 4 4 4 4 4]",200,0.4,200,0.4,3
1024,1084.0,22.243077911998625,"[4 4 4 4 4 4 4 0 4 4 4 4 4 4 4 4 4 0 4 4 4 4 4 0 2 4 4 0 4 4 4 4 3 4 4 4 4
 0 4 4 1 4 4 4 4 4 4 4 4 4]",200,0.4,200,0.4,3
2048,1084.0,44.595996325999295,"[4 4 4 4 4 4 4 0 4 4 4 4 4 4 4 4 4 0 4 4 4 4 4 0 2 4 4 0 4 4 4 4 3 4 4 4 4
 0 4 4 1 4 4 4 4 4 4 4 4 4]",200,0.4,200,0.4,3
4096,1084.0,89.59485784099888,"[4 4 4 4 4 4 4 0 4 4 4 4 4 4 4 4 4 0 4 4 4 4 4 0 2 4 4 0 4 4 4 4 3 4 4 4 4
 0 4 4 1 4 4 4 4 4 4 4 4 4]",200,0.4,200,0.4,3
8192,1084.0,124.72944398300024,"[4 4 4 4 4 4 4 0 4 4 4 4 4 4 4 4 4 0 4 4 4 4 4 0 2 4 4 0 4 4 4 4 3 4 4 4 4
 0 4 4 1 4 4 4 4 4 4 4 4 4]",200,0.4,200,0.4,3
0,462.0,0.016934216999288765,"[2 0 1 3 0 0 0 3 2 3 1 1 2 0 4 4 0 2 1 2 2 2 4 1 3 2 0 1 2 0 3 0 3 1 3 0 4
 1 4 4 0 0 1 2 4 0 0 1 1 1]",400,0.2,400,0.2,3
1,770.0,0.06254785999954038,"[2 4 4 3 3 4 0 4 1 4 2 4 4 1 3 3 1 0 4 3 2 4 3 2 0 3 2 1 4 4 4 3 0 1 3 4 4
 4 1 1 4 3 4 0 4 2 3 1 2 4]",400,0.2,400,0.2,3
2,770.0,0.10907510899960471,"[2 4 4 3 3 4 0 4 1 4 2 4 4 1 3 3 1 0 4 3 2 4 3 2 0 3 2 1 4 4 4 3 0 1 3 4 4
 4 1 1 4 3 4 0 4 2 3 1 2 4]",400,0.2,400,0.2,3
4,812.0,0.2010670370000298,"[3 3 2 0 1 4 3 3 4 4 1 3 4 2 4 4 3 0 1 3 0 1 2 4 0 1 4 3 2 0 4 1 4 4 3 3 4
 4 3 2 3 3 2 3 4 4 3 2 3 3]",400,0.2,400,0.2,3
8,865.0,0.38250133600013214,"[4 3 3 4 2 4 4 3 4 2 4 3 2 0 4 3 4 0 3 3 3 1 1 0 4 2 4 0 4 3 3 3 4 3 1 2 4
 0 4 4 2 3 3 4 3 1 0 4 4 4]",400,0.2,400,0.2,3
16,968.0,0.7470687879995239,"[3 4 3 4 3 4 4 3 3 4 3 2 4 4 3 4 4 3 3 4 2 0 1 0 2 4 4 3 4 3 3 0 4 4 3 4 4
 0 4 3 4 4 3 3 4 4 3 4 3 3]",400,0.2,400,0.2,3
32,1034.0,1.4675482950005971,"[2 3 3 3 4 4 4 1 4 4 3 4 4 2 3 4 4 4 4 4 2 3 4 0 1 4 4 0 4 4 3 4 2 4 4 4 4
 1 4 4 3 3 4 4 4 4 3 4 4 4]",400,0.2,400,0.2,3
64,1076.0,2.8862887949999276,"[3 4 4 4 4 4 4 1 4 4 4 4 4 4 4 4 4 2 4 4 4 0 4 0 2 4 4 0 4 4 4 3 2 4 4 4 4
 0 4 4 4 4 4 4 4 4 3 4 4 4]",400,0.2,400,0.2,3
128,1084.0,5.788662032000502,"[3 4 4 4 4 4 4 0 4 4 4 4 4 4 4 4 4 1 4 4 4 0 4 0 3 4 4 0 4 4 4 4 2 4 4 4 4
 0 4 4 4 4 4 4 4 4 4 4 4 4]",400,0.2,400,0.2,3
256,1084.0,11.60364458100048,"[3 4 4 4 4 4 4 0 4 4 4 4 4 4 4 4 4 1 4 4 4 0 4 0 3 4 4 0 4 4 4 4 2 4 4 4 4
 0 4 4 4 4 4 4 4 4 4 4 4 4]",400,0.2,400,0.2,3
512,1085.0,23.107254483998986,"[4 4 4 4 4 4 4 0 4 4 4 4 4 4 4 4 4 1 4 4 4 2 4 0 1 4 4 0 4 4 4 4 2 4 4 4 4
 0 4 4 4 4 4 4 4 4 4 4 4 4]",400,0.2,400,0.2,3
1024,1085.0,46.27660817399919,"[4 4 4 4 4 4 4 0 4 4 4 4 4 4 4 4 4 1 4 4 4 2 4 0 1 4 4 0 4 4 4 4 2 4 4 4 4
 0 4 4 4 4 4 4 4 4 4 4 4 4]",400,0.2,400,0.2,3
2048,1085.0,92.71377124199898,"[4 4 4 4 4 4 4 0 4 4 4 4 4 4 4 4 4 1 4 4 4 2 4 0 1 4 4 0 4 4 4 4 2 4 4 4 4
 0 4 4 4 4 4 4 4 4 4 4 4 4]",400,0.2,400,0.2,3
4096,1085.0,185.74635478500022,"[4 4 4 4 4 4 4 0 4 4 4 4 4 4 4 4 4 1 4 4 4 2 4 0 1 4 4 0 4 4 4 4 2 4 4 4 4
 0 4 4 4 4 4 4 4 4 4 4 4 4]",400,0.2,400,0.2,3
8192,1085.0,239.7716320719992,"[4 4 4 4 4 4 4 0 4 4 4 4 4 4 4 4 4 1 4 4 4 2 4 0 1 4 4 0 4 4 4 4 2 4 4 4 4
 0 4 4 4 4 4 4 4 4 4 4 4 4]",400,0.2,400,0.2,3
0,462.0,0.017228165999767953,"[2 0 1 3 0 0 0 3 2 3 1 1 2 0 4 4 0 2 1 2 2 2 4 1 3 2 0 1 2 0 3 0 3 1 3 0 4
 1 4 4 0 0 1 2 4 0 0 1 1 1]",400,0.4,400,0.4,3
1,751.0,0.06253106199983449,"[4 4 4 4 2 2 2 1 3 3 3 3 3 3 1 3 0 4 3 4 1 4 1 3 3 3 1 0 4 4 2 4 1 2 2 4 4
 2 3 3 2 3 1 3 4 3 2 0 1 4]",400,0.4,400,0.4,3
2,767.0,0.10760733900133346,"[3 2 2 2 4 3 4 0 3 4 1 0 2 4 3 2 2 4 3 3 4 2 1 0 4 2 4 2 2 0 2 0 2 4 3 3 0
 2 4 0 2 4 4 3 4 4 4 3 4 4]",400,0.4,400,0.4,3
4,819.0,0.19775323800058686,"[4 4 1 1 3 4 0 3 4 0 4 3 2 3 4 2 2 4 2 4 0 1 1 2 4 4 2 4 4 0 3 4 2 4 4 3 3
 4 3 2 2 3 3 3 4 3 4 1 3 2]",400,0.4,400,0.4,3
8,886.0,0.3753723230001924,"[2 4 1 3 1 3 4 3 4 1 3 3 4 4 4 0 2 3 3 4 1 0 0 1 4 4 4 2 4 4 3 0 2 4 4 4 4
 4 4 0 3 4 4 2 4 4 3 2 4 4]",400,0.4,400,0.4,3
16,975.0,0.7328353800003242,"[2 2 4 4 3 3 2 2 4 4 4 4 4 0 2 4 4 3 3 4 1 1 2 1 2 4 4 2 3 0 4 4 2 3 3 4 4
 4 3 2 2 4 4 4 4 3 4 4 4 4]",400,0.4,400,0.4,3
32,1035.0,1.4403867310011265,"[3 4 4 1 3 3 4 0 4 4 3 4 4 3 4 4 4 2 3 4 4 4 3 1 2 4 4 0 4 4 3 4 3 3 4 4 4
 2 3 4 4 4 4 4 4 3 3 4 4 4]",400,0.4,400,0.4,3
64,1082.0,2.844155597000281,"[4 4 4 4 4 4 4 0 4 4 4 4 4 4 4 4 4 0 4 4 4 2 4 1 3 4 4 0 4 4 4 4 2 4 4 4 4
 2 4 4 0 4 4 4 4 4 4 4 4 4]",400,0.4,400,0.4,3
128,1085.0,5.64490562300125,"[4 4 4 4 4 4 4 0 4 4 4 4 4 4 4 4 4 0 4 4 4 3 4 0 2 4 4 0 4 4 4 4 2 4 4 4 4
 0 4 4 3 4 4 4 4 4 4 4 4 4]",400,0.4,400,0.4,3
256,1085.0,11.260393754000688,"[4 4 4 4 4 4 4 0 4 4 4 4 4 4 4 4 4 0 4 4 4 3 4 0 2 4 4 0 4 4 4 4 2 4 4 4 4
 0 4 4 3 4 4 4 4 4 4 4 4 4]",400,0.4,400,0.4,3
512,1085.0,22.53758516200105,"[4 4 4 4 4 4 4 0 4 4 4 4 4 4 4 4 4 0 4 4 4 3 4 0 2 4 4 0 4 4 4 4 2 4 4 4 4
 0 4 4 3 4 4 4 4 4 4 4 4 4]",400,0.4,400,0.4,3
1024,1085.0,45.071936676000405,"[4 4 4 4 4 4 4 0 4 4 4 4 4 4 4 4 4 0 4 4 4 3 4 0 2 4 4 0 4 4 4 4 2 4 4 4 4
 0 4 4 3 4 4 4 4 4 4 4 4 4]",400,0.4,400,0.4,3
2048,1085.0,90.07935984300093,"[4 4 4 4 4 4 4 0 4 4 4 4 4 4 4 4 4 0 4 4 4 3 4 0 2 4 4 0 4 4 4 4 2 4 4 4 4
 0 4 4 3 4 4 4 4 4 4 4 4 4]",400,0.4,400,0.4,3
4096,1085.0,180.6640004889996,"[4 4 4 4 4 4 4 0 4 4 4 4 4 4 4 4 4 0 4 4 4 3 4 0 2 4 4 0 4 4 4 4 2 4 4 4 4
 0 4 4 3 4 4 4 4 4 4 4 4 4]",400,0.4,400,0.4,3
8192,1085.0,225.12783876400135,"[4 4 4 4 4 4 4 0 4 4 4 4 4 4 4 4 4 0 4 4 4 3 4 0 2 4 4 0 4 4 4 4 2 4 4 4 4
 0 4 4 3 4 4 4 4 4 4 4 4 4]",400,0.4,400,0.4,3
0,462.0,0.04338071800157195,"[2 0 1 3 0 0 0 3 2 3 1 1 2 0 4 4 0 2 1 2 2 2 4 1 3 2 0 1 2 0 3 0 3 1 3 0 4
 1 4 4 0 0 1 2 4 0 0 1 1 1]",1000,0.2,1000,0.2,3
1,786.0,0.1665965550018882,"[1 4 1 4 4 0 3 0 4 4 3 4 4 4 1 1 4 0 2 4 2 3 2 3 0 1 4 4 3 1 3 1 4 0 2 0 4
 4 1 0 3 4 3 4 4 1 1 4 4 3]",1000,0.2,1000,0.2,3
2,786.0,0.28702894000161905,"[1 4 1 4 4 0 3 0 4 4 3 4 4 4 1 1 4 0 2 4 2 3 2 3 0 1 4 4 3 1 3 1 4 0 2 0 4
 4 1 0 3 4 3 4 4 1 1 4 4 3]",1000,0.2,1000,0.2,3
4,825.0,0.5169686959998216,"[1 4 1 3 2 3 2 2 4 3 4 3 3 1 2 1 4 4 3 4 3 3 1 2 4 4 4 3 4 1 2 3 4 0 4 2 4
 3 3 1 2 2 3 2 4 2 1 4 2 2]",1000,0.2,1000,0.2,3
8,924.0,0.9749676050014386,"[4 3 4 4 1 3 4 1 3 4 4 2 4 0 4 4 4 0 2 4 3 3 1 2 2 3 3 1 4 4 4 3 3 4 3 2 4
 4 3 4 3 4 4 4 0 3 3 4 3 3]",1000,0.2,1000,0.2,3
16,980.0,1.8939778640014993,"[4 2 4 2 4 2 4 3 4 2 4 4 4 3 4 4 4 1 2 3 4 3 4 3 4 4 4 1 4 4 4 2 1 2 4 4 4
 0 4 2 2 4 3 3 4 4 3 4 4 4]",1000,0.2,1000,0.2,3
32,1041.0,3.797405493001861,"[1 4 4 4 4 3 3 0 4 3 4 4 4 1 4 4 4 3 1 4 4 4 0 3 2 4 4 1 4 4 4 3 2 4 4 4 4
 1 4 4 1 4 4 4 4 4 4 4 4 4]",1000,0.2,1000,0.2,3
64,1078.0,7.554999885000143,"[2 4 4 4 4 4 4 0 4 4 4 4 4 4 4 4 4 4 4 4 4 4 4 0 2 4 4 0 4 4 4 4 1 4 4 4 4
 0 4 4 0 4 4 4 4 4 4 4 4 4]",1000,0.2,1000,0.2,3
128,1085.0,15.074410499000805,"[4 4 4 4 4 4 4 0 4 4 4 4 4 4 4 4 4 0 4 4 4 2 4 0 2 4 4 0 4 4 4 4 1 4 4 4 4
 1 4 4 4 4 4 4 4 4 4 4 4 4]",1000,0.2,1000,0.2,3
256,1085.0,30.137913868002215,"[4 4 4 4 4 4 4 0 4 4 4 4 4 4 4 4 4 0 4 4 4 2 4 0 2 4 4 0 4 4 4 4 1 4 4 4 4
 1 4 4 4 4 4 4 4 4 4 4 4 4]",1000,0.2,1000,0.2,3
512,1085.0,60.16878149100012,"[4 4 4 4 4 4 4 0 4 4 4 4 4 4 4 4 4 0 4 4 4 2 4 0 2 4 4 0 4 4 4 4 1 4 4 4 4
 1 4 4 4 4 4 4 4 4 4 4 4 4]",1000,0.2,1000,0.2,3
1024,1085.0,120.29978304600081,"[4 4 4 4 4 4 4 0 4 4 4 4 4 4 4 4 4 0 4 4 4 2 4 0 2 4 4 0 4 4 4 4 1 4 4 4 4
 1 4 4 4 4 4 4 4 4 4 4 4 4]",1000,0.2,1000,0.2,3
2048,1085.0,240.84484033099943,"[4 4 4 4 4 4 4 0 4 4 4 4 4 4 4 4 4 0 4 4 4 2 4 0 2 4 4 0 4 4 4 4 1 4 4 4 4
 1 4 4 4 4 4 4 4 4 4 4 4 4]",1000,0.2,1000,0.2,3
4096,1085.0,482.3712682760015,"[4 4 4 4 4 4 4 0 4 4 4 4 4 4 4 4 4 0 4 4 4 2 4 0 2 4 4 0 4 4 4 4 1 4 4 4 4
 1 4 4 4 4 4 4 4 4 4 4 4 4]",1000,0.2,1000,0.2,3
8192,1085.0,599.0692065020012,"[4 4 4 4 4 4 4 0 4 4 4 4 4 4 4 4 4 0 4 4 4 2 4 0 2 4 4 0 4 4 4 4 1 4 4 4 4
 1 4 4 4 4 4 4 4 4 4 4 4 4]",1000,0.2,1000,0.2,3
0,462.0,0.04191618299955735,"[2 0 1 3 0 0 0 3 2 3 1 1 2 0 4 4 0 2 1 2 2 2 4 1 3 2 0 1 2 0 3 0 3 1 3 0 4
 1 4 4 0 0 1 2 4 0 0 1 1 1]",1000,0.4,1000,0.4,3
1,753.0,0.157774059996882,"[4 2 0 1 3 1 2 2 1 4 4 4 4 0 2 4 4 0 3 2 4 3 0 2 0 4 4 1 4 0 2 2 0 4 2 4 1
 2 1 2 1 3 3 1 4 4 3 3 4 2]",1000,0.4,1000,0.4,3
2,801.0,0.2729400359967258,"[0 4 2 3 4 2 2 1 3 3 0 4 1 4 3 1 3 3 3 4 4 4 1 2 3 2 3 3 4 0 2 4 4 4 1 1 4
 2 1 2 2 4 4 4 4 4 1 3 2 4]",1000,0.4,1000,0.4,3
4,823.0,0.5031025659991428,"[1 0 2 3 4 2 2 1 3 3 0 4 3 2 3 4 3 2 4 4 4 3 3 4 1 2 2 3 4 1 2 4 4 3 4 4 4
 2 1 4 4 2 4 2 4 2 3 3 2 4]",1000,0.4,1000,0.4,3
8,884.0,0.9615741829984472,"[0 4 4 3 4 4 3 1 4 2 4 2 1 4 3 4 3 1 3 4 0 0 3 4 4 4 4 4 4 1 0 4 4 2 1 4 3
 2 4 4 4 3 1 3 3 4 4 4 4 4]",1000,0.4,1000,0.4,3
16,964.0,1.8848932039982174,"[2 4 3 3 3 4 4 1 3 4 4 4 4 0 3 4 4 3 0 4 4 1 1 3 4 3 4 3 4 1 2 3 3 1 4 4 3
 0 4 3 2 4 4 4 4 4 4 4 4 2]",1000,0.4,1000,0.4,3
32,1058.0,3.7206928539999353,"[4 4 4 3 4 2 4 0 4 4 4 4 4 4 4 4 4 1 4 4 4 3 4 0 4 4 4 0 4 4 4 2 2 4 4 4 4
 2 2 4 3 3 4 4 4 4 4 4 4 4]",1000,0.4,1000,0.4,3
64,1079.0,7.344591760996991,"[4 4 4 4 4 4 4 0 4 4 4 4 4 3 4 4 4 0 4 4 4 1 4 0 3 4 4 0 4 4 4 3 1 4 4 4 4
 2 4 4 3 4 4 4 4 4 4 4 4 4]",1000,0.4,1000,0.4,3
128,1085.0,14.658462793999206,"[4 4 4 4 4 4 4 0 4 4 4 4 4 4 4 4 4 0 4 4 4 3 4 0 2 4 4 0 4 4 4 4 2 4 4 4 4
 0 4 4 3 4 4 4 4 4 4 4 4 4]",1000,0.4,1000,0.4,3
256,1085.0,29.245768541997677,"[4 4 4 4 4 4 4 0 4 4 4 4 4 4 4 4 4 0 4 4 4 3 4 0 2 4 4 0 4 4 4 4 2 4 4 4 4
 0 4 4 3 4 4 4 4 4 4 4 4 4]",1000,0.4,1000,0.4,3
512,1085.0,58.55396986999767,"[4 4 4 4 4 4 4 0 4 4 4 4 4 4 4 4 4 0 4 4 4 3 4 0 2 4 4 0 4 4 4 4 2 4 4 4 4
 0 4 4 3 4 4 4 4 4 4 4 4 4]",1000,0.4,1000,0.4,3
1024,1085.0,117.04294843399839,"[4 4 4 4 4 4 4 0 4 4 4 4 4 4 4 4 4 0 4 4 4 3 4 0 2 4 4 0 4 4 4 4 2 4 4 4 4
 0 4 4 3 4 4 4 4 4 4 4 4 4]",1000,0.4,1000,0.4,3
2048,1085.0,234.15335226899697,"[4 4 4 4 4 4 4 0 4 4 4 4 4 4 4 4 4 0 4 4 4 3 4 0 2 4 4 0 4 4 4 4 2 4 4 4 4
 0 4 4 3 4 4 4 4 4 4 4 4 4]",1000,0.4,1000,0.4,3
4096,1085.0,468.40967859199736,"[4 4 4 4 4 4 4 0 4 4 4 4 4 4 4 4 4 0 4 4 4 3 4 0 2 4 4 0 4 4 4 4 2 4 4 4 4
 0 4 4 3 4 4 4 4 4 4 4 4 4]",1000,0.4,1000,0.4,3
8192,1085.0,581.7768644169992,"[4 4 4 4 4 4 4 0 4 4 4 4 4 4 4 4 4 0 4 4 4 3 4 0 2 4 4 0 4 4 4 4 2 4 4 4 4
 0 4 4 3 4 4 4 4 4 4 4 4 4]",1000,0.4,1000,0.4,3
0,462.0,0.10178532600184553,"[2 0 1 3 0 0 0 3 2 3 1 1 2 0 4 4 0 2 1 2 2 2 4 1 3 2 0 1 2 0 3 0 3 1 3 0 4
 1 4 4 0 0 1 2 4 0 0 1 1 1]",2500,0.2,2500,0.2,3
1,800.0,0.4211193330011156,"[2 3 0 4 4 1 4 2 0 2 3 4 4 0 4 3 4 1 0 4 4 2 4 3 0 4 2 4 4 1 4 2 4 2 4 4 4
 0 1 2 2 2 4 3 2 3 4 2 3 1]",2500,0.2,2500,0.2,3
2,811.0,0.7430197370013047,"[1 3 0 3 4 0 2 1 4 1 4 4 4 3 3 3 2 1 2 4 1 4 2 0 2 2 3 2 4 2 4 3 4 3 4 3 4
 2 3 4 4 4 2 1 4 3 4 2 1 1]",2500,0.2,2500,0.2,3
4,837.0,1.3909370959991065,"[0 4 2 4 3 3 1 4 3 3 1 4 0 4 4 4 1 4 4 3 2 3 4 4 3 1 4 3 4 4 4 4 4 0 4 0 4
 4 4 4 2 3 4 2 4 3 2 3 4 2]",2500,0.2,2500,0.2,3
8,882.0,2.6937429839999822,"[1 4 1 3 3 2 3 3 2 2 2 4 3 0 4 4 3 4 3 4 3 2 4 1 4 2 4 3 4 4 4 3 3 2 3 4 4
 2 2 1 0 4 4 4 2 3 0 3 4 4]",2500,0.2,2500,0.2,3
16,991.0,5.256311265002296,"[3 3 4 4 3 4 3 2 4 3 4 4 3 2 3 4 4 2 4 4 1 3 1 1 0 4 4 0 4 2 4 4 3 3 4 4 4
 4 3 3 2 2 4 4 4 2 3 4 4 4]",2500,0.2,2500,0.2,3
32,1039.0,10.384682040999905,"[3 4 3 4 3 4 4 0 4 4 3 4 3 1 4 4 4 0 4 4 4 4 3 0 1 4 4 2 4 4 4 4 0 3 4 4 4
 2 3 3 4 4 4 4 4 4 4 4 4 4]",2500,0.2,2500,0.2,3
64,1082.0,20.64323756399972,"[4 4 4 4 4 4 4 0 4 4 4 4 4 4 4 4 4 2 4 4 4 1 4 1 1 4 4 0 4 4 4 4 1 4 4 4 4
 1 4 4 3 4 4 4 4 4 4 4 4 4]",2500,0.2,2500,0.2,3
128,1085.0,41.12303498000256,"[4 4 4 4 4 4 4 0 4 4 4 4 4 4 4 4 4 1 4 4 4 2 4 0 4 4 4 0 4 4 4 4 0 4 4 4 4
 0 4 4 3 4 4 4 4 4 4 4 4 4]",2500,0.2,2500,0.2,3
256,1085.0,82.09368505699967,"[4 4 4 4 4 4 4 0 4 4 4 4 4 4 4 4 4 1 4 4 4 2 4 0 4 4 4 0 4 4 4 4 0 4 4 4 4
 0 4 4 3 4 4 4 4 4 4 4 4 4]",2500,0.2,2500,0.2,3
512,1085.0,164.21829626600083,"[4 4 4 4 4 4 4 0 4 4 4 4 4 4 4 4 4 1 4 4 4 2 4 0 4 4 4 0 4 4 4 4 0 4 4 4 4
 0 4 4 3 4 4 4 4 4 4 4 4 4]",2500,0.2,2500,0.2,3
1024,1085.0,328.39402708000125,"[4 4 4 4 4 4 4 0 4 4 4 4 4 4 4 4 4 1 4 4 4 2 4 0 4 4 4 0 4 4 4 4 0 4 4 4 4
 0 4 4 3 4 4 4 4 4 4 4 4 4]",2500,0.2,2500,0.2,3
2048,1085.0,656.7720887450014,"[4 4 4 4 4 4 4 0 4 4 4 4 4 4 4 4 4 1 4 4 4 2 4 0 4 4 4 0 4 4 4 4 0 4 4 4 4
 0 4 4 3 4 4 4 4 4 4 4 4 4]",2500,0.2,2500,0.2,3
4096,1085.0,1316.5692634750012,"[4 4 4 4 4 4 4 0 4 4 4 4 4 4 4 4 4 1 4 4 4 2 4 0 4 4 4 0 4 4 4 4 0 4 4 4 4
 0 4 4 3 4 4 4 4 4 4 4 4 4]",2500,0.2,2500,0.2,3
8192,1085.0,1635.4826067780014,"[4 4 4 4 4 4 4 0 4 4 4 4 4 4 4 4 4 1 4 4 4 2 4 0 4 4 4 0 4 4 4 4 0 4 4 4 4
 0 4 4 3 4 4 4 4 4 4 4 4 4]",2500,0.2,2500,0.2,3
0,462.0,0.10497673500140081,"[2 0 1 3 0 0 0 3 2 3 1 1 2 0 4 4 0 2 1 2 2 2 4 1 3 2 0 1 2 0 3 0 3 1 3 0 4
 1 4 4 0 0 1 2 4 0 0 1 1 1]",2500,0.4,2500,0.4,3
1,800.0,0.41843957700257306,"[2 3 0 4 4 1 4 2 0 2 3 4 4 0 4 3 4 1 0 4 4 2 4 3 0 4 2 4 4 1 4 2 4 2 4 4 4
 0 1 2 2 2 4 3 2 3 4 2 3 1]",2500,0.4,2500,0.4,3
2,802.0,0.7348328250009217,"[1 4 3 4 3 4 3 1 2 1 4 3 2 3 3 2 4 4 1 4 0 4 1 3 2 4 2 4 4 1 4 4 0 4 4 1 3
 4 2 2 0 4 2 2 3 3 1 3 3 1]",2500,0.4,2500,0.4,3
4,837.0,1.3668844919993717,"[1 2 4 4 4 2 2 4 4 2 4 4 3 4 4 4 4 0 1 1 3 1 4 4 4 4 4 3 2 2 4 1 0 3 3 4 4
 3 3 1 4 4 1 2 4 0 3 3 3 3]",2500,0.4,2500,0.4,3
8,890.0,2.6270935499996995,"[1 2 1 1 4 3 3 2 1 4 4 1 4 3 4 4 4 0 3 2 3 3 4 1 2 3 4 2 0 1 4 4 3 3 4 4 4
 2 2 2 3 4 3 4 4 4 4 4 3 4]",2500,0.4,2500,0.4,3
16,993.0,5.101139155001874,"[2 3 1 3 3 4 3 2 3 4 4 4 4 2 4 4 4 1 4 4 2 3 3 4 2 3 4 0 4 4 4 4 0 4 3 4 4
 2 4 4 2 3 2 4 4 4 4 4 3 4]",2500,0.4,2500,0.4,3
32,1050.0,10.116578945002402,"[3 4 4 4 3 4 3 0 4 4 4 4 4 4 4 4 4 0 3 4 3 2 3 3 2 4 4 0 3 4 4 4 3 4 4 4 4
 1 4 4 1 4 4 4 4 4 4 4 3 4]",2500,0.4,2500,0.4,3
64,1084.0,20.123927665001247,"[3 4 4 4 4 4 4 0 4 4 4 4 4 4 4 4 4 0 4 4 4 4 4 0 2 4 4 0 4 4 4 4 1 4 4 4 4
 1 4 4 3 4 4 4 4 4 4 4 4 4]",2500,0.4,2500,0.4,3
128,1085.0,40.07965422900088,"[4 4 4 4 4 4 4 0 4 4 4 4 4 4 4 4 4 0 4 4 4 2 4 0 2 4 4 0 4 4 4 4 1 4 4 4 4
 1 4 4 4 4 4 4 4 4 4 4 4 4]",2500,0.4,2500,0.4,3
256,1085.0,79.96222606599986,"[4 4 4 4 4 4 4 0 4 4 4 4 4 4 4 4 4 0 4 4 4 2 4 0 2 4 4 0 4 4 4 4 1 4 4 4 4
 1 4 4 4 4 4 4 4 4 4 4 4 4]",2500,0.4,2500,0.4,3
512,1085.0,159.91658252300113,"[4 4 4 4 4 4 4 0 4 4 4 4 4 4 4 4 4 0 4 4 4 2 4 0 2 4 4 0 4 4 4 4 1 4 4 4 4
 1 4 4 4 4 4 4 4 4 4 4 4 4]",2500,0.4,2500,0.4,3
1024,1085.0,319.7079698350026,"[4 4 4 4 4 4 4 0 4 4 4 4 4 4 4 4 4 0 4 4 4 2 4 0 2 4 4 0 4 4 4 4 1 4 4 4 4
 1 4 4 4 4 4 4 4 4 4 4 4 4]",2500,0.4,2500,0.4,3
2048,1085.0,639.532927004002,"[4 4 4 4 4 4 4 0 4 4 4 4 4 4 4 4 4 0 4 4 4 2 4 0 2 4 4 0 4 4 4 4 1 4 4 4 4
 1 4 4 4 4 4 4 4 4 4 4 4 4]",2500,0.4,2500,0.4,3
4096,1085.0,1279.786035358,"[4 4 4 4 4 4 4 0 4 4 4 4 4 4 4 4 4 0 4 4 4 2 4 0 2 4 4 0 4 4 4 4 1 4 4 4 4
 1 4 4 4 4 4 4 4 4 4 4 4 4]",2500,0.4,2500,0.4,3
8192,1085.0,1586.3392227160002,"[4 4 4 4 4 4 4 0 4 4 4 4 4 4 4 4 4 0 4 4 4 2 4 0 2 4 4 0 4 4 4 4 1 4 4 4 4
 1 4 4 4 4 4 4 4 4 4 4 4 4]",2500,0.4,2500,0.4,3
0,509.0,0.00843108900153311,"[2 1 0 0 2 1 2 4 1 0 4 2 4 2 4 3 0 1 0 2 0 1 2 2 0 0 3 2 1 0 4 3 2 3 2 1 2
 1 0 1 1 1 3 0 4 2 3 3 0 2]",200,0.2,200,0.2,4
1,792.0,0.030750883001019247,"[2 4 2 3 2 4 2 2 4 3 1 2 4 2 0 3 1 2 4 4 2 2 4 2 4 4 4 0 4 2 1 2 1 4 4 3 0
 4 0 0 1 4 4 4 1 4 3 4 3 2]",200,0.2,200,0.2,4
2,792.0,0.05309040499923867,"[2 4 2 3 2 4 2 2 4 3 1 2 4 2 0 3 1 2 4 4 2 2 4 2 4 4 4 0 4 2 1 2 1 4 4 3 0
 4 0 0 1 4 4 4 1 4 3 4 3 2]",200,0.2,200,0.2,4
4,798.0,0.09747910599980969,"[4 3 0 0 2 4 1 3 4 2 3 2 2 1 3 2 3 1 4 2 3 2 0 4 3 4 4 4 1 1 3 2 4 3 4 3 4
 3 4 4 3 3 0 2 3 2 4 4 4 3]",200,0.2,200,0.2,4
8,894.0,0.18628487100068014,"[0 3 0 4 0 4 2 4 4 1 3 0 4 4 2 3 4 3 4 4 3 0 0 1 3 4 3 4 4 3 4 1 3 4 4 3 4
 2 2 4 3 4 2 4 4 4 4 4 4 1]",200,0.2,200,0.2,4
16,956.0,0.3636276559991529,"[3 4 3 3 2 4 2 3 4 3 3 4 4 0 3 4 4 0 1 4 3 1 2 3 0 4 4 1 2 2 4 1 3 4 4 3 4
 4 2 4 3 4 4 4 4 4 3 3 4 4]",200,0.2,200,0.2,4
32,1018.0,0.7195724670018535,"[1 4 4 3 3 4 2 1 4 4 3 4 4 3 3 4 4 2 4 4 3 3 4 2 2 4 4 1 4 3 4 1 3 4 4 4 4
 4 1 4 2 3 4 4 4 4 3 4 3 4]",200,0.2,200,0.2,4
64,1067.0,1.437826536999637,"[3 4 4 4 3 4 4 0 4 4 3 4 4 4 4 4 4 4 4 4 4 1 4 0 1 4 4 0 4 4 4 4 2 4 4 4 4
 0 3 4 3 4 4 4 4 4 4 4 4 4]",200,0.2,200,0.2,4
128,1082.0,2.8810107089993835,"[3 4 4 4 4 4 4 0 4 4 4 4 4 4 4 4 4 0 4 4 4 4 4 0 0 4 4 0 4 4 4 4 1 4 4 4 4
 3 4 4 3 4 4 4 4 4 4 4 4 4]",200,0.2,200,0.2,4
256,1084.0,5.741349156000069,"[4 4 4 4 4 4 4 0 4 4 4 4 4 4 4 4 4 0 4 4 4 4 4 0 0 4 4 0 4 4 4 4 2 4 4 4 4
 0 4 4 4 4 4 4 4 4 4 4 4 4]",200,0.2,200,0.2,4
512,1085.0,11.486403712002357,"[4 4 4 4 4 4 4 0 4 4 4 4 4 4 4 4 4 3 4 4 4 4 4 0 0 4 4 0 4 4 4 4 0 4 4 4 4
 0 4 4 4 4 4 4 4 4 4 4 4 4]",200,0.2,200,0.2,4
1024,1085.0,22.925037847999192,"[4 4 4 4 4 4 4 0 4 4 4 4 4 4 4 4 4 3 4 4 4 4 4 0 0 4 4 0 4 4 4 4 0 4 4 4 4
 0 4 4 4 4 4 4 4 4 4 4 4 4]",200,0.2,200,0.2,4
2048,1085.0,45.83404794300077,"[4 4 4 4 4 4 4 0 4 4 4 4 4 4 4 4 4 3 4 4 4 4 4 0 0 4 4 0 4 4 4 4 0 4 4 4 4
 0 4 4 4 4 4 4 4 4 4 4 4 4]",200,0.2,200,0.2,4
4096,1085.0,92.09659015900252,"[4 4 4 4 4 4 4 0 4 4 4 4 4 4 4 4 4 3 4 4 4 4 4 0 0 4 4 0 4 4 4 4 0 4 4 4 4
 0 4 4 4 4 4 4 4 4 4 4 4 4]",200,0.2,200,0.2,4
8192,1085.0,119.52012511800058,"[4 4 4 4 4 4 4 0 4 4 4 4 4 4 4 4 4 3 4 4 4 4 4 0 0 4 4 0 4 4 4 4 0 4 4 4 4
 0 4 4 4 4 4 4 4 4 4 4 4 4]",200,0.2,200,0.2,4
0,509.0,0.008604137001384515,"[2 1 0 0 2 1 2 4 1 0 4 2 4 2 4 3 0 1 0 2 0 1 2 2 0 0 3 2 1 0 4 3 2 3 2 1 2
 1 0 1 1 1 3 0 4 2 3 3 0 2]",200,0.4,200,0.4,4
1,782.0,0.03070928300076048,"[3 1 1 2 1 3 2 1 0 4 4 2 2 1 4 4 4 4 2 3 4 0 0 3 0 4 4 1 4 3 2 3 3 1 4 4 4
 2 1 4 3 4 2 3 4 0 1 3 4 0]",200,0.4,200,0.4,4
2,782.0,0.05259991900311434,"[3 1 1 2 1 3 2 1 0 4 4 2 2 1 4 4 4 4 2 3 4 0 0 3 0 4 4 1 4 3 2 3 3 1 4 4 4
 2 1 4 3 4 2 3 4 0 1 3 4 0]",200,0.4,200,0.4,4
4,845.0,0.09601243300130591,"[0 3 1 4 2 1 4 1 3 3 4 1 4 2 0 4 2 3 3 4 4 0 1 0 3 4 2 0 4 3 3 1 2 4 2 4 4
 0 3 4 3 4 4 4 3 4 4 4 1 4]",200,0.4,200,0.4,4
8,869.0,0.18339619500329718,"[0 3 0 4 2 3 2 1 3 3 3 3 4 2 0 4 4 4 3 4 3 0 3 4 1 4 4 0 4 4 3 1 2 4 2 4 4
 1 3 4 2 3 3 4 2 3 4 4 1 4]",200,0.4,200,0.4,4
16,989.0,0.3591385290019389,"[4 3 1 4 2 3 3 0 4 4 4 2 4 4 1 4 4 1 4 3 4 4 3 2 3 4 4 3 3 3 4 4 2 4 4 4 4
 2 4 4 0 3 3 4 4 4 4 4 4 4]",200,0.4,200,0.4,4
32,1040.0,0.7070841590029886,"[0 4 4 4 1 4 2 0 4 3 4 4 4 4 4 4 4 3 3 4 4 3 4 2 2 4 4 0 4 2 4 4 2 4 4 4 4
 1 1 4 3 4 4 4 4 4 4 4 4 4]",200,0.4,200,0.4,4
64,1076.0,1.4002052710020507,"[4 4 4 4 2 4 3 0 4 4 4 4 4 4 4 4 4 1 4 4 4 0 4 0 4 4 4 0 4 4 4 4 2 4 4 4 4
 1 4 4 3 4 4 4 4 4 4 4 4 4]",200,0.4,200,0.4,4
128,1085.0,2.7885464080027305,"[4 4 4 4 4 4 4 0 4 4 4 4 4 4 4 4 4 0 4 4 4 3 4 0 1 4 4 0 4 4 4 4 2 4 4 4 4
 0 4 4 4 4 4 4 4 4 4 4 4 4]",200,0.4,200,0.4,4
256,1085.0,5.574879044001136,"[4 4 4 4 4 4 4 0 4 4 4 4 4 4 4 4 4 0 4 4 4 3 4 0 1 4 4 0 4 4 4 4 2 4 4 4 4
 0 4 4 4 4 4 4 4 4 4 4 4 4]",200,0.4,200,0.4,4
512,1085.0,11.14991096599988,"[4 4 4 4 4 4 4 0 4 4 4 4 4 4 4 4 4 0 4 4 4 3 4 0 1 4 4 0 4 4 4 4 2 4 4 4 4
 0 4 4 4 4 4 4 4 4 4 4 4 4]",200,0.4,200,0.4,4
1024,1085.0,22.268315618002816,"[4 4 4 4 4 4 4 0 4 4 4 4 4 4 4 4 4 0 4 4 4 3 4 0 1 4 4 0 4 4 4 4 2 4 4 4 4
 0 4 4 4 4 4 4 4 4 4 4 4 4]",200,0.4,200,0.4,4
2048,1085.0,44.622513985003025,"[4 4 4 4 4 4 4 0 4 4 4 4 4 4 4 4 4 0 4 4 4 3 4 0 1 4 4 0 4 4 4 4 2 4 4 4 4
 0 4 4 4 4 4 4 4 4 4 4 4 4]",200,0.4,200,0.4,4
4096,1085.0,89.53473860099984,"[4 4 4 4 4 4 4 0 4 4 4 4 4 4 4 4 4 0 4 4 4 3 4 0 1 4 4 0 4 4 4 4 2 4 4 4 4
 0 4 4 4 4 4 4 4 4 4 4 4 4]",200,0.4,200,0.4,4
8192,1085.0,112.27427842600082,"[4 4 4 4 4 4 4 0 4 4 4 4 4 4 4 4 4 0 4 4 4 3 4 0 1 4 4 0 4 4 4 4 2 4 4 4 4
 0 4 4 4 4 4 4 4 4 4 4 4 4]",200,0.4,200,0.4,4
0,509.0,0.01649969299978693,"[2 1 0 0 2 1 2 4 1 0 4 2 4 2 4 3 0 1 0 2 0 1 2 2 0 0 3 2 1 0 4 3 2 3 2 1 2
 1 0 1 1 1 3 0 4 2 3 3 0 2]",400,0.2,400,0.2,4
1,785.0,0.060431923000578536,"[1 3 4 3 4 2 3 1 2 1 1 4 2 3 3 4 4 4 4 2 1 1 4 3 4 3 3 0 1 3 4 4 2 3 2 1 3
 4 3 2 2 2 4 4 3 3 2 3 4 1]",400,0.2,400,0.2,4
2,794.0,0.10484899599759956,"[2 2 4 2 3 2 2 3 4 3 1 3 3 3 4 3 2 1 4 2 0 3 4 4 1 4 1 1 3 2 3 4 3 2 4 3 3
 0 3 4 4 4 4 4 4 2 4 2 0 3]",400,0.2,400,0.2,4
4,843.0,0.1932160809992638,"[0 4 0 2 1 3 1 1 0 4 4 2 2 2 4 4 4 2 2 4 0 2 1 4 2 4 4 1 4 3 2 3 3 1 4 4 4
 2 1 4 3 4 4 3 3 2 1 3 4 3]",400,0.2,400,0.2,4
8,906.0,0.3692258880000736,"[1 4 1 0 2 3 0 0 4 4 3 3 4 3 0 4 3 3 1 3 4 3 3 0 4 4 4 3 4 3 4 1 3 2 4 4 4
 3 2 3 1 4 4 4 4 4 3 4 4 2]",400,0.2,400,0.2,4
16,970.0,0.720389501999307,"[4 4 4 4 4 2 0 2 4 4 3 4 4 0 4 4 4 4 4 3 3 1 3 2 3 3 4 1 3 4 4 4 1 0 4 3 4
 0 4 3 2 4 2 4 4 4 4 4 4 4]",400,0.2,400,0.2,4
32,1032.0,1.4366899079977884,"[0 4 4 3 4 4 4 1 4 3 4 3 4 3 4 4 4 3 4 4 2 4 4 1 1 3 4 1 4 0 4 1 3 4 4 4 4
 0 4 4 1 4 4 4 4 4 4 4 4 4]",400,0.2,400,0.2,4
64,1072.0,2.8864741170000343,"[0 4 4 4 4 4 4 0 4 4 4 4 4 4 4 4 4 3 4 4 4 2 3 0 3 4 4 0 4 4 3 2 2 4 4 4 4
 2 4 4 3 4 4 4 4 4 4 4 4 4]",400,0.2,400,0.2,4
128,1082.0,5.756446564999351,"[4 4 4 4 4 4 4 0 4 4 4 4 4 4 4 4 4 2 4 4 4 2 3 0 3 4 4 0 4 4 4 3 1 4 4 4 4
 0 4 4 3 4 4 4 4 4 4 4 4 4]",400,0.2,400,0.2,4
256,1085.0,11.549447075998614,"[4 4 4 4 4 4 4 0 4 4 4 4 4 4 4 4 4 0 4 4 4 3 4 0 2 4 4 0 4 4 4 4 1 4 4 4 4
 0 4 4 4 4 4 4 4 4 4 4 4 4]",400,0.2,400,0.2,4
512,1085.0,23.087106295999547,"[4 4 4 4 4 4 4 0 4 4 4 4 4 4 4 4 4 0 4 4 4 3 4 0 2 4 4 0 4 4 4 4 1 4 4 4 4
 0 4 4 4 4 4 4 4 4 4 4 4 4]",400,0.2,400,0.2,4
1024,1085.0,46.20389792199785,"[4 4 4 4 4 4 4 0 4 4 4 4 4 4 4 4 4 0 4 4 4 3 4 0 2 4 4 0 4 4 4 4 1 4 4 4 4
 0 4 4 4 4 4 4 4 4 4 4 4 4]",400,0.2,400,0.2,4
2048,1085.0,92.52717023699734,"[4 4 4 4 4 4 4 0 4 4 4 4 4 4 4 4 4 0 4 4 4 3 4 0 2 4 4 0 4 4 4 4 1 4 4 4 4
 0 4 4 4 4 4 4 4 4 4 4 4 4]",400,0.2,400,0.2,4
4096,1085.0,185.40618503599762,"[4 4 4 4 4 4 4 0 4 4 4 4 4 4 4 4 4 0 4 4 4 3 4 0 2 4 4 0 4 4 4 4 1 4 4 4 4
 0 4 4 4 4 4 4 4 4 4 4 4 4]",400,0.2,400,0.2,4
8192,1085.0,234.87734586700026,"[4 4 4 4 4 4 4 0 4 4 4 4 4 4 4 4 4 0 4 4 4 3 4 0 2 4 4 0 4 4 4 4 1 4 4 4 4
 0 4 4 4 4 4 4 4 4 4 4 4 4]",400,0.2,400,0.2,4
0,509.0,0.016522291996807326,"[2 1 0 0 2 1 2 4 1 0 4 2 4 2 4 3 0 1 0 2 0 1 2 2 0 0 3 2 1 0 4 3 2 3 2 1 2
 1 0 1 1 1 3 0 4 2 3 3 0 2]",400,0.4,400,0.4,4
1,823.0,0.05988849299683352,"[2 3 3 4 2 4 2 3 4 1 3 4 4 2 2 2 4 2 4 1 4 4 4 4 4 2 2 0 1 2 1 2 2 4 4 2 4
 1 0 4 3 4 4 4 0 4 4 4 4 1]",400,0.4,400,0.4,4
2,823.0,0.10370713599695591,"[2 3 3 4 2 4 2 3 4 1 3 4 4 2 2 2 4 2 4 1 4 4 4 4 4 2 2 0 1 2 1 2 2 4 4 2 4
 1 0 4 3 4 4 4 0 4 4 4 4 1]",400,0.4,400,0.4,4
4,860.0,0.19207751700014342,"[2 4 3 3 3 4 4 0 4 4 3 4 3 4 3 1 1 4 2 4 2 3 4 4 4 3 4 3 4 4 4 4 2 4 2 1 4
 3 2 3 1 4 0 3 2 2 2 3 4 4]",400,0.4,400,0.4,4
8,898.0,0.3707515809983306,"[2 2 3 4 2 4 4 0 1 3 3 4 4 4 4 2 3 3 3 4 2 3 0 4 4 2 4 2 4 4 3 1 3 4 4 0 4
 3 3 1 4 4 4 4 2 3 1 4 4 3]",400,0.4,400,0.4,4
16,964.0,0.7313211820001015,"[3 4 3 4 4 2 4 0 4 3 4 2 3 3 4 3 2 2 4 3 4 1 4 1 4 4 4 0 4 3 3 3 4 3 4 4 3
 4 2 4 3 4 2 4 4 4 4 4 2 4]",400,0.4,400,0.4,4
32,1058.0,1.4395004529978905,"[1 4 4 3 3 4 4 0 4 4 4 4 4 4 4 4 4 2 4 4 1 4 4 0 4 4 4 0 4 4 4 4 0 3 4 4 4
 1 4 3 3 4 4 4 4 4 3 4 4 4]",400,0.4,400,0.4,4
64,1082.0,2.8479927689986653,"[4 4 4 4 4 4 4 0 4 4 4 4 4 4 4 4 4 2 4 4 4 2 4 0 1 4 4 0 4 4 4 3 1 4 4 4 4
 2 4 4 3 4 4 4 4 4 4 4 4 4]",400,0.4,400,0.4,4
128,1085.0,5.643310733998078,"[4 4 4 4 4 4 4 0 4 4 4 4 4 4 4 4 4 0 4 4 4 3 4 0 4 4 4 0 4 4 4 4 0 4 4 4 4
 0 4 4 3 4 4 4 4 4 4 4 4 4]",400,0.4,400,0.4,4
256,1085.0,11.252717660998314,"[4 4 4 4 4 4 4 0 4 4 4 4 4 4 4 4 4 0 4 4 4 3 4 0 4 4 4 0 4 4 4 4 0 4 4 4 4
 0 4 4 3 4 4 4 4 4 4 4 4 4]",400,0.4,400,0.4,4
512,1085.0,22.468936233999557,"[4 4 4 4 4 4 4 0 4 4 4 4 4 4 4 4 4 0 4 4 4 3 4 0 4 4 4 0 4 4 4 4 0 4 4 4 4
 0 4 4 3 4 4 4 4 4 4 4 4 4]",400,0.4,400,0.4,4
1024,1085.0,44.90440641399982,"[4 4 4 4 4 4 4 0 4 4 4 4 4 4 4 4 4 0 4 4 4 3 4 0 4 4 4 0 4 4 4 4 0 4 4 4 4
 0 4 4 3 4 4 4 4 4 4 4 4 4]",400,0.4,400,0.4,4
2048,1085.0,89.94844478599771,"[4 4 4 4 4 4 4 0 4 4 4 4 4 4 4 4 4 0 4 4 4 3 4 0 4 4 4 0 4 4 4 4 0 4 4 4 4
 0 4 4 3 4 4 4 4 4 4 4 4 4]",400,0.4,400,0.4,4
4096,1085.0,180.1395179559986,"[4 4 4 4 4 4 4 0 4 4 4 4 4 4 4 4 4 0 4 4 4 3 4 0 4 4 4 0 4 4 4 4 0 4 4 4 4
 0 4 4 3 4 4 4 4 4 4 4 4 4]",400,0.4,400,0.4,4
8192,1085.0,223.39376637299938,"[4 4 4 4 4 4 4 0 4 4 4 4 4 4 4 4 4 0 4 4 4 3 4 0 4 4 4 0 4 4 4 4 0 4 4 4 4
 0 4 4 3 4 4 4 4 4 4 4 4 4]",400,0.4,400,0.4,4
0,509.0,0.04261555999983102,"[2 1 0 0 2 1 2 4 1 0 4 2 4 2 4 3 0 1 0 2 0 1 2 2 0 0 3 2 1 0 4 3 2 3 2 1 2
 1 0 1 1 1 3 0 4 2 3 3 0 2]",1000,0.2,1000,0.2,4
1,812.0,0.16093208200254594,"[2 1 2 2 4 3 0 3 4 1 4 3 4 4 0 4 4 2 0 4 4 2 1 4 4 4 2 2 4 2 4 4 4 1 4 4 4
 4 0 2 3 4 3 1 1 2 4 3 3 1]",1000,0.2,1000,0.2,4
2,812.0,0.2797640000026149,"[2 1 2 2 4 3 0 3 4 1 4 3 4 4 0 4 4 2 0 4 4 2 1 4 4 4 2 2 4 2 4 4 4 1 4 4 4
 4 0 2 3 4 3 1 1 2 4 3 3 1]",1000,0.2,1000,0.2,4
4,826.0,0.5159512970021751,"[4 3 1 2 3 4 3 1 4 1 3 4 3 3 1 2 3 2 4 4 1 1 1 3 1 3 2 3 2 3 4 0 3 0 4 3 2
 4 2 4 3 4 4 4 4 1 3 3 4 4]",1000,0.2,1000,0.2,4
8,896.0,0.9880440590022772,"[4 2 2 4 4 3 3 3 4 1 4 3 4 1 3 4 4 2 0 4 4 2 0 4 2 4 2 0 2 3 4 4 4 1 3 4 3
 3 4 2 3 4 3 4 2 3 3 4 3 4]",1000,0.2,1000,0.2,4
16,962.0,1.9362188369996147,"[0 4 4 3 4 4 3 4 4 4 4 4 3 3 2 4 4 4 4 4 3 2 0 0 2 4 4 0 4 4 3 2 3 1 4 4 4
 2 0 4 1 4 3 3 4 4 1 4 3 4]",1000,0.2,1000,0.2,4
32,1043.0,3.812731015001191,"[4 4 4 3 3 4 3 2 4 4 4 4 4 4 4 4 4 2 2 4 4 0 4 0 4 4 4 0 4 3 4 4 2 4 4 3 4
 3 4 4 1 3 3 4 4 4 4 4 4 4]",1000,0.2,1000,0.2,4
64,1078.0,7.603019508002035,"[4 4 2 4 4 4 4 0 4 4 4 4 4 4 4 4 4 3 4 4 4 1 4 0 2 4 4 0 4 4 4 4 3 4 4 4 4
 0 4 4 1 4 4 4 4 4 4 4 4 4]",1000,0.2,1000,0.2,4
128,1085.0,15.110937338002259,"[4 4 4 4 4 4 4 0 4 4 4 4 4 4 4 4 4 1 4 4 4 2 4 0 2 4 4 0 4 4 4 4 1 4 4 4 4
 0 4 4 4 4 4 4 4 4 4 4 4 4]",1000,0.2,1000,0.2,4
256,1085.0,30.155463000002783,"[4 4 4 4 4 4 4 0 4 4 4 4 4 4 4 4 4 1 4 4 4 2 4 0 2 4 4 0 4 4 4 4 1 4 4 4 4
 0 4 4 4 4 4 4 4 4 4 4 4 4]",1000,0.2,1000,0.2,4
512,1085.0,60.16549246000068,"[4 4 4 4 4 4 4 0 4 4 4 4 4 4 4 4 4 1 4 4 4 2 4 0 2 4 4 0 4 4 4 4 1 4 4 4 4
 0 4 4 4 4 4 4 4 4 4 4 4 4]",1000,0.2,1000,0.2,4
1024,1085.0,120.15976670500095,"[4 4 4 4 4 4 4 0 4 4 4 4 4 4 4 4 4 1 4 4 4 2 4 0 2 4 4 0 4 4 4 4 1 4 4 4 4
 0 4 4 4 4 4 4 4 4 4 4 4 4]",1000,0.2,1000,0.2,4
2048,1085.0,240.29601350899975,"[4 4 4 4 4 4 4 0 4 4 4 4 4 4 4 4 4 1 4 4 4 2 4 0 2 4 4 0 4 4 4 4 1 4 4 4 4
 0 4 4 4 4 4 4 4 4 4 4 4 4]",1000,0.2,1000,0.2,4
4096,1085.0,481.73046680600237,"[4 4 4 4 4 4 4 0 4 4 4 4 4 4 4 4 4 1 4 4 4 2 4 0 2 4 4 0 4 4 4 4 1 4 4 4 4
 0 4 4 4 4 4 4 4 4 4 4 4 4]",1000,0.2,1000,0.2,4
8192,1085.0,599.3625416050018,"[4 4 4 4 4 4 4 0 4 4 4 4 4 4 4 4 4 1 4 4 4 2 4 0 2 4 4 0 4 4 4 4 1 4 4 4 4
 0 4 4 4 4 4 4 4 4 4 4 4 4]",1000,0.2,1000,0.2,4
0,509.0,0.0425289349986997,"[2 1 0 0 2 1 2 4 1 0 4 2 4 2 4 3 0 1 0 2 0 1 2 2 0 0 3 2 1 0 4 3 2 3 2 1 2
 1 0 1 1 1 3 0 4 2 3 3 0 2]",1000,0.4,1000,0.4,4
1,793.0,0.15798735700082034,"[3 2 3 3 0 4 4 4 0 0 4 3 3 4 4 4 4 3 3 4 0 3 1 3 3 3 4 3 2 1 4 4 1 3 3 3 2
 4 0 0 3 4 2 3 1 2 4 3 3 2]",1000,0.4,1000,0.4,4
2,794.0,0.27822304499932216,"[1 4 4 3 4 0 4 2 0 4 4 3 4 2 4 4 4 3 2 2 3 2 3 4 1 3 3 3 2 3 4 2 4 4 3 3 4
 3 1 3 2 1 2 1 3 2 3 3 3 2]",1000,0.4,1000,0.4,4
4,838.0,0.5080343689987785,"[1 4 0 4 4 4 4 2 4 3 4 4 4 4 2 3 3 3 2 4 3 4 1 3 3 0 3 3 2 3 4 0 2 2 3 2 1
 2 4 4 4 4 4 2 4 4 4 3 2 0]",1000,0.4,1000,0.4,4
8,895.0,0.9694221850004396,"[1 1 2 2 3 2 4 0 4 3 4 4 4 1 3 4 1 4 4 3 4 1 1 0 3 4 2 4 4 0 4 0 4 4 2 4 4
 4 3 4 3 4 4 4 4 4 1 3 3 4]",1000,0.4,1000,0.4,4
16,990.0,1.8891008860009606,"[2 4 4 4 4 4 4 2 4 4 3 3 4 3 2 4 2 1 2 4 0 4 3 1 1 4 4 2 3 3 3 3 2 4 4 3 4
 2 3 4 4 4 4 4 4 4 3 4 4 4]",1000,0.4,1000,0.4,4
32,1039.0,3.762333396000031,"[1 4 4 4 4 4 4 0 4 4 4 4 4 3 4 4 4 3 4 4 2 2 2 1 0 4 4 1 4 3 3 4 2 3 4 4 4
 2 4 4 4 3 4 4 4 4 4 4 2 4]",1000,0.4,1000,0.4,4
64,1079.0,7.369954867997876,"[4 4 4 4 4 4 4 0 4 4 4 4 4 4 4 4 4 2 4 4 4 0 4 0 1 4 4 0 4 3 4 3 2 4 4 4 4
 1 4 4 4 4 4 4 4 4 4 4 4 4]",1000,0.4,1000,0.4,4
128,1085.0,14.671043785998336,"[4 4 4 4 4 4 4 0 4 4 4 4 4 4 4 4 4 0 4 4 4 3 4 0 2 4 4 0 4 4 4 4 2 4 4 4 4
 0 4 4 3 4 4 4 4 4 4 4 4 4]",1000,0.4,1000,0.4,4
256,1085.0,29.251327979000052,"[4 4 4 4 4 4 4 0 4 4 4 4 4 4 4 4 4 0 4 4 4 3 4 0 2 4 4 0 4 4 4 4 2 4 4 4 4
 0 4 4 3 4 4 4 4 4 4 4 4 4]",1000,0.4,1000,0.4,4
512,1085.0,58.43098074199952,"[4 4 4 4 4 4 4 0 4 4 4 4 4 4 4 4 4 0 4 4 4 3 4 0 2 4 4 0 4 4 4 4 2 4 4 4 4
 0 4 4 3 4 4 4 4 4 4 4 4 4]",1000,0.4,1000,0.4,4
1024,1085.0,116.93037751899828,"[4 4 4 4 4 4 4 0 4 4 4 4 4 4 4 4 4 0 4 4 4 3 4 0 2 4 4 0 4 4 4 4 2 4 4 4 4
 0 4 4 3 4 4 4 4 4 4 4 4 4]",1000,0.4,1000,0.4,4
2048,1085.0,234.0922469799989,"[4 4 4 4 4 4 4 0 4 4 4 4 4 4 4 4 4 0 4 4 4 3 4 0 2 4 4 0 4 4 4 4 2 4 4 4 4
 0 4 4 3 4 4 4 4 4 4 4 4 4]",1000,0.4,1000,0.4,4
4096,1085.0,468.71427237399985,"[4 4 4 4 4 4 4 0 4 4 4 4 4 4 4 4 4 0 4 4 4 3 4 0 2 4 4 0 4 4 4 4 2 4 4 4 4
 0 4 4 3 4 4 4 4 4 4 4 4 4]",1000,0.4,1000,0.4,4
8192,1085.0,581.0941759109992,"[4 4 4 4 4 4 4 0 4 4 4 4 4 4 4 4 4 0 4 4 4 3 4 0 2 4 4 0 4 4 4 4 2 4 4 4 4
 0 4 4 3 4 4 4 4 4 4 4 4 4]",1000,0.4,1000,0.4,4
0,509.0,0.10518953399878228,"[2 1 0 0 2 1 2 4 1 0 4 2 4 2 4 3 0 1 0 2 0 1 2 2 0 0 3 2 1 0 4 3 2 3 2 1 2
 1 0 1 1 1 3 0 4 2 3 3 0 2]",2500,0.2,2500,0.2,4
1,787.0,0.42766099000073154,"[4 4 3 1 2 2 2 2 2 2 4 3 3 3 4 1 2 3 4 4 3 1 4 2 0 4 1 3 4 0 2 3 4 3 2 1 4
 4 4 3 4 4 0 4 3 4 1 3 4 1]",2500,0.2,2500,0.2,4
2,820.0,0.7489898200001335,"[4 3 0 4 4 4 0 0 4 3 4 3 4 4 1 2 2 1 4 2 2 0 3 3 4 3 4 3 4 3 3 1 1 3 4 3 1
 1 3 1 4 4 4 4 1 3 2 4 4 0]",2500,0.2,2500,0.2,4
4,840.0,1.3953002980015299,"[2 1 4 2 3 4 3 4 3 4 4 4 4 4 0 4 4 4 1 4 1 1 0 2 2 3 4 0 2 1 3 2 2 3 4 4 4
 2 4 0 4 0 2 4 4 1 3 4 2 3]",2500,0.2,2500,0.2,4
8,928.0,2.6951160520002304,"[4 3 2 1 2 4 4 4 4 3 4 4 4 4 4 4 3 1 2 4 1 4 4 0 4 3 3 3 4 2 2 4 2 3 3 4 4
 2 4 3 2 3 2 3 1 4 4 4 4 4]",2500,0.2,2500,0.2,4
16,972.0,5.287161681000725,"[4 4 0 2 2 4 2 1 4 0 4 4 3 2 4 4 4 3 3 4 3 4 4 0 3 4 4 1 4 3 4 4 1 4 4 3 4
 2 4 4 1 4 4 4 3 1 4 4 3 4]",2500,0.2,2500,0.2,4
32,1048.0,10.443954451999161,"[4 4 4 2 4 3 4 0 3 4 4 4 4 4 4 4 4 2 4 4 3 1 1 0 3 4 4 0 4 4 4 4 1 4 4 4 4
 3 4 4 3 4 4 4 4 3 4 4 3 4]",2500,0.2,2500,0.2,4
64,1081.0,20.66344961899813,"[2 4 4 4 4 4 4 0 4 4 4 4 4 4 4 4 4 1 4 4 4 3 4 0 3 4 4 0 4 4 4 3 0 4 4 4 4
 1 4 4 4 4 4 4 4 4 4 4 4 4]",2500,0.2,2500,0.2,4
128,1085.0,41.257944614000735,"[4 4 4 4 4 4 4 0 4 4 4 4 4 4 4 4 4 0 4 4 4 3 4 0 1 4 4 0 4 4 4 4 3 4 4 4 4
 0 4 4 3 4 4 4 4 4 4 4 4 4]",2500,0.2,2500,0.2,4
256,1085.0,82.22029898999972,"[4 4 4 4 4 4 4 0 4 4 4 4 4 4 4 4 4 0 4 4 4 3 4 0 1 4 4 0 4 4 4 4 3 4 4 4 4
 0 4 4 3 4 4 4 4 4 4 4 4 4]",2500,0.2,2500,0.2,4
512,1085.0,164.38462887100104,"[4 4 4 4 4 4 4 0 4 4 4 4 4 4 4 4 4 0 4 4 4 3 4 0 1 4 4 0 4 4 4 4 3 4 4 4 4
 0 4 4 3 4 4 4 4 4 4 4 4 4]",2500,0.2,2500,0.2,4
1024,1085.0,328.7639265780017,"[4 4 4 4 4 4 4 0 4 4 4 4 4 4 4 4 4 0 4 4 4 3 4 0 1 4 4 0 4 4 4 4 3 4 4 4 4
 0 4 4 3 4 4 4 4 4 4 4 4 4]",2500,0.2,2500,0.2,4
2048,1085.0,657.2241069310003,"[4 4 4 4 4 4 4 0 4 4 4 4 4 4 4 4 4 0 4 4 4 3 4 0 1 4 4 0 4 4 4 4 3 4 4 4 4
 0 4 4 3 4 4 4 4 4 4 4 4 4]",2500,0.2,2500,0.2,4
4096,1085.0,1317.7559010709992,"[4 4 4 4 4 4 4 0 4 4 4 4 4 4 4 4 4 0 4 4 4 3 4 0 1 4 4 0 4 4 4 4 3 4 4 4 4
 0 4 4 3 4 4 4 4 4 4 4 4 4]",2500,0.2,2500,0.2,4
8192,1085.0,1635.4679783879983,"[4 4 4 4 4 4 4 0 4 4 4 4 4 4 4 4 4 0 4 4 4 3 4 0 1 4 4 0 4 4 4 4 3 4 4 4 4
 0 4 4 3 4 4 4 4 4 4 4 4 4]",2500,0.2,2500,0.2,4
0,509.0,0.10563019400069606,"[2 1 0 0 2 1 2 4 1 0 4 2 4 2 4 3 0 1 0 2 0 1 2 2 0 0 3 2 1 0 4 3 2 3 2 1 2
 1 0 1 1 1 3 0 4 2 3 3 0 2]",2500,0.4,2500,0.4,4
1,794.0,0.4185743319976609,"[4 2 3 4 2 3 2 0 4 4 4 1 4 0 2 1 4 3 1 4 3 0 4 0 0 2 3 3 1 4 4 3 2 4 4 3 4
 2 4 3 0 4 3 4 2 0 0 3 2 4]",2500,0.4,2500,0.4,4
2,837.0,0.7331830209986947,"[0 2 1 3 1 4 4 0 3 3 3 4 2 2 3 4 2 0 4 4 4 0 1 2 1 1 2 3 4 4 4 1 4 4 3 4 4
 0 3 4 2 4 1 2 4 3 4 4 4 3]",2500,0.4,2500,0.4,4
4,851.0,1.3683247970002412,"[4 1 3 3 4 3 1 0 3 3 3 2 3 1 4 3 1 4 3 3 2 1 1 2 4 2 4 3 3 0 3 4 4 3 4 4 4
 2 3 4 3 4 3 4 3 1 2 4 2 3]",2500,0.4,2500,0.4,4
8,911.0,2.5910529069988115,"[3 3 2 4 4 3 4 0 4 4 3 4 4 3 3 4 3 3 2 4 3 0 4 2 1 1 4 0 2 4 2 4 3 4 4 3 3
 4 4 2 1 4 3 4 2 2 2 4 4 4]",2500,0.4,2500,0.4,4
16,969.0,5.0382511709976825,"[1 3 1 4 4 4 0 3 4 4 4 3 3 1 4 4 1 1 1 4 3 3 3 0 4 4 3 1 4 4 2 4 3 4 4 4 4
 4 4 4 4 3 4 4 4 3 4 4 4 4]",2500,0.4,2500,0.4,4
32,1055.0,10.10883256499801,"[4 4 4 4 3 3 4 1 4 3 4 4 4 4 4 4 4 1 4 4 2 4 2 0 1 4 4 0 4 3 4 3 3 4 4 4 4
 3 4 4 1 4 4 4 4 3 4 4 4 4]",2500,0.4,2500,0.4,4
64,1082.0,20.03066446599769,"[4 4 4 4 4 4 4 0 4 4 4 4 4 4 4 4 4 2 4 4 4 2 4 0 1 4 4 0 4 4 4 4 1 4 4 4 4
 2 4 4 2 4 4 4 4 4 4 4 4 4]",2500,0.4,2500,0.4,4
128,1085.0,40.04176848700081,"[4 4 4 4 4 4 4 0 4 4 4 4 4 4 4 4 4 0 4 4 4 3 4 0 4 4 4 0 4 4 4 4 1 4 4 4 4
 0 4 4 2 4 4 4 4 4 4 4 4 4]",2500,0.4,2500,0.4,4
256,1085.0,80.00250839799992,"[4 4 4 4 4 4 4 0 4 4 4 4 4 4 4 4 4 0 4 4 4 3 4 0 4 4 4 0 4 4 4 4 1 4 4 4 4
 0 4 4 2 4 4 4 4 4 4 4 4 4]",2500,0.4,2500,0.4,4
512,1085.0,159.7926298479979,"[4 4 4 4 4 4 4 0 4 4 4 4 4 4 4 4 4 0 4 4 4 3 4 0 4 4 4 0 4 4 4 4 1 4 4 4 4
 0 4 4 2 4 4 4 4 4 4 4 4 4]",2500,0.4,2500,0.4,4
1024,1085.0,319.7057221110008,"[4 4 4 4 4 4 4 0 4 4 4 4 4 4 4 4 4 0 4 4 4 3 4 0 4 4 4 0 4 4 4 4 1 4 4 4 4
 0 4 4 2 4 4 4 4 4 4 4 4 4]",2500,0.4,2500,0.4,4
2048,1085.0,640.1177902790005,"[4 4 4 4 4 4 4 0 4 4 4 4 4 4 4 4 4 0 4 4 4 3 4 0 4 4 4 0 4 4 4 4 1 4 4 4 4
 0 4 4 2 4 4 4 4 4 4 4 4 4]",2500,0.4,2500,0.4,4
4096,1085.0,1280.3589024619978,"[4 4 4 4 4 4 4 0 4 4 4 4 4 4 4 4 4 0 4 4 4 3 4 0 4 4 4 0 4 4 4 4 1 4 4 4 4
 0 4 4 2 4 4 4 4 4 4 4 4 4]",2500,0.4,2500,0.4,4
8192,1085.0,1587.8606604849992,"[4 4 4 4 4 4 4 0 4 4 4 4 4 4 4 4 4 0 4 4 4 3 4 0 4 4 4 0 4 4 4 4 1 4 4 4 4
 0 4 4 2 4 4 4 4 4 4 4 4 4]",2500,0.4,2500,0.4,4
