Iteration,Fitness,Time,State,current_restart,Restarts,run_number
0,0.0,0.00020664600000008804,"[0 1 1 0 1 1 1 1 1 1 1 0 0 1 0 0 0 0 0 1 0 1 1 0 0 1 1 1 1 0 1 0 1 0 1 1 0
 1 1 0 0 1 0 1 1 1 1 1 0 1]",0,1,0
1,0.0,0.0007089270000000258,"[0 1 1 0 1 1 1 1 1 1 1 0 0 1 0 0 0 0 0 1 0 1 1 0 0 1 1 1 1 0 1 0 1 0 1 1 0
 1 1 0 0 1 0 1 1 1 1 1 0 1]",0,1,0
2,0.0,0.0011340319999999515,"[0 1 1 0 1 1 1 1 1 1 1 0 0 1 0 0 0 0 0 1 0 1 1 0 0 1 1 1 1 0 1 0 1 0 1 1 0
 1 1 0 0 1 0 1 1 1 1 1 0 1]",0,1,0
4,0.0,0.0015979170000000043,"[0 1 1 0 1 1 1 1 1 1 1 0 0 1 0 0 0 0 0 1 0 1 1 0 0 1 1 1 1 0 1 0 1 0 1 1 0
 1 1 0 0 1 0 1 1 1 1 1 0 1]",0,1,0
8,0.0,0.0022605989999999743,"[0 1 1 0 1 1 1 1 1 1 1 0 0 1 0 0 0 0 0 1 0 1 1 0 0 1 1 1 1 0 1 0 1 0 1 1 0
 1 1 0 0 1 0 1 1 1 1 1 0 1]",0,1,0
16,3.0,0.003337858999999943,"[1 1 1 0 1 1 1 1 1 1 1 0 0 1 0 0 0 0 0 1 0 1 1 0 0 1 1 1 1 0 1 0 1 0 1 1 0
 1 1 0 0 1 0 1 1 1 1 1 0 1]",0,1,0
32,3.0,0.0049055419999999295,"[1 1 1 0 1 1 1 1 1 1 1 0 0 1 0 0 0 0 0 1 0 1 1 0 0 1 1 1 1 0 1 0 1 0 1 1 0
 1 1 0 0 1 0 1 1 1 1 1 0 1]",0,1,0
64,11.0,0.007908695000000021,"[1 1 1 1 1 1 1 1 1 1 1 0 0 1 0 0 0 0 0 1 0 1 1 0 0 1 1 1 1 0 1 0 1 0 1 1 0
 1 1 0 0 1 0 1 1 1 1 1 0 1]",0,1,0
128,12.0,0.013500604000000083,"[1 1 1 1 1 1 1 1 1 1 1 1 0 1 0 0 0 0 0 1 0 1 1 0 0 1 1 1 1 0 1 0 1 0 1 1 0
 1 1 0 0 1 0 1 1 1 1 1 0 1]",0,1,0
256,14.0,0.022229535999999994,"[1 1 1 1 1 1 1 1 1 1 1 1 1 1 0 0 0 0 0 1 0 1 1 0 0 1 1 1 1 0 1 0 1 0 1 1 0
 1 1 0 0 1 0 1 1 1 1 1 0 1]",0,1,0
512,24.0,0.03903564100000012,"[1 1 1 1 1 1 1 1 1 1 1 1 1 1 1 1 1 1 1 1 1 1 1 1 0 1 1 1 1 0 1 0 1 0 1 1 0
 1 1 0 0 1 0 1 1 1 1 1 0 1]",0,1,0
1024,50.0,0.08723167199999993,"[1 1 1 1 1 1 1 1 1 1 1 1 1 1 1 1 1 1 1 1 1 1 1 1 1 1 1 1 1 1 1 1 1 1 1 1 1
 1 1 1 1 1 1 1 1 1 1 1 1 1]",0,1,0
2048,50.0,0.21431274600000005,"[1 1 1 1 1 1 1 1 1 1 1 1 1 1 1 1 1 1 1 1 1 1 1 1 1 1 1 1 1 1 1 1 1 1 1 1 1
 1 1 1 1 1 1 1 1 1 1 1 1 1]",0,1,0
4096,50.0,0.5885455049999999,"[1 1 1 1 1 1 1 1 1 1 1 1 1 1 1 1 1 1 1 1 1 1 1 1 1 1 1 1 1 1 1 1 1 1 1 1 1
 1 1 1 1 1 1 1 1 1 1 1 1 1]",0,1,0
8192,50.0,1.035512019,"[1 1 1 1 1 1 1 1 1 1 1 1 1 1 1 1 1 1 1 1 1 1 1 1 1 1 1 1 1 1 1 1 1 1 1 1 1
 1 1 1 1 1 1 1 1 1 1 1 1 1]",0,1,0
0,0.0,8.232900000004761e-05,"[0 1 1 0 1 1 1 1 1 1 1 0 0 1 0 0 0 0 0 1 0 1 1 0 0 1 1 1 1 0 1 0 1 0 1 1 0
 1 1 0 0 1 0 1 1 1 1 1 0 1]",0,5,0
1,0.0,0.0003787649999997811,"[0 1 1 0 1 1 1 1 1 1 1 0 0 1 0 0 0 0 0 1 0 1 1 0 0 1 1 1 1 0 1 0 1 0 1 1 0
 1 1 0 0 1 0 1 1 1 1 1 0 1]",0,5,0
2,0.0,0.0006174189999996749,"[0 1 1 0 1 1 1 1 1 1 1 0 0 1 0 0 0 0 0 1 0 1 1 0 0 1 1 1 1 0 1 0 1 0 1 1 0
 1 1 0 0 1 0 1 1 1 1 1 0 1]",0,5,0
4,0.0,0.0008914939999997706,"[0 1 1 0 1 1 1 1 1 1 1 0 0 1 0 0 0 0 0 1 0 1 1 0 0 1 1 1 1 0 1 0 1 0 1 1 0
 1 1 0 0 1 0 1 1 1 1 1 0 1]",0,5,0
8,0.0,0.0012404569999997506,"[0 1 1 0 1 1 1 1 1 1 1 0 0 1 0 0 0 0 0 1 0 1 1 0 0 1 1 1 1 0 1 0 1 0 1 1 0
 1 1 0 0 1 0 1 1 1 1 1 0 1]",0,5,0
16,3.0,0.0017443619999997217,"[1 1 1 0 1 1 1 1 1 1 1 0 0 1 0 0 0 0 0 1 0 1 1 0 0 1 1 1 1 0 1 0 1 0 1 1 0
 1 1 0 0 1 0 1 1 1 1 1 0 1]",0,5,0
32,3.0,0.002551611999999981,"[1 1 1 0 1 1 1 1 1 1 1 0 0 1 0 0 0 0 0 1 0 1 1 0 0 1 1 1 1 0 1 0 1 0 1 1 0
 1 1 0 0 1 0 1 1 1 1 1 0 1]",0,5,0
64,11.0,0.0040516710000000344,"[1 1 1 1 1 1 1 1 1 1 1 0 0 1 0 0 0 0 0 1 0 1 1 0 0 1 1 1 1 0 1 0 1 0 1 1 0
 1 1 0 0 1 0 1 1 1 1 1 0 1]",0,5,0
128,12.0,0.007117517999999823,"[1 1 1 1 1 1 1 1 1 1 1 1 0 1 0 0 0 0 0 1 0 1 1 0 0 1 1 1 1 0 1 0 1 0 1 1 0
 1 1 0 0 1 0 1 1 1 1 1 0 1]",0,5,0
256,14.0,0.013466637999999698,"[1 1 1 1 1 1 1 1 1 1 1 1 1 1 0 0 0 0 0 1 0 1 1 0 0 1 1 1 1 0 1 0 1 0 1 1 0
 1 1 0 0 1 0 1 1 1 1 1 0 1]",0,5,0
512,24.0,0.030096254999999683,"[1 1 1 1 1 1 1 1 1 1 1 1 1 1 1 1 1 1 1 1 1 1 1 1 0 1 1 1 1 0 1 0 1 0 1 1 0
 1 1 0 0 1 0 1 1 1 1 1 0 1]",0,5,0
1024,50.0,0.08076915699999976,"[1 1 1 1 1 1 1 1 1 1 1 1 1 1 1 1 1 1 1 1 1 1 1 1 1 1 1 1 1 1 1 1 1 1 1 1 1
 1 1 1 1 1 1 1 1 1 1 1 1 1]",0,5,0
2048,50.0,0.21279001600000003,"[1 1 1 1 1 1 1 1 1 1 1 1 1 1 1 1 1 1 1 1 1 1 1 1 1 1 1 1 1 1 1 1 1 1 1 1 1
 1 1 1 1 1 1 1 1 1 1 1 1 1]",0,5,0
4096,50.0,0.6282939589999996,"[1 1 1 1 1 1 1 1 1 1 1 1 1 1 1 1 1 1 1 1 1 1 1 1 1 1 1 1 1 1 1 1 1 1 1 1 1
 1 1 1 1 1 1 1 1 1 1 1 1 1]",0,5,0
8192,50.0,1.167362411,"[1 1 1 1 1 1 1 1 1 1 1 1 1 1 1 1 1 1 1 1 1 1 1 1 1 1 1 1 1 1 1 1 1 1 1 1 1
 1 1 1 1 1 1 1 1 1 1 1 1 1]",0,5,0
0,0.0,8.236999999988726e-05,"[0 1 1 0 1 1 1 1 1 1 1 0 0 1 0 0 0 0 0 1 0 1 1 0 0 1 1 1 1 0 1 0 1 0 1 1 0
 1 1 0 0 1 0 1 1 1 1 1 0 1]",0,10,0
1,0.0,0.00035985000000016143,"[0 1 1 0 1 1 1 1 1 1 1 0 0 1 0 0 0 0 0 1 0 1 1 0 0 1 1 1 1 0 1 0 1 0 1 1 0
 1 1 0 0 1 0 1 1 1 1 1 0 1]",0,10,0
2,0.0,0.0006099169999997933,"[0 1 1 0 1 1 1 1 1 1 1 0 0 1 0 0 0 0 0 1 0 1 1 0 0 1 1 1 1 0 1 0 1 0 1 1 0
 1 1 0 0 1 0 1 1 1 1 1 0 1]",0,10,0
4,0.0,0.0008951210000001097,"[0 1 1 0 1 1 1 1 1 1 1 0 0 1 0 0 0 0 0 1 0 1 1 0 0 1 1 1 1 0 1 0 1 0 1 1 0
 1 1 0 0 1 0 1 1 1 1 1 0 1]",0,10,0
8,0.0,0.0012627339999999876,"[0 1 1 0 1 1 1 1 1 1 1 0 0 1 0 0 0 0 0 1 0 1 1 0 0 1 1 1 1 0 1 0 1 0 1 1 0
 1 1 0 0 1 0 1 1 1 1 1 0 1]",0,10,0
16,3.0,0.0017942899999998652,"[1 1 1 0 1 1 1 1 1 1 1 0 0 1 0 0 0 0 0 1 0 1 1 0 0 1 1 1 1 0 1 0 1 0 1 1 0
 1 1 0 0 1 0 1 1 1 1 1 0 1]",0,10,0
32,3.0,0.0026318199999999514,"[1 1 1 0 1 1 1 1 1 1 1 0 0 1 0 0 0 0 0 1 0 1 1 0 0 1 1 1 1 0 1 0 1 0 1 1 0
 1 1 0 0 1 0 1 1 1 1 1 0 1]",0,10,0
64,11.0,0.004311426999999757,"[1 1 1 1 1 1 1 1 1 1 1 0 0 1 0 0 0 0 0 1 0 1 1 0 0 1 1 1 1 0 1 0 1 0 1 1 0
 1 1 0 0 1 0 1 1 1 1 1 0 1]",0,10,0
128,12.0,0.007357626000000117,"[1 1 1 1 1 1 1 1 1 1 1 1 0 1 0 0 0 0 0 1 0 1 1 0 0 1 1 1 1 0 1 0 1 0 1 1 0
 1 1 0 0 1 0 1 1 1 1 1 0 1]",0,10,0
256,14.0,0.013849421999999834,"[1 1 1 1 1 1 1 1 1 1 1 1 1 1 0 0 0 0 0 1 0 1 1 0 0 1 1 1 1 0 1 0 1 0 1 1 0
 1 1 0 0 1 0 1 1 1 1 1 0 1]",0,10,0
512,24.0,0.03496451700000014,"[1 1 1 1 1 1 1 1 1 1 1 1 1 1 1 1 1 1 1 1 1 1 1 1 0 1 1 1 1 0 1 0 1 0 1 1 0
 1 1 0 0 1 0 1 1 1 1 1 0 1]",0,10,0
1024,50.0,0.07816284999999956,"[1 1 1 1 1 1 1 1 1 1 1 1 1 1 1 1 1 1 1 1 1 1 1 1 1 1 1 1 1 1 1 1 1 1 1 1 1
 1 1 1 1 1 1 1 1 1 1 1 1 1]",0,10,0
2048,50.0,0.23224020000000012,"[1 1 1 1 1 1 1 1 1 1 1 1 1 1 1 1 1 1 1 1 1 1 1 1 1 1 1 1 1 1 1 1 1 1 1 1 1
 1 1 1 1 1 1 1 1 1 1 1 1 1]",0,10,0
4096,50.0,0.6731843950000003,"[1 1 1 1 1 1 1 1 1 1 1 1 1 1 1 1 1 1 1 1 1 1 1 1 1 1 1 1 1 1 1 1 1 1 1 1 1
 1 1 1 1 1 1 1 1 1 1 1 1 1]",0,10,0
8192,50.0,1.2044739889999998,"[1 1 1 1 1 1 1 1 1 1 1 1 1 1 1 1 1 1 1 1 1 1 1 1 1 1 1 1 1 1 1 1 1 1 1 1 1
 1 1 1 1 1 1 1 1 1 1 1 1 1]",0,10,0
0,2.0,0.00010995800000035416,"[1 1 0 0 1 1 1 1 1 0 0 1 0 1 1 0 0 1 0 0 0 1 0 0 1 0 0 0 1 0 0 0 1 1 1 1 1
 0 0 0 1 1 1 1 1 1 0 1 1 0]",0,1,1
1,2.0,0.00040423499999953094,"[1 1 0 0 1 1 1 1 1 0 0 1 0 1 1 0 0 1 0 0 0 1 0 0 1 0 0 0 1 0 0 0 1 1 1 1 1
 0 0 0 1 1 1 1 1 1 0 1 1 0]",0,1,1
2,2.0,0.0006592410000001436,"[1 1 0 0 1 1 1 1 1 0 0 1 0 1 1 0 0 1 0 0 0 1 0 0 1 0 0 0 1 0 0 0 1 1 1 1 1
 0 0 0 1 1 1 1 1 1 0 1 1 0]",0,1,1
4,2.0,0.000954069999999696,"[1 1 0 0 1 1 1 1 1 0 0 1 0 1 1 0 0 1 0 0 0 1 0 0 1 0 0 0 1 0 0 0 1 1 1 1 1
 0 0 0 1 1 1 1 1 1 0 1 1 0]",0,1,1
8,2.0,0.0013339859999996762,"[1 1 0 0 1 1 1 1 1 0 0 1 0 1 1 0 0 1 0 0 0 1 0 0 1 0 0 0 1 0 0 0 1 1 1 1 1
 0 0 0 1 1 1 1 1 1 0 1 1 0]",0,1,1
16,2.0,0.001876774000000303,"[1 1 0 0 1 1 1 1 1 0 0 1 0 1 1 0 0 1 0 0 0 1 0 0 1 0 0 0 1 0 0 0 1 1 1 1 1
 0 0 0 1 1 1 1 1 1 0 1 1 0]",0,1,1
32,2.0,0.002742779000000084,"[1 1 0 0 1 1 1 1 1 0 0 1 0 1 1 0 0 1 0 0 0 1 0 0 1 0 0 0 1 0 0 0 1 1 1 1 1
 0 0 0 1 1 1 1 1 1 0 1 1 0]",0,1,1
64,2.0,0.004437374000000105,"[1 1 0 0 1 1 1 1 1 0 0 1 0 1 1 0 0 1 0 0 0 1 0 0 1 0 0 0 1 0 0 0 1 1 1 1 1
 0 0 0 1 1 1 1 1 1 0 1 1 0]",0,1,1
128,3.0,0.008069268999999935,"[1 1 1 0 1 1 1 1 1 0 0 1 0 1 1 0 0 1 0 0 0 1 0 0 1 0 0 0 1 0 0 0 1 1 1 1 1
 0 0 0 1 1 1 1 1 1 0 1 1 0]",0,1,1
256,9.0,0.016202806999999986,"[1 1 1 1 1 1 1 1 1 0 0 1 0 1 1 0 0 1 0 0 0 1 0 0 1 0 0 0 1 0 0 0 1 1 1 1 1
 0 0 0 1 1 1 1 1 1 0 1 1 0]",0,1,1
512,18.0,0.03487687899999958,"[1 1 1 1 1 1 1 1 1 1 1 1 1 1 1 1 1 1 0 0 0 1 0 0 1 0 0 0 1 0 0 0 1 1 1 1 1
 0 0 0 1 1 1 1 1 1 0 1 1 0]",0,1,1
1024,30.0,0.07819697600000008,"[1 1 1 1 1 1 1 1 1 1 1 1 1 1 1 1 1 1 1 1 1 1 1 1 1 1 1 1 1 1 0 0 1 1 1 1 1
 0 0 0 1 1 1 1 1 1 0 1 1 0]",0,1,1
2048,50.0,0.18989128900000019,"[1 1 1 1 1 1 1 1 1 1 1 1 1 1 1 1 1 1 1 1 1 1 1 1 1 1 1 1 1 1 1 1 1 1 1 1 1
 1 1 1 1 1 1 1 1 1 1 1 1 1]",0,1,1
4096,50.0,0.565817204,"[1 1 1 1 1 1 1 1 1 1 1 1 1 1 1 1 1 1 1 1 1 1 1 1 1 1 1 1 1 1 1 1 1 1 1 1 1
 1 1 1 1 1 1 1 1 1 1 1 1 1]",0,1,1
8192,50.0,1.3344783719999995,"[1 1 1 1 1 1 1 1 1 1 1 1 1 1 1 1 1 1 1 1 1 1 1 1 1 1 1 1 1 1 1 1 1 1 1 1 1
 1 1 1 1 1 1 1 1 1 1 1 1 1]",0,1,1
0,2.0,0.00015261799999954917,"[1 1 0 0 1 1 1 1 1 0 0 1 0 1 1 0 0 1 0 0 0 1 0 0 1 0 0 0 1 0 0 0 1 1 1 1 1
 0 0 0 1 1 1 1 1 1 0 1 1 0]",0,5,1
1,2.0,0.0006834549999998885,"[1 1 0 0 1 1 1 1 1 0 0 1 0 1 1 0 0 1 0 0 0 1 0 0 1 0 0 0 1 0 0 0 1 1 1 1 1
 0 0 0 1 1 1 1 1 1 0 1 1 0]",0,5,1
2,2.0,0.0011734130000000675,"[1 1 0 0 1 1 1 1 1 0 0 1 0 1 1 0 0 1 0 0 0 1 0 0 1 0 0 0 1 0 0 0 1 1 1 1 1
 0 0 0 1 1 1 1 1 1 0 1 1 0]",0,5,1
4,2.0,0.0017422680000001023,"[1 1 0 0 1 1 1 1 1 0 0 1 0 1 1 0 0 1 0 0 0 1 0 0 1 0 0 0 1 0 0 0 1 1 1 1 1
 0 0 0 1 1 1 1 1 1 0 1 1 0]",0,5,1
8,2.0,0.0023919640000000797,"[1 1 0 0 1 1 1 1 1 0 0 1 0 1 1 0 0 1 0 0 0 1 0 0 1 0 0 0 1 0 0 0 1 1 1 1 1
 0 0 0 1 1 1 1 1 1 0 1 1 0]",0,5,1
16,2.0,0.003254690999999532,"[1 1 0 0 1 1 1 1 1 0 0 1 0 1 1 0 0 1 0 0 0 1 0 0 1 0 0 0 1 0 0 0 1 1 1 1 1
 0 0 0 1 1 1 1 1 1 0 1 1 0]",0,5,1
32,2.0,0.004735033999999416,"[1 1 0 0 1 1 1 1 1 0 0 1 0 1 1 0 0 1 0 0 0 1 0 0 1 0 0 0 1 0 0 0 1 1 1 1 1
 0 0 0 1 1 1 1 1 1 0 1 1 0]",0,5,1
64,2.0,0.0075856419999995595,"[1 1 0 0 1 1 1 1 1 0 0 1 0 1 1 0 0 1 0 0 0 1 0 0 1 0 0 0 1 0 0 0 1 1 1 1 1
 0 0 0 1 1 1 1 1 1 0 1 1 0]",0,5,1
128,3.0,0.014227651999999757,"[1 1 1 0 1 1 1 1 1 0 0 1 0 1 1 0 0 1 0 0 0 1 0 0 1 0 0 0 1 0 0 0 1 1 1 1 1
 0 0 0 1 1 1 1 1 1 0 1 1 0]",0,5,1
256,9.0,0.02772221900000016,"[1 1 1 1 1 1 1 1 1 0 0 1 0 1 1 0 0 1 0 0 0 1 0 0 1 0 0 0 1 0 0 0 1 1 1 1 1
 0 0 0 1 1 1 1 1 1 0 1 1 0]",0,5,1
512,18.0,0.055650207999999424,"[1 1 1 1 1 1 1 1 1 1 1 1 1 1 1 1 1 1 0 0 0 1 0 0 1 0 0 0 1 0 0 0 1 1 1 1 1
 0 0 0 1 1 1 1 1 1 0 1 1 0]",0,5,1
1024,30.0,0.11126216300000014,"[1 1 1 1 1 1 1 1 1 1 1 1 1 1 1 1 1 1 1 1 1 1 1 1 1 1 1 1 1 1 0 0 1 1 1 1 1
 0 0 0 1 1 1 1 1 1 0 1 1 0]",0,5,1
2048,50.0,0.26472306199999984,"[1 1 1 1 1 1 1 1 1 1 1 1 1 1 1 1 1 1 1 1 1 1 1 1 1 1 1 1 1 1 1 1 1 1 1 1 1
 1 1 1 1 1 1 1 1 1 1 1 1 1]",0,5,1
4096,50.0,0.7186730069999996,"[1 1 1 1 1 1 1 1 1 1 1 1 1 1 1 1 1 1 1 1 1 1 1 1 1 1 1 1 1 1 1 1 1 1 1 1 1
 1 1 1 1 1 1 1 1 1 1 1 1 1]",0,5,1
8192,50.0,1.4468400890000002,"[1 1 1 1 1 1 1 1 1 1 1 1 1 1 1 1 1 1 1 1 1 1 1 1 1 1 1 1 1 1 1 1 1 1 1 1 1
 1 1 1 1 1 1 1 1 1 1 1 1 1]",0,5,1
0,2.0,0.00010703499999920041,"[1 1 0 0 1 1 1 1 1 0 0 1 0 1 1 0 0 1 0 0 0 1 0 0 1 0 0 0 1 0 0 0 1 1 1 1 1
 0 0 0 1 1 1 1 1 1 0 1 1 0]",0,10,1
1,2.0,0.0006105349999998566,"[1 1 0 0 1 1 1 1 1 0 0 1 0 1 1 0 0 1 0 0 0 1 0 0 1 0 0 0 1 0 0 0 1 1 1 1 1
 0 0 0 1 1 1 1 1 1 0 1 1 0]",0,10,1
2,2.0,0.0009094530000002266,"[1 1 0 0 1 1 1 1 1 0 0 1 0 1 1 0 0 1 0 0 0 1 0 0 1 0 0 0 1 0 0 0 1 1 1 1 1
 0 0 0 1 1 1 1 1 1 0 1 1 0]",0,10,1
4,2.0,0.001231276000000392,"[1 1 0 0 1 1 1 1 1 0 0 1 0 1 1 0 0 1 0 0 0 1 0 0 1 0 0 0 1 0 0 0 1 1 1 1 1
 0 0 0 1 1 1 1 1 1 0 1 1 0]",0,10,1
8,2.0,0.001643574999999231,"[1 1 0 0 1 1 1 1 1 0 0 1 0 1 1 0 0 1 0 0 0 1 0 0 1 0 0 0 1 0 0 0 1 1 1 1 1
 0 0 0 1 1 1 1 1 1 0 1 1 0]",0,10,1
16,2.0,0.002311179999999524,"[1 1 0 0 1 1 1 1 1 0 0 1 0 1 1 0 0 1 0 0 0 1 0 0 1 0 0 0 1 0 0 0 1 1 1 1 1
 0 0 0 1 1 1 1 1 1 0 1 1 0]",0,10,1
32,2.0,0.0032463350000000446,"[1 1 0 0 1 1 1 1 1 0 0 1 0 1 1 0 0 1 0 0 0 1 0 0 1 0 0 0 1 0 0 0 1 1 1 1 1
 0 0 0 1 1 1 1 1 1 0 1 1 0]",0,10,1
64,2.0,0.005081559000000624,"[1 1 0 0 1 1 1 1 1 0 0 1 0 1 1 0 0 1 0 0 0 1 0 0 1 0 0 0 1 0 0 0 1 1 1 1 1
 0 0 0 1 1 1 1 1 1 0 1 1 0]",0,10,1
128,3.0,0.008544362000000305,"[1 1 1 0 1 1 1 1 1 0 0 1 0 1 1 0 0 1 0 0 0 1 0 0 1 0 0 0 1 0 0 0 1 1 1 1 1
 0 0 0 1 1 1 1 1 1 0 1 1 0]",0,10,1
256,9.0,0.015981327000000434,"[1 1 1 1 1 1 1 1 1 0 0 1 0 1 1 0 0 1 0 0 0 1 0 0 1 0 0 0 1 0 0 0 1 1 1 1 1
 0 0 0 1 1 1 1 1 1 0 1 1 0]",0,10,1
512,18.0,0.036264109999999405,"[1 1 1 1 1 1 1 1 1 1 1 1 1 1 1 1 1 1 0 0 0 1 0 0 1 0 0 0 1 0 0 0 1 1 1 1 1
 0 0 0 1 1 1 1 1 1 0 1 1 0]",0,10,1
1024,30.0,0.09734733600000034,"[1 1 1 1 1 1 1 1 1 1 1 1 1 1 1 1 1 1 1 1 1 1 1 1 1 1 1 1 1 1 0 0 1 1 1 1 1
 0 0 0 1 1 1 1 1 1 0 1 1 0]",0,10,1
2048,50.0,0.25785092399999954,"[1 1 1 1 1 1 1 1 1 1 1 1 1 1 1 1 1 1 1 1 1 1 1 1 1 1 1 1 1 1 1 1 1 1 1 1 1
 1 1 1 1 1 1 1 1 1 1 1 1 1]",0,10,1
4096,50.0,0.7166226709999997,"[1 1 1 1 1 1 1 1 1 1 1 1 1 1 1 1 1 1 1 1 1 1 1 1 1 1 1 1 1 1 1 1 1 1 1 1 1
 1 1 1 1 1 1 1 1 1 1 1 1 1]",0,10,1
8192,50.0,1.4597766169999993,"[1 1 1 1 1 1 1 1 1 1 1 1 1 1 1 1 1 1 1 1 1 1 1 1 1 1 1 1 1 1 1 1 1 1 1 1 1
 1 1 1 1 1 1 1 1 1 1 1 1 1]",0,10,1
0,3.0,0.00012058699999961675,"[0 1 1 0 0 1 0 1 0 1 0 1 1 1 1 1 1 1 0 0 0 0 1 1 1 0 0 0 1 1 1 0 0 1 0 0 1
 1 1 0 0 0 0 1 1 1 1 0 0 0]",0,1,2
1,4.0,0.0004452100000005288,"[0 1 1 0 0 1 0 1 0 1 0 1 1 1 1 1 1 1 0 0 0 0 1 1 1 0 0 0 1 1 1 0 0 1 0 0 1
 1 1 0 0 0 0 1 1 1 0 0 0 0]",0,1,2
2,4.0,0.0007205429999999069,"[0 1 1 0 0 1 0 1 0 1 0 1 1 1 1 1 1 1 0 0 0 0 1 1 1 0 0 0 1 1 1 0 0 1 0 0 1
 1 1 0 0 0 0 1 1 1 0 0 0 0]",0,1,2
4,4.0,0.0010543649999998905,"[0 1 1 0 0 1 0 1 0 1 0 1 1 1 1 1 1 1 0 0 0 0 1 1 1 0 0 0 1 1 1 0 0 1 0 0 1
 1 1 0 0 0 0 1 1 1 0 0 0 0]",0,1,2
8,4.0,0.0014932959999995887,"[0 1 1 0 0 1 0 1 0 1 0 1 1 1 1 1 1 1 0 0 0 0 1 1 1 0 0 0 1 1 1 0 0 1 0 0 1
 1 1 0 0 0 0 1 1 1 0 0 0 0]",0,1,2
16,5.0,0.002119528999999787,"[0 1 1 0 0 1 0 1 0 1 0 1 1 1 1 1 1 1 0 0 0 0 1 1 1 0 0 0 1 1 1 0 0 1 0 0 1
 1 1 0 0 0 0 1 1 0 0 0 0 0]",0,1,2
32,5.0,0.003076350000000616,"[0 1 1 0 0 1 0 1 0 1 0 1 1 1 1 1 1 1 0 0 0 0 1 1 1 0 0 0 1 1 1 0 0 1 0 0 1
 1 1 0 0 0 0 1 1 0 0 0 0 0]",0,1,2
64,5.0,0.0047813580000006795,"[0 1 1 0 0 1 0 1 0 1 0 1 1 1 1 1 1 1 0 0 0 0 1 1 1 0 0 0 1 1 1 0 0 1 0 0 1
 1 1 0 0 0 0 1 1 0 0 0 0 0]",0,1,2
128,11.0,0.008557550000000802,"[0 1 1 0 0 1 0 1 0 1 0 1 1 1 1 1 1 1 0 0 0 0 1 1 1 0 0 0 1 1 1 0 0 1 0 0 1
 1 1 0 0 0 0 0 0 0 0 0 0 0]",0,1,2
256,19.0,0.016319128000001015,"[0 1 1 0 0 1 0 1 0 1 0 1 1 1 1 1 1 1 0 0 0 0 1 1 1 0 0 0 1 1 1 0 0 0 0 0 0
 0 0 0 0 0 0 0 0 0 0 0 0 0]",0,1,2
512,33.0,0.04292335700000116,"[0 1 1 0 0 1 0 1 0 1 0 1 1 1 1 1 1 0 0 0 0 0 0 0 0 0 0 0 0 0 0 0 0 0 0 0 0
 0 0 0 0 0 0 0 0 0 0 0 0 0]",0,1,2
1024,47.0,0.09916443300000033,"[0 1 1 0 0 0 0 0 0 0 0 0 0 0 0 0 0 0 0 0 0 0 0 0 0 0 0 0 0 0 0 0 0 0 0 0 0
 0 0 0 0 0 0 0 0 0 0 0 0 0]",0,1,2
2048,50.0,0.2822278229999995,"[0 0 0 0 0 0 0 0 0 0 0 0 0 0 0 0 0 0 0 0 0 0 0 0 0 0 0 0 0 0 0 0 0 0 0 0 0
 0 0 0 0 0 0 0 0 0 0 0 0 0]",0,1,2
4096,50.0,0.7688497860000005,"[0 0 0 0 0 0 0 0 0 0 0 0 0 0 0 0 0 0 0 0 0 0 0 0 0 0 0 0 0 0 0 0 0 0 0 0 0
 0 0 0 0 0 0 0 0 0 0 0 0 0]",0,1,2
8192,50.0,1.513010413,"[0 0 0 0 0 0 0 0 0 0 0 0 0 0 0 0 0 0 0 0 0 0 0 0 0 0 0 0 0 0 0 0 0 0 0 0 0
 0 0 0 0 0 0 0 0 0 0 0 0 0]",0,1,2
0,3.0,0.00014703400000115607,"[0 1 1 0 0 1 0 1 0 1 0 1 1 1 1 1 1 1 0 0 0 0 1 1 1 0 0 0 1 1 1 0 0 1 0 0 1
 1 1 0 0 0 0 1 1 1 1 0 0 0]",0,5,2
1,4.0,0.000598241000000499,"[0 1 1 0 0 1 0 1 0 1 0 1 1 1 1 1 1 1 0 0 0 0 1 1 1 0 0 0 1 1 1 0 0 1 0 0 1
 1 1 0 0 0 0 1 1 1 0 0 0 0]",0,5,2
2,4.0,0.0009160490000006405,"[0 1 1 0 0 1 0 1 0 1 0 1 1 1 1 1 1 1 0 0 0 0 1 1 1 0 0 0 1 1 1 0 0 1 0 0 1
 1 1 0 0 0 0 1 1 1 0 0 0 0]",0,5,2
4,4.0,0.0013671100000003378,"[0 1 1 0 0 1 0 1 0 1 0 1 1 1 1 1 1 1 0 0 0 0 1 1 1 0 0 0 1 1 1 0 0 1 0 0 1
 1 1 0 0 0 0 1 1 1 0 0 0 0]",0,5,2
8,4.0,0.0018504090000011075,"[0 1 1 0 0 1 0 1 0 1 0 1 1 1 1 1 1 1 0 0 0 0 1 1 1 0 0 0 1 1 1 0 0 1 0 0 1
 1 1 0 0 0 0 1 1 1 0 0 0 0]",0,5,2
16,5.0,0.002771055000000189,"[0 1 1 0 0 1 0 1 0 1 0 1 1 1 1 1 1 1 0 0 0 0 1 1 1 0 0 0 1 1 1 0 0 1 0 0 1
 1 1 0 0 0 0 1 1 0 0 0 0 0]",0,5,2
32,5.0,0.004557056000001225,"[0 1 1 0 0 1 0 1 0 1 0 1 1 1 1 1 1 1 0 0 0 0 1 1 1 0 0 0 1 1 1 0 0 1 0 0 1
 1 1 0 0 0 0 1 1 0 0 0 0 0]",0,5,2
64,5.0,0.007916556000001407,"[0 1 1 0 0 1 0 1 0 1 0 1 1 1 1 1 1 1 0 0 0 0 1 1 1 0 0 0 1 1 1 0 0 1 0 0 1
 1 1 0 0 0 0 1 1 0 0 0 0 0]",0,5,2
128,11.0,0.012510707000000565,"[0 1 1 0 0 1 0 1 0 1 0 1 1 1 1 1 1 1 0 0 0 0 1 1 1 0 0 0 1 1 1 0 0 1 0 0 1
 1 1 0 0 0 0 0 0 0 0 0 0 0]",0,5,2
256,19.0,0.025887320000000713,"[0 1 1 0 0 1 0 1 0 1 0 1 1 1 1 1 1 1 0 0 0 0 1 1 1 0 0 0 1 1 1 0 0 0 0 0 0
 0 0 0 0 0 0 0 0 0 0 0 0 0]",0,5,2
512,33.0,0.050099075000000326,"[0 1 1 0 0 1 0 1 0 1 0 1 1 1 1 1 1 0 0 0 0 0 0 0 0 0 0 0 0 0 0 0 0 0 0 0 0
 0 0 0 0 0 0 0 0 0 0 0 0 0]",0,5,2
1024,47.0,0.11193110399999995,"[0 1 1 0 0 0 0 0 0 0 0 0 0 0 0 0 0 0 0 0 0 0 0 0 0 0 0 0 0 0 0 0 0 0 0 0 0
 0 0 0 0 0 0 0 0 0 0 0 0 0]",0,5,2
2048,50.0,0.2865891680000008,"[0 0 0 0 0 0 0 0 0 0 0 0 0 0 0 0 0 0 0 0 0 0 0 0 0 0 0 0 0 0 0 0 0 0 0 0 0
 0 0 0 0 0 0 0 0 0 0 0 0 0]",0,5,2
4096,50.0,0.7554147250000014,"[0 0 0 0 0 0 0 0 0 0 0 0 0 0 0 0 0 0 0 0 0 0 0 0 0 0 0 0 0 0 0 0 0 0 0 0 0
 0 0 0 0 0 0 0 0 0 0 0 0 0]",0,5,2
8192,50.0,1.4369024500000016,"[0 0 0 0 0 0 0 0 0 0 0 0 0 0 0 0 0 0 0 0 0 0 0 0 0 0 0 0 0 0 0 0 0 0 0 0 0
 0 0 0 0 0 0 0 0 0 0 0 0 0]",0,5,2
0,3.0,0.00017298999999937337,"[0 1 1 0 0 1 0 1 0 1 0 1 1 1 1 1 1 1 0 0 0 0 1 1 1 0 0 0 1 1 1 0 0 1 0 0 1
 1 1 0 0 0 0 1 1 1 1 0 0 0]",0,10,2
1,4.0,0.0007111450000003572,"[0 1 1 0 0 1 0 1 0 1 0 1 1 1 1 1 1 1 0 0 0 0 1 1 1 0 0 0 1 1 1 0 0 1 0 0 1
 1 1 0 0 0 0 1 1 1 0 0 0 0]",0,10,2
2,4.0,0.0010192839999998426,"[0 1 1 0 0 1 0 1 0 1 0 1 1 1 1 1 1 1 0 0 0 0 1 1 1 0 0 0 1 1 1 0 0 1 0 0 1
 1 1 0 0 0 0 1 1 1 0 0 0 0]",0,10,2
4,4.0,0.001362959999999802,"[0 1 1 0 0 1 0 1 0 1 0 1 1 1 1 1 1 1 0 0 0 0 1 1 1 0 0 0 1 1 1 0 0 1 0 0 1
 1 1 0 0 0 0 1 1 1 0 0 0 0]",0,10,2
8,4.0,0.0018018699999995391,"[0 1 1 0 0 1 0 1 0 1 0 1 1 1 1 1 1 1 0 0 0 0 1 1 1 0 0 0 1 1 1 0 0 1 0 0 1
 1 1 0 0 0 0 1 1 1 0 0 0 0]",0,10,2
16,5.0,0.0024395550000004818,"[0 1 1 0 0 1 0 1 0 1 0 1 1 1 1 1 1 1 0 0 0 0 1 1 1 0 0 0 1 1 1 0 0 1 0 0 1
 1 1 0 0 0 0 1 1 0 0 0 0 0]",0,10,2
32,5.0,0.0040476710000003635,"[0 1 1 0 0 1 0 1 0 1 0 1 1 1 1 1 1 1 0 0 0 0 1 1 1 0 0 0 1 1 1 0 0 1 0 0 1
 1 1 0 0 0 0 1 1 0 0 0 0 0]",0,10,2
64,5.0,0.006128705000000068,"[0 1 1 0 0 1 0 1 0 1 0 1 1 1 1 1 1 1 0 0 0 0 1 1 1 0 0 0 1 1 1 0 0 1 0 0 1
 1 1 0 0 0 0 1 1 0 0 0 0 0]",0,10,2
128,11.0,0.009970809000000358,"[0 1 1 0 0 1 0 1 0 1 0 1 1 1 1 1 1 1 0 0 0 0 1 1 1 0 0 0 1 1 1 0 0 1 0 0 1
 1 1 0 0 0 0 0 0 0 0 0 0 0]",0,10,2
256,19.0,0.020295383000000555,"[0 1 1 0 0 1 0 1 0 1 0 1 1 1 1 1 1 1 0 0 0 0 1 1 1 0 0 0 1 1 1 0 0 0 0 0 0
 0 0 0 0 0 0 0 0 0 0 0 0 0]",0,10,2
512,33.0,0.03927788300000046,"[0 1 1 0 0 1 0 1 0 1 0 1 1 1 1 1 1 0 0 0 0 0 0 0 0 0 0 0 0 0 0 0 0 0 0 0 0
 0 0 0 0 0 0 0 0 0 0 0 0 0]",0,10,2
1024,47.0,0.09134939900000028,"[0 1 1 0 0 0 0 0 0 0 0 0 0 0 0 0 0 0 0 0 0 0 0 0 0 0 0 0 0 0 0 0 0 0 0 0 0
 0 0 0 0 0 0 0 0 0 0 0 0 0]",0,10,2
2048,50.0,0.22728478700000032,"[0 0 0 0 0 0 0 0 0 0 0 0 0 0 0 0 0 0 0 0 0 0 0 0 0 0 0 0 0 0 0 0 0 0 0 0 0
 0 0 0 0 0 0 0 0 0 0 0 0 0]",0,10,2
4096,50.0,0.6539571169999991,"[0 0 0 0 0 0 0 0 0 0 0 0 0 0 0 0 0 0 0 0 0 0 0 0 0 0 0 0 0 0 0 0 0 0 0 0 0
 0 0 0 0 0 0 0 0 0 0 0 0 0]",0,10,2
8192,50.0,1.3476254880000003,"[0 0 0 0 0 0 0 0 0 0 0 0 0 0 0 0 0 0 0 0 0 0 0 0 0 0 0 0 0 0 0 0 0 0 0 0 0
 0 0 0 0 0 0 0 0 0 0 0 0 0]",0,10,2
0,0.0,0.00012876200000100368,"[0 0 1 1 0 0 0 1 1 1 0 1 1 1 0 1 1 0 0 0 0 1 1 0 0 0 1 0 0 0 0 1 0 1 1 0 1
 0 0 1 1 0 0 1 0 1 0 1 1 1]",0,1,3
1,0.0,0.0004586139999993577,"[0 0 1 1 0 0 0 1 1 1 0 1 1 1 0 1 1 0 0 0 0 1 1 0 0 0 1 0 0 0 0 1 0 1 1 0 1
 0 0 1 1 0 0 1 0 1 0 1 1 1]",0,1,3
2,0.0,0.0007472960000001194,"[0 0 1 1 0 0 0 1 1 1 0 1 1 1 0 1 1 0 0 0 0 1 1 0 0 0 1 0 0 0 0 1 0 1 1 0 1
 0 0 1 1 0 0 1 0 1 0 1 1 1]",0,1,3
4,0.0,0.0013592399999993177,"[0 0 1 1 0 0 0 1 1 1 0 1 1 1 0 1 1 0 0 0 0 1 1 0 0 0 1 0 0 0 0 1 0 1 1 0 1
 0 0 1 1 0 0 1 0 1 0 1 1 1]",0,1,3
8,1.0,0.0018900140000006616,"[0 0 1 1 0 0 0 1 1 1 0 1 1 1 0 1 1 0 0 0 0 1 1 0 0 0 1 0 0 0 0 1 0 1 1 0 1
 0 0 1 1 0 0 1 0 1 0 1 1 0]",0,1,3
16,1.0,0.002545096000000413,"[0 0 1 1 0 0 0 1 1 1 0 1 1 1 0 1 1 0 0 0 0 1 1 0 0 0 1 0 0 0 0 1 0 1 1 0 1
 0 0 1 1 0 0 1 0 1 0 1 1 0]",0,1,3
32,1.0,0.0039048580000002886,"[0 0 1 1 0 0 0 1 1 1 0 1 1 1 0 1 1 0 0 0 0 1 1 0 0 0 1 0 0 0 0 1 0 1 1 0 1
 0 0 1 1 0 0 1 0 1 0 1 1 0]",0,1,3
64,4.0,0.006585291000000382,"[0 0 1 1 0 0 0 1 1 1 0 1 1 1 0 1 1 0 0 0 0 1 1 0 0 0 1 0 0 0 0 1 0 1 1 0 1
 0 0 1 1 0 0 1 0 1 0 0 0 0]",0,1,3
128,9.0,0.010657893999999501,"[0 0 1 1 0 0 0 1 1 1 0 1 1 1 0 1 1 0 0 0 0 1 1 0 0 0 1 0 0 0 0 1 0 1 1 0 1
 0 0 1 1 0 0 0 0 0 0 0 0 0]",0,1,3
256,15.0,0.020213497000000302,"[0 0 1 1 0 0 0 1 1 1 0 1 1 1 0 1 1 0 0 0 0 1 1 0 0 0 1 0 0 0 0 1 0 1 1 0 0
 0 0 0 0 0 0 0 0 0 0 0 0 0]",0,1,3
512,33.0,0.04892092899999945,"[0 0 1 1 0 0 0 1 1 1 0 1 1 1 0 1 1 0 0 0 0 0 0 0 0 0 0 0 0 0 0 0 0 0 0 0 0
 0 0 0 0 0 0 0 0 0 0 0 0 0]",0,1,3
1024,50.0,0.1112559019999999,"[0 0 0 0 0 0 0 0 0 0 0 0 0 0 0 0 0 0 0 0 0 0 0 0 0 0 0 0 0 0 0 0 0 0 0 0 0
 0 0 0 0 0 0 0 0 0 0 0 0 0]",0,1,3
2048,50.0,0.27312842999999987,"[0 0 0 0 0 0 0 0 0 0 0 0 0 0 0 0 0 0 0 0 0 0 0 0 0 0 0 0 0 0 0 0 0 0 0 0 0
 0 0 0 0 0 0 0 0 0 0 0 0 0]",0,1,3
4096,50.0,0.7869749729999995,"[0 0 0 0 0 0 0 0 0 0 0 0 0 0 0 0 0 0 0 0 0 0 0 0 0 0 0 0 0 0 0 0 0 0 0 0 0
 0 0 0 0 0 0 0 0 0 0 0 0 0]",0,1,3
8192,50.0,1.6653842490000006,"[0 0 0 0 0 0 0 0 0 0 0 0 0 0 0 0 0 0 0 0 0 0 0 0 0 0 0 0 0 0 0 0 0 0 0 0 0
 0 0 0 0 0 0 0 0 0 0 0 0 0]",0,1,3
0,0.0,0.00022225699999722792,"[0 0 1 1 0 0 0 1 1 1 0 1 1 1 0 1 1 0 0 0 0 1 1 0 0 0 1 0 0 0 0 1 0 1 1 0 1
 0 0 1 1 0 0 1 0 1 0 1 1 1]",0,5,3
1,0.0,0.0009360839999992265,"[0 0 1 1 0 0 0 1 1 1 0 1 1 1 0 1 1 0 0 0 0 1 1 0 0 0 1 0 0 0 0 1 0 1 1 0 1
 0 0 1 1 0 0 1 0 1 0 1 1 1]",0,5,3
2,0.0,0.0013382019999994554,"[0 0 1 1 0 0 0 1 1 1 0 1 1 1 0 1 1 0 0 0 0 1 1 0 0 0 1 0 0 0 0 1 0 1 1 0 1
 0 0 1 1 0 0 1 0 1 0 1 1 1]",0,5,3
4,0.0,0.0016977959999984193,"[0 0 1 1 0 0 0 1 1 1 0 1 1 1 0 1 1 0 0 0 0 1 1 0 0 0 1 0 0 0 0 1 0 1 1 0 1
 0 0 1 1 0 0 1 0 1 0 1 1 1]",0,5,3
8,1.0,0.002152662000000305,"[0 0 1 1 0 0 0 1 1 1 0 1 1 1 0 1 1 0 0 0 0 1 1 0 0 0 1 0 0 0 0 1 0 1 1 0 1
 0 0 1 1 0 0 1 0 1 0 1 1 0]",0,5,3
16,1.0,0.0032597609999989174,"[0 0 1 1 0 0 0 1 1 1 0 1 1 1 0 1 1 0 0 0 0 1 1 0 0 0 1 0 0 0 0 1 0 1 1 0 1
 0 0 1 1 0 0 1 0 1 0 1 1 0]",0,5,3
32,1.0,0.004467704999999711,"[0 0 1 1 0 0 0 1 1 1 0 1 1 1 0 1 1 0 0 0 0 1 1 0 0 0 1 0 0 0 0 1 0 1 1 0 1
 0 0 1 1 0 0 1 0 1 0 1 1 0]",0,5,3
64,4.0,0.008005695999997897,"[0 0 1 1 0 0 0 1 1 1 0 1 1 1 0 1 1 0 0 0 0 1 1 0 0 0 1 0 0 0 0 1 0 1 1 0 1
 0 0 1 1 0 0 1 0 1 0 0 0 0]",0,5,3
128,9.0,0.014770326000000722,"[0 0 1 1 0 0 0 1 1 1 0 1 1 1 0 1 1 0 0 0 0 1 1 0 0 0 1 0 0 0 0 1 0 1 1 0 1
 0 0 1 1 0 0 0 0 0 0 0 0 0]",0,5,3
256,15.0,0.02896033300000056,"[0 0 1 1 0 0 0 1 1 1 0 1 1 1 0 1 1 0 0 0 0 1 1 0 0 0 1 0 0 0 0 1 0 1 1 0 0
 0 0 0 0 0 0 0 0 0 0 0 0 0]",0,5,3
512,33.0,0.05978548699999919,"[0 0 1 1 0 0 0 1 1 1 0 1 1 1 0 1 1 0 0 0 0 0 0 0 0 0 0 0 0 0 0 0 0 0 0 0 0
 0 0 0 0 0 0 0 0 0 0 0 0 0]",0,5,3
1024,50.0,0.12487117199999886,"[0 0 0 0 0 0 0 0 0 0 0 0 0 0 0 0 0 0 0 0 0 0 0 0 0 0 0 0 0 0 0 0 0 0 0 0 0
 0 0 0 0 0 0 0 0 0 0 0 0 0]",0,5,3
2048,50.0,0.29856925400000023,"[0 0 0 0 0 0 0 0 0 0 0 0 0 0 0 0 0 0 0 0 0 0 0 0 0 0 0 0 0 0 0 0 0 0 0 0 0
 0 0 0 0 0 0 0 0 0 0 0 0 0]",0,5,3
4096,50.0,0.7965612459999996,"[0 0 0 0 0 0 0 0 0 0 0 0 0 0 0 0 0 0 0 0 0 0 0 0 0 0 0 0 0 0 0 0 0 0 0 0 0
 0 0 0 0 0 0 0 0 0 0 0 0 0]",0,5,3
8192,50.0,1.448053685999998,"[0 0 0 0 0 0 0 0 0 0 0 0 0 0 0 0 0 0 0 0 0 0 0 0 0 0 0 0 0 0 0 0 0 0 0 0 0
 0 0 0 0 0 0 0 0 0 0 0 0 0]",0,5,3
0,0.0,0.00016591900000051396,"[0 0 1 1 0 0 0 1 1 1 0 1 1 1 0 1 1 0 0 0 0 1 1 0 0 0 1 0 0 0 0 1 0 1 1 0 1
 0 0 1 1 0 0 1 0 1 0 1 1 1]",0,10,3
1,0.0,0.0006445040000002678,"[0 0 1 1 0 0 0 1 1 1 0 1 1 1 0 1 1 0 0 0 0 1 1 0 0 0 1 0 0 0 0 1 0 1 1 0 1
 0 0 1 1 0 0 1 0 1 0 1 1 1]",0,10,3
2,0.0,0.001152819000001415,"[0 0 1 1 0 0 0 1 1 1 0 1 1 1 0 1 1 0 0 0 0 1 1 0 0 0 1 0 0 0 0 1 0 1 1 0 1
 0 0 1 1 0 0 1 0 1 0 1 1 1]",0,10,3
4,0.0,0.0015118400000027066,"[0 0 1 1 0 0 0 1 1 1 0 1 1 1 0 1 1 0 0 0 0 1 1 0 0 0 1 0 0 0 0 1 0 1 1 0 1
 0 0 1 1 0 0 1 0 1 0 1 1 1]",0,10,3
8,1.0,0.002019905000000932,"[0 0 1 1 0 0 0 1 1 1 0 1 1 1 0 1 1 0 0 0 0 1 1 0 0 0 1 0 0 0 0 1 0 1 1 0 1
 0 0 1 1 0 0 1 0 1 0 1 1 0]",0,10,3
16,1.0,0.0031495680000013238,"[0 0 1 1 0 0 0 1 1 1 0 1 1 1 0 1 1 0 0 0 0 1 1 0 0 0 1 0 0 0 0 1 0 1 1 0 1
 0 0 1 1 0 0 1 0 1 0 1 1 0]",0,10,3
32,1.0,0.004270221000002294,"[0 0 1 1 0 0 0 1 1 1 0 1 1 1 0 1 1 0 0 0 0 1 1 0 0 0 1 0 0 0 0 1 0 1 1 0 1
 0 0 1 1 0 0 1 0 1 0 1 1 0]",0,10,3
64,4.0,0.006018246000000005,"[0 0 1 1 0 0 0 1 1 1 0 1 1 1 0 1 1 0 0 0 0 1 1 0 0 0 1 0 0 0 0 1 0 1 1 0 1
 0 0 1 1 0 0 1 0 1 0 0 0 0]",0,10,3
128,9.0,0.009624037000001806,"[0 0 1 1 0 0 0 1 1 1 0 1 1 1 0 1 1 0 0 0 0 1 1 0 0 0 1 0 0 0 0 1 0 1 1 0 1
 0 0 1 1 0 0 0 0 0 0 0 0 0]",0,10,3
256,15.0,0.01775257799999963,"[0 0 1 1 0 0 0 1 1 1 0 1 1 1 0 1 1 0 0 0 0 1 1 0 0 0 1 0 0 0 0 1 0 1 1 0 0
 0 0 0 0 0 0 0 0 0 0 0 0 0]",0,10,3
512,33.0,0.04176251400000197,"[0 0 1 1 0 0 0 1 1 1 0 1 1 1 0 1 1 0 0 0 0 0 0 0 0 0 0 0 0 0 0 0 0 0 0 0 0
 0 0 0 0 0 0 0 0 0 0 0 0 0]",0,10,3
1024,50.0,0.10445444300000162,"[0 0 0 0 0 0 0 0 0 0 0 0 0 0 0 0 0 0 0 0 0 0 0 0 0 0 0 0 0 0 0 0 0 0 0 0 0
 0 0 0 0 0 0 0 0 0 0 0 0 0]",0,10,3
2048,50.0,0.2577279509999997,"[0 0 0 0 0 0 0 0 0 0 0 0 0 0 0 0 0 0 0 0 0 0 0 0 0 0 0 0 0 0 0 0 0 0 0 0 0
 0 0 0 0 0 0 0 0 0 0 0 0 0]",0,10,3
4096,50.0,0.7569501060000015,"[0 0 0 0 0 0 0 0 0 0 0 0 0 0 0 0 0 0 0 0 0 0 0 0 0 0 0 0 0 0 0 0 0 0 0 0 0
 0 0 0 0 0 0 0 0 0 0 0 0 0]",0,10,3
8192,50.0,1.354002838000003,"[0 0 0 0 0 0 0 0 0 0 0 0 0 0 0 0 0 0 0 0 0 0 0 0 0 0 0 0 0 0 0 0 0 0 0 0 0
 0 0 0 0 0 0 0 0 0 0 0 0 0]",0,10,3
0,0.0,0.00011964200000136316,"[0 0 1 1 1 0 1 0 0 1 0 0 1 1 0 1 1 1 0 0 0 0 0 0 0 0 1 0 1 1 1 1 0 1 0 0 0
 0 1 0 0 1 0 0 1 0 0 1 0 1]",0,1,4
1,0.0,0.0005796850000017173,"[0 0 1 1 1 0 1 0 0 1 0 0 1 1 0 1 1 1 0 0 0 0 0 0 0 0 1 0 1 1 1 1 0 1 0 0 0
 0 1 0 0 1 0 0 1 0 0 1 0 1]",0,1,4
2,0.0,0.0010721690000004003,"[0 0 1 1 1 0 1 0 0 1 0 0 1 1 0 1 1 1 0 0 0 0 0 0 0 0 1 0 1 1 1 1 0 1 0 0 0
 0 1 0 0 1 0 0 1 0 0 1 0 1]",0,1,4
4,0.0,0.0016517369999995424,"[0 0 1 1 1 0 1 0 0 1 0 0 1 1 0 1 1 1 0 0 0 0 0 0 0 0 1 0 1 1 1 1 0 1 0 0 0
 0 1 0 0 1 0 0 1 0 0 1 0 1]",0,1,4
8,0.0,0.002410104999999163,"[0 0 1 1 1 0 1 0 0 1 0 0 1 1 0 1 1 1 0 0 0 0 0 0 0 0 1 0 1 1 1 1 0 1 0 0 0
 0 1 0 0 1 0 0 1 0 0 1 0 1]",0,1,4
16,0.0,0.0033779080000009287,"[0 0 1 1 1 0 1 0 0 1 0 0 1 1 0 1 1 1 0 0 0 0 0 0 0 0 1 0 1 1 1 1 0 1 0 0 0
 0 1 0 0 1 0 0 1 0 0 1 0 1]",0,1,4
32,0.0,0.004585038000001873,"[0 0 1 1 1 0 1 0 0 1 0 0 1 1 0 1 1 1 0 0 0 0 0 0 0 0 1 0 1 1 1 1 0 1 0 0 0
 0 1 0 0 1 0 0 1 0 0 1 0 1]",0,1,4
64,0.0,0.0067072470000013595,"[0 0 1 1 1 0 1 0 0 1 0 0 1 1 0 1 1 1 0 0 0 0 0 0 0 0 1 0 1 1 1 1 0 1 0 0 0
 0 1 0 0 1 0 0 1 0 0 1 0 1]",0,1,4
128,7.0,0.010898152999999411,"[1 1 1 1 1 1 1 0 0 1 0 0 1 1 0 1 1 1 0 0 0 0 0 0 0 0 1 0 1 1 1 1 0 1 0 0 0
 0 1 0 0 1 0 0 1 0 0 1 0 0]",0,1,4
256,10.0,0.01945042500000227,"[1 1 1 1 1 1 1 1 1 1 0 0 1 1 0 1 1 1 0 0 0 0 0 0 0 0 1 0 1 1 1 1 0 1 0 0 0
 0 1 0 0 1 0 0 1 0 0 1 0 0]",0,1,4
512,14.0,0.03886302000000086,"[1 1 1 1 1 1 1 1 1 1 1 1 1 1 0 1 1 1 0 0 0 0 0 0 0 0 1 0 1 1 1 1 0 1 0 0 0
 0 1 0 0 1 0 0 1 0 0 1 0 0]",0,1,4
1024,25.0,0.08690396700000136,"[1 1 1 1 1 1 1 1 1 1 1 1 1 1 1 1 1 1 1 1 1 1 1 1 1 0 1 0 1 1 1 1 0 1 0 0 0
 0 1 0 0 1 0 0 1 0 0 1 0 0]",0,1,4
2048,50.0,0.2147236740000018,"[1 1 1 1 1 1 1 1 1 1 1 1 1 1 1 1 1 1 1 1 1 1 1 1 1 1 1 1 1 1 1 1 1 1 1 1 1
 1 1 1 1 1 1 1 1 1 1 1 1 1]",0,1,4
4096,50.0,0.6998798400000013,"[1 1 1 1 1 1 1 1 1 1 1 1 1 1 1 1 1 1 1 1 1 1 1 1 1 1 1 1 1 1 1 1 1 1 1 1 1
 1 1 1 1 1 1 1 1 1 1 1 1 1]",0,1,4
8192,50.0,1.7733585980000015,"[1 1 1 1 1 1 1 1 1 1 1 1 1 1 1 1 1 1 1 1 1 1 1 1 1 1 1 1 1 1 1 1 1 1 1 1 1
 1 1 1 1 1 1 1 1 1 1 1 1 1]",0,1,4
0,0.0,0.00010812800000081779,"[0 0 1 1 1 0 1 0 0 1 0 0 1 1 0 1 1 1 0 0 0 0 0 0 0 0 1 0 1 1 1 1 0 1 0 0 0
 0 1 0 0 1 0 0 1 0 0 1 0 1]",0,5,4
1,0.0,0.0004294700000002649,"[0 0 1 1 1 0 1 0 0 1 0 0 1 1 0 1 1 1 0 0 0 0 0 0 0 0 1 0 1 1 1 1 0 1 0 0 0
 0 1 0 0 1 0 0 1 0 0 1 0 1]",0,5,4
2,0.0,0.0008161400000012975,"[0 0 1 1 1 0 1 0 0 1 0 0 1 1 0 1 1 1 0 0 0 0 0 0 0 0 1 0 1 1 1 1 0 1 0 0 0
 0 1 0 0 1 0 0 1 0 0 1 0 1]",0,5,4
4,0.0,0.0011990290000021275,"[0 0 1 1 1 0 1 0 0 1 0 0 1 1 0 1 1 1 0 0 0 0 0 0 0 0 1 0 1 1 1 1 0 1 0 0 0
 0 1 0 0 1 0 0 1 0 0 1 0 1]",0,5,4
8,0.0,0.0016305299999999079,"[0 0 1 1 1 0 1 0 0 1 0 0 1 1 0 1 1 1 0 0 0 0 0 0 0 0 1 0 1 1 1 1 0 1 0 0 0
 0 1 0 0 1 0 0 1 0 0 1 0 1]",0,5,4
16,0.0,0.002341089000001517,"[0 0 1 1 1 0 1 0 0 1 0 0 1 1 0 1 1 1 0 0 0 0 0 0 0 0 1 0 1 1 1 1 0 1 0 0 0
 0 1 0 0 1 0 0 1 0 0 1 0 1]",0,5,4
32,0.0,0.0033003680000014413,"[0 0 1 1 1 0 1 0 0 1 0 0 1 1 0 1 1 1 0 0 0 0 0 0 0 0 1 0 1 1 1 1 0 1 0 0 0
 0 1 0 0 1 0 0 1 0 0 1 0 1]",0,5,4
64,0.0,0.005133876000002147,"[0 0 1 1 1 0 1 0 0 1 0 0 1 1 0 1 1 1 0 0 0 0 0 0 0 0 1 0 1 1 1 1 0 1 0 0 0
 0 1 0 0 1 0 0 1 0 0 1 0 1]",0,5,4
128,7.0,0.009554595000000887,"[1 1 1 1 1 1 1 0 0 1 0 0 1 1 0 1 1 1 0 0 0 0 0 0 0 0 1 0 1 1 1 1 0 1 0 0 0
 0 1 0 0 1 0 0 1 0 0 1 0 0]",0,5,4
256,10.0,0.019651573000000866,"[1 1 1 1 1 1 1 1 1 1 0 0 1 1 0 1 1 1 0 0 0 0 0 0 0 0 1 0 1 1 1 1 0 1 0 0 0
 0 1 0 0 1 0 0 1 0 0 1 0 0]",0,5,4
512,14.0,0.042435143000002284,"[1 1 1 1 1 1 1 1 1 1 1 1 1 1 0 1 1 1 0 0 0 0 0 0 0 0 1 0 1 1 1 1 0 1 0 0 0
 0 1 0 0 1 0 0 1 0 0 1 0 0]",0,5,4
1024,25.0,0.0975034720000032,"[1 1 1 1 1 1 1 1 1 1 1 1 1 1 1 1 1 1 1 1 1 1 1 1 1 0 1 0 1 1 1 1 0 1 0 0 0
 0 1 0 0 1 0 0 1 0 0 1 0 0]",0,5,4
2048,50.0,0.2954932929999998,"[1 1 1 1 1 1 1 1 1 1 1 1 1 1 1 1 1 1 1 1 1 1 1 1 1 1 1 1 1 1 1 1 1 1 1 1 1
 1 1 1 1 1 1 1 1 1 1 1 1 1]",0,5,4
4096,50.0,0.7953812400000011,"[1 1 1 1 1 1 1 1 1 1 1 1 1 1 1 1 1 1 1 1 1 1 1 1 1 1 1 1 1 1 1 1 1 1 1 1 1
 1 1 1 1 1 1 1 1 1 1 1 1 1]",0,5,4
8192,50.0,1.7689571750000006,"[1 1 1 1 1 1 1 1 1 1 1 1 1 1 1 1 1 1 1 1 1 1 1 1 1 1 1 1 1 1 1 1 1 1 1 1 1
 1 1 1 1 1 1 1 1 1 1 1 1 1]",0,5,4
0,0.0,0.00012397300000088762,"[0 0 1 1 1 0 1 0 0 1 0 0 1 1 0 1 1 1 0 0 0 0 0 0 0 0 1 0 1 1 1 1 0 1 0 0 0
 0 1 0 0 1 0 0 1 0 0 1 0 1]",0,10,4
1,0.0,0.0005055799999986732,"[0 0 1 1 1 0 1 0 0 1 0 0 1 1 0 1 1 1 0 0 0 0 0 0 0 0 1 0 1 1 1 1 0 1 0 0 0
 0 1 0 0 1 0 0 1 0 0 1 0 1]",0,10,4
2,0.0,0.0008780540000010717,"[0 0 1 1 1 0 1 0 0 1 0 0 1 1 0 1 1 1 0 0 0 0 0 0 0 0 1 0 1 1 1 1 0 1 0 0 0
 0 1 0 0 1 0 0 1 0 0 1 0 1]",0,10,4
4,0.0,0.0015368920000007336,"[0 0 1 1 1 0 1 0 0 1 0 0 1 1 0 1 1 1 0 0 0 0 0 0 0 0 1 0 1 1 1 1 0 1 0 0 0
 0 1 0 0 1 0 0 1 0 0 1 0 1]",0,10,4
8,0.0,0.0021739079999996136,"[0 0 1 1 1 0 1 0 0 1 0 0 1 1 0 1 1 1 0 0 0 0 0 0 0 0 1 0 1 1 1 1 0 1 0 0 0
 0 1 0 0 1 0 0 1 0 0 1 0 1]",0,10,4
16,0.0,0.0027773380000013503,"[0 0 1 1 1 0 1 0 0 1 0 0 1 1 0 1 1 1 0 0 0 0 0 0 0 0 1 0 1 1 1 1 0 1 0 0 0
 0 1 0 0 1 0 0 1 0 0 1 0 1]",0,10,4
32,0.0,0.0039247849999988205,"[0 0 1 1 1 0 1 0 0 1 0 0 1 1 0 1 1 1 0 0 0 0 0 0 0 0 1 0 1 1 1 1 0 1 0 0 0
 0 1 0 0 1 0 0 1 0 0 1 0 1]",0,10,4
64,0.0,0.005868872000000636,"[0 0 1 1 1 0 1 0 0 1 0 0 1 1 0 1 1 1 0 0 0 0 0 0 0 0 1 0 1 1 1 1 0 1 0 0 0
 0 1 0 0 1 0 0 1 0 0 1 0 1]",0,10,4
128,7.0,0.010304117000000446,"[1 1 1 1 1 1 1 0 0 1 0 0 1 1 0 1 1 1 0 0 0 0 0 0 0 0 1 0 1 1 1 1 0 1 0 0 0
 0 1 0 0 1 0 0 1 0 0 1 0 0]",0,10,4
256,10.0,0.02050684299999972,"[1 1 1 1 1 1 1 1 1 1 0 0 1 1 0 1 1 1 0 0 0 0 0 0 0 0 1 0 1 1 1 1 0 1 0 0 0
 0 1 0 0 1 0 0 1 0 0 1 0 0]",0,10,4
512,14.0,0.039893756000001446,"[1 1 1 1 1 1 1 1 1 1 1 1 1 1 0 1 1 1 0 0 0 0 0 0 0 0 1 0 1 1 1 1 0 1 0 0 0
 0 1 0 0 1 0 0 1 0 0 1 0 0]",0,10,4
1024,25.0,0.09408171100000118,"[1 1 1 1 1 1 1 1 1 1 1 1 1 1 1 1 1 1 1 1 1 1 1 1 1 0 1 0 1 1 1 1 0 1 0 0 0
 0 1 0 0 1 0 0 1 0 0 1 0 0]",0,10,4
2048,50.0,0.2372334269999996,"[1 1 1 1 1 1 1 1 1 1 1 1 1 1 1 1 1 1 1 1 1 1 1 1 1 1 1 1 1 1 1 1 1 1 1 1 1
 1 1 1 1 1 1 1 1 1 1 1 1 1]",0,10,4
4096,50.0,0.6649548319999994,"[1 1 1 1 1 1 1 1 1 1 1 1 1 1 1 1 1 1 1 1 1 1 1 1 1 1 1 1 1 1 1 1 1 1 1 1 1
 1 1 1 1 1 1 1 1 1 1 1 1 1]",0,10,4
8192,50.0,1.5127126570000016,"[1 1 1 1 1 1 1 1 1 1 1 1 1 1 1 1 1 1 1 1 1 1 1 1 1 1 1 1 1 1 1 1 1 1 1 1 1
 1 1 1 1 1 1 1 1 1 1 1 1 1]",0,10,4
