Iteration,Fitness,Time,State,schedule,Temperature,run_number
0,25.0,0.0002324529999988556,"[0 1 1 0 1 1 1 1 1 1 1 0 0 1 0 0 0 0 0 1 0 1 1 0 0 1 1 1 1 0 1 0 1 0 1 1 0
 1 1 0 0 1 0 1 1 1 1 1 0 1]",1,1,0
1,25.0,0.0006519199999992509,"[0 1 1 0 1 1 1 1 1 1 1 0 0 1 0 0 0 0 0 1 0 1 1 0 0 1 1 1 1 0 1 0 1 0 1 1 0
 1 1 0 0 1 0 1 1 1 1 1 0 1]",1,1,0
2,25.0,0.0010754450000014515,"[0 1 1 0 1 1 1 1 1 1 1 0 0 1 0 0 0 0 0 1 0 1 1 0 0 1 1 1 1 0 1 0 1 0 1 1 0
 1 1 0 0 1 0 1 1 1 1 1 0 1]",1,1,0
4,25.0,0.0019495059999989905,"[0 1 1 0 1 1 1 1 1 1 1 1 0 1 0 0 0 0 0 1 0 1 1 1 0 1 1 1 1 0 1 0 1 0 1 1 0
 1 1 0 0 1 0 1 1 1 1 1 0 1]",1,1,0
8,26.0,0.003539722999999384,"[1 1 1 0 1 0 1 1 1 1 1 1 0 1 0 0 0 0 0 1 0 1 1 1 0 1 1 1 0 0 1 0 1 0 1 1 0
 1 0 0 0 1 0 1 1 1 1 1 0 1]",1,1,0
16,34.0,0.005770382000001462,"[1 0 1 0 1 0 1 1 1 1 1 1 0 1 0 1 0 1 0 1 0 1 1 1 0 1 1 1 0 0 1 0 1 0 1 1 0
 1 0 1 0 1 0 1 1 1 1 1 0 1]",1,1,0
32,36.0,0.009728102000000405,"[1 0 1 0 1 1 0 1 1 1 1 1 0 1 0 1 0 1 0 1 0 0 1 0 0 1 1 1 0 1 1 0 1 0 1 1 0
 1 0 1 0 1 0 1 1 1 0 1 0 1]",1,1,0
64,36.0,0.017939302999998574,"[1 0 1 0 1 1 0 1 1 1 1 0 0 1 0 1 0 1 0 0 1 0 1 1 0 1 1 0 0 1 0 1 1 0 0 1 0
 1 0 1 0 1 0 1 1 0 0 1 0 1]",1,1,0
128,40.0,0.03289355500000113,"[1 0 1 0 1 0 0 0 1 0 1 1 0 1 0 1 1 0 1 0 1 0 0 1 0 0 1 0 1 0 0 1 0 1 0 1 0
 1 0 1 0 1 0 0 1 0 1 1 0 1]",1,1,0
256,44.0,0.06308667100000065,"[1 0 1 0 1 0 1 0 1 0 1 0 1 0 1 0 1 0 1 0 1 0 1 1 0 0 1 0 1 0 1 0 0 1 0 1 0
 1 0 1 0 0 1 0 1 0 1 1 0 1]",1,1,0
512,47.0,0.12225339400000124,"[1 0 1 0 1 0 1 0 1 0 1 0 1 0 1 0 1 0 1 0 1 0 1 0 1 0 1 0 1 0 1 0 1 0 1 0 0
 1 1 0 1 0 1 0 1 0 1 0 1 0]",1,1,0
1024,47.0,0.2482233650000012,"[1 0 1 0 1 0 1 0 1 0 1 0 1 0 1 0 1 0 1 0 1 0 1 0 1 0 1 0 1 0 1 1 0 1 0 1 0
 1 0 1 0 1 0 1 1 0 1 0 1 0]",1,1,0
2048,47.0,0.5666567100000002,"[1 0 1 0 1 0 1 0 1 0 1 0 1 0 1 0 1 0 1 0 1 0 1 0 1 0 1 1 0 1 0 1 0 1 0 1 0
 1 0 1 0 1 0 1 1 0 1 0 1 0]",1,1,0
4096,48.0,1.4715798719999995,"[1 0 1 0 1 0 1 0 1 0 1 0 1 0 1 0 1 0 1 0 1 0 1 0 1 0 1 0 1 0 1 0 1 0 1 0 1
 1 0 1 0 1 0 1 0 1 0 1 0 1]",1,1,0
8192,49.0,3.2874516299999996,"[1 0 1 0 1 0 1 0 1 0 1 0 1 0 1 0 1 0 1 0 1 0 1 0 1 0 1 0 1 0 1 0 1 0 1 0 1
 0 1 0 1 0 1 0 1 0 1 0 1 0]",1,1,0
0,25.0,0.00023181499999935795,"[0 1 1 0 1 1 1 1 1 1 1 0 0 1 0 0 0 0 0 1 0 1 1 0 0 1 1 1 1 0 1 0 1 0 1 1 0
 1 1 0 0 1 0 1 1 1 1 1 0 1]",10,10,0
1,23.0,0.0008749769999951695,"[0 1 1 0 1 1 1 1 1 1 1 0 0 1 0 0 0 0 0 1 0 1 1 0 0 1 1 1 1 0 1 0 0 0 1 1 0
 1 1 0 0 1 0 1 1 1 1 1 0 1]",10,10,0
2,25.0,0.001373366999999348,"[0 1 1 0 1 1 1 1 1 1 1 0 0 1 0 0 0 0 0 1 0 1 1 0 0 1 1 1 1 0 1 0 1 0 1 1 0
 1 1 0 0 1 0 1 1 1 1 1 0 1]",10,10,0
4,23.0,0.002159939999998528,"[0 1 1 0 1 1 1 1 1 1 1 0 0 1 0 0 0 0 0 1 0 1 1 1 0 1 1 1 1 0 1 1 1 0 1 1 0
 1 1 0 0 1 0 1 1 1 1 1 0 1]",10,10,0
8,24.0,0.0038762059999939424,"[1 1 1 0 1 0 1 1 1 1 1 1 0 1 0 0 0 0 0 1 0 1 1 1 0 1 1 1 0 0 1 1 1 0 1 1 0
 1 1 0 0 1 0 1 1 1 1 1 0 1]",10,10,0
16,28.0,0.007051179999997714,"[1 1 1 0 0 0 1 1 1 1 1 1 0 1 0 1 0 1 0 1 0 1 1 1 0 1 1 1 0 0 1 0 1 0 1 0 0
 1 0 0 0 1 0 1 1 1 1 1 0 1]",10,10,0
32,29.0,0.01281299499999733,"[1 1 1 0 1 1 0 1 1 1 1 0 0 1 0 1 0 1 0 1 1 0 1 0 0 1 1 0 0 0 1 0 1 0 1 0 0
 1 0 0 1 0 1 1 1 1 1 1 1 0]",10,10,0
64,30.0,0.022712813999994808,"[0 0 1 0 1 1 0 1 0 1 0 1 0 0 0 1 0 1 1 0 0 0 0 1 1 1 0 1 0 1 0 0 1 0 1 0 1
 1 1 1 0 0 1 0 0 0 1 1 1 0]",10,10,0
128,35.0,0.043671147999994275,"[0 1 1 0 1 0 0 1 0 1 1 0 0 1 0 1 0 1 0 1 0 1 1 1 0 0 1 0 0 1 0 1 0 1 1 1 0
 0 1 0 1 0 0 1 1 1 0 1 0 1]",10,10,0
256,32.0,0.08538180799999395,"[1 0 1 1 0 0 0 1 1 0 0 1 1 0 1 0 0 1 1 0 1 0 1 1 1 1 0 0 1 0 1 0 1 0 0 1 0
 1 0 0 0 1 0 1 1 1 0 1 0 1]",10,10,0
512,42.0,0.1506587879999941,"[1 0 1 0 1 0 1 0 1 0 1 1 1 0 1 0 1 0 1 0 0 1 0 1 0 1 0 0 1 0 1 0 1 0 0 1 0
 1 0 1 1 0 1 1 0 1 0 1 0 1]",10,10,0
1024,44.0,0.2909296499999954,"[1 0 1 0 1 0 1 0 1 0 1 0 1 0 1 0 1 1 0 1 1 0 1 0 1 0 1 0 1 0 1 0 1 0 0 1 0
 0 1 0 0 1 0 1 0 1 0 1 0 1]",10,10,0
2048,48.0,0.5849794769999974,"[1 0 1 0 1 0 1 0 1 0 1 0 1 0 1 0 1 0 1 0 1 0 1 0 1 0 1 0 1 0 1 0 1 0 1 1 0
 1 0 1 0 1 0 1 0 1 0 1 0 1]",10,10,0
4096,48.0,1.365055458999997,"[1 0 1 0 1 0 1 0 1 0 1 0 1 0 1 0 1 0 1 0 1 0 1 0 1 0 1 0 1 0 1 0 1 0 1 0 1
 0 1 1 0 1 0 1 0 1 0 1 0 1]",10,10,0
8192,48.0,3.829272992,"[1 0 1 0 1 0 1 0 1 0 1 0 1 0 1 0 1 0 1 0 1 0 1 0 1 0 1 0 1 0 1 0 1 1 0 1 0
 1 0 1 0 1 0 1 0 1 0 1 0 1]",10,10,0
0,25.0,0.00019612299999494098,"[0 1 1 0 1 1 1 1 1 1 1 0 0 1 0 0 0 0 0 1 0 1 1 0 0 1 1 1 1 0 1 0 1 0 1 1 0
 1 1 0 0 1 0 1 1 1 1 1 0 1]",50,50,0
1,23.0,0.0007816139999974325,"[0 1 1 0 1 1 1 1 1 1 1 0 0 1 0 0 0 0 0 1 0 1 1 0 0 1 1 1 1 0 1 0 0 0 1 1 0
 1 1 0 0 1 0 1 1 1 1 1 0 1]",50,50,0
2,25.0,0.0012405379999975708,"[0 1 1 0 1 1 1 1 1 1 1 0 0 1 0 0 0 0 0 1 0 1 1 0 0 1 1 1 1 0 1 0 1 0 1 1 0
 1 1 0 0 1 0 1 1 1 1 1 0 1]",50,50,0
4,23.0,0.0019776899999968123,"[0 1 1 0 1 1 1 1 1 1 1 0 0 1 0 0 0 0 0 1 0 1 1 1 0 1 1 1 1 0 1 1 1 0 1 1 0
 1 1 0 0 1 0 1 1 1 1 1 0 1]",50,50,0
8,24.0,0.0033964829999959534,"[1 1 1 0 1 0 1 1 1 1 1 1 0 1 0 0 0 0 0 1 0 1 1 1 0 1 1 1 0 0 1 1 1 0 1 1 0
 1 1 0 0 1 0 1 1 1 1 1 0 1]",50,50,0
16,28.0,0.0058415019999955575,"[1 1 1 0 0 0 1 1 1 1 1 1 0 1 0 1 0 1 0 1 0 1 1 1 0 1 1 1 0 0 1 0 1 0 1 0 0
 1 0 0 0 1 0 1 1 1 1 1 0 1]",50,50,0
32,29.0,0.010561729999999159,"[1 1 1 0 1 1 0 1 1 1 1 0 0 1 0 1 0 1 0 1 1 0 1 0 0 1 1 0 0 0 1 0 1 0 1 0 0
 1 0 0 1 0 1 1 1 1 1 1 1 0]",50,50,0
64,28.0,0.019968515999998715,"[0 0 1 0 0 1 0 1 0 1 0 1 0 0 0 1 0 1 1 0 0 0 0 1 1 1 0 1 0 1 0 0 1 0 0 0 1
 1 1 1 0 0 1 0 0 1 1 1 1 0]",50,50,0
128,21.0,0.039148828999998386,"[0 0 1 0 0 0 1 0 0 0 1 1 1 0 0 0 0 1 1 1 0 0 1 0 1 1 0 0 0 0 1 0 1 1 1 0 0
 0 0 0 0 1 1 0 0 1 0 0 0 1]",50,50,0
256,28.0,0.07690915099999529,"[1 1 1 0 1 1 0 0 1 0 1 0 1 0 0 1 1 1 0 1 1 0 0 1 1 1 0 1 0 0 1 0 1 0 0 1 1
 1 1 0 1 1 0 1 0 0 1 1 1 1]",50,50,0
512,42.0,0.14495936799999498,"[1 0 1 0 1 0 1 1 0 1 0 1 0 1 1 0 1 0 0 1 0 1 1 0 1 0 0 1 0 1 0 1 0 1 0 1 1
 0 1 0 1 0 1 0 1 0 1 0 1 1]",50,50,0
1024,46.0,0.2799318679999985,"[1 0 1 0 1 0 1 0 1 0 1 0 0 1 0 1 0 1 0 1 0 1 0 1 0 1 0 1 0 1 0 1 1 0 1 0 1
 0 1 0 0 1 0 1 0 1 0 1 0 1]",50,50,0
2048,46.0,0.5762858959999946,"[1 0 1 0 1 0 1 0 1 0 1 0 1 0 1 0 1 0 1 0 1 1 0 1 0 1 1 0 1 0 1 0 1 0 1 0 1
 0 1 0 0 1 0 1 0 1 0 1 0 1]",50,50,0
4096,48.0,1.3776810680000011,"[1 0 1 0 1 0 1 0 1 0 1 0 1 0 1 0 1 0 1 0 1 0 1 0 1 0 1 0 1 0 1 0 1 0 1 1 0
 1 0 1 0 1 0 1 0 1 0 1 0 1]",50,50,0
8192,49.0,1.8469148809999965,"[1 0 1 0 1 0 1 0 1 0 1 0 1 0 1 0 1 0 1 0 1 0 1 0 1 0 1 0 1 0 1 0 1 0 1 0 1
 0 1 0 1 0 1 0 1 0 1 0 1 0]",50,50,0
0,25.0,0.000207677999995326,"[0 1 1 0 1 1 1 1 1 1 1 0 0 1 0 0 0 0 0 1 0 1 1 0 0 1 1 1 1 0 1 0 1 0 1 1 0
 1 1 0 0 1 0 1 1 1 1 1 0 1]",100,100,0
1,23.0,0.0007115819999938822,"[0 1 1 0 1 1 1 1 1 1 1 0 0 1 0 0 0 0 0 1 0 1 1 0 0 1 1 1 1 0 1 0 0 0 1 1 0
 1 1 0 0 1 0 1 1 1 1 1 0 1]",100,100,0
2,25.0,0.00117419999999413,"[0 1 1 0 1 1 1 1 1 1 1 0 0 1 0 0 0 0 0 1 0 1 1 0 0 1 1 1 1 0 1 0 1 0 1 1 0
 1 1 0 0 1 0 1 1 1 1 1 0 1]",100,100,0
4,23.0,0.001927457999997273,"[0 1 1 0 1 1 1 1 1 1 1 0 0 1 0 0 0 0 0 1 0 1 1 1 0 1 1 1 1 0 1 1 1 0 1 1 0
 1 1 0 0 1 0 1 1 1 1 1 0 1]",100,100,0
8,24.0,0.003295314999995469,"[1 1 1 0 1 0 1 1 1 1 1 1 0 1 0 0 0 0 0 1 0 1 1 1 0 1 1 1 0 0 1 1 1 0 1 1 0
 1 1 0 0 1 0 1 1 1 1 1 0 1]",100,100,0
16,28.0,0.005901405999999554,"[1 1 1 0 0 0 1 1 1 1 1 1 0 1 0 1 0 1 0 1 0 1 1 1 0 1 1 1 0 0 1 0 1 0 1 0 0
 1 0 0 0 1 0 1 1 1 1 1 0 1]",100,100,0
32,29.0,0.010763477999994109,"[1 1 1 0 1 1 0 1 1 1 1 0 0 1 0 1 0 1 0 1 1 0 1 0 0 1 1 0 0 0 1 0 1 0 1 0 0
 1 0 0 1 0 1 1 1 1 1 1 1 0]",100,100,0
64,28.0,0.020586772999998004,"[0 0 1 0 0 1 0 1 0 1 0 1 0 0 0 1 0 1 1 0 0 0 0 1 1 1 0 1 0 1 0 0 1 0 0 0 1
 1 1 1 0 0 1 0 0 1 1 1 1 0]",100,100,0
128,21.0,0.03997361899999419,"[0 0 1 0 0 0 1 0 0 0 1 0 1 0 0 0 0 1 1 1 0 0 1 0 1 1 0 0 0 0 0 0 1 1 1 0 0
 0 0 0 0 1 1 0 1 1 0 0 0 1]",100,100,0
256,29.0,0.07947411899999679,"[1 1 1 1 0 1 0 0 0 0 1 0 0 1 0 1 0 1 1 0 1 0 1 1 0 1 0 0 0 1 1 0 1 0 1 0 0
 1 1 1 1 0 0 0 1 0 1 1 0 0]",100,100,0
512,37.0,0.15344488799999567,"[0 0 1 0 1 0 0 0 1 1 0 0 1 0 1 1 0 1 0 1 0 1 0 1 0 1 0 1 0 1 0 1 0 1 0 1 1
 0 1 1 1 0 1 0 0 1 1 0 1 1]",100,100,0
1024,45.0,0.28580009799999573,"[0 1 0 1 0 1 1 0 1 0 1 0 1 0 1 0 1 0 1 0 1 0 0 1 0 1 0 1 0 1 0 1 0 1 0 1 0
 0 1 0 1 0 1 0 1 0 1 0 0 1]",100,100,0
2048,49.0,0.5243187309999939,"[0 1 0 1 0 1 0 1 0 1 0 1 0 1 0 1 0 1 0 1 0 1 0 1 0 1 0 1 0 1 0 1 0 1 0 1 0
 1 0 1 0 1 0 1 0 1 0 1 0 1]",100,100,0
4096,49.0,0.5243187309999939,"[0 1 0 1 0 1 0 1 0 1 0 1 0 1 0 1 0 1 0 1 0 1 0 1 0 1 0 1 0 1 0 1 0 1 0 1 0
 1 0 1 0 1 0 1 0 1 0 1 0 1]",100,100,0
8192,49.0,0.5243187309999939,"[0 1 0 1 0 1 0 1 0 1 0 1 0 1 0 1 0 1 0 1 0 1 0 1 0 1 0 1 0 1 0 1 0 1 0 1 0
 1 0 1 0 1 0 1 0 1 0 1 0 1]",100,100,0
0,25.0,0.00020609900000323478,"[0 1 1 0 1 1 1 1 1 1 1 0 0 1 0 0 0 0 0 1 0 1 1 0 0 1 1 1 1 0 1 0 1 0 1 1 0
 1 1 0 0 1 0 1 1 1 1 1 0 1]",150,150,0
1,23.0,0.0007161980000063295,"[0 1 1 0 1 1 1 1 1 1 1 0 0 1 0 0 0 0 0 1 0 1 1 0 0 1 1 1 1 0 1 0 0 0 1 1 0
 1 1 0 0 1 0 1 1 1 1 1 0 1]",150,150,0
2,25.0,0.0011832540000042968,"[0 1 1 0 1 1 1 1 1 1 1 0 0 1 0 0 0 0 0 1 0 1 1 0 0 1 1 1 1 0 1 0 1 0 1 1 0
 1 1 0 0 1 0 1 1 1 1 1 0 1]",150,150,0
4,23.0,0.0020284810000035236,"[0 1 1 0 1 1 1 1 1 1 1 0 0 1 0 0 0 0 0 1 0 1 1 1 0 1 1 1 1 0 1 1 1 0 1 1 0
 1 1 0 0 1 0 1 1 1 1 1 0 1]",150,150,0
8,24.0,0.003354287000000511,"[1 1 1 0 1 0 1 1 1 1 1 1 0 1 0 0 0 0 0 1 0 1 1 1 0 1 1 1 0 0 1 1 1 0 1 1 0
 1 1 0 0 1 0 1 1 1 1 1 0 1]",150,150,0
16,28.0,0.005828934000000174,"[1 1 1 0 0 0 1 1 1 1 1 1 0 1 0 1 0 1 0 1 0 1 1 1 0 1 1 1 0 0 1 0 1 0 1 0 0
 1 0 0 0 1 0 1 1 1 1 1 0 1]",150,150,0
32,29.0,0.010615072000000225,"[1 1 1 0 1 1 0 1 1 1 1 0 0 1 0 1 0 1 0 1 1 0 1 0 0 1 1 0 0 0 1 0 1 0 1 0 0
 1 0 0 1 0 1 1 1 1 1 1 1 0]",150,150,0
64,28.0,0.020917965000002425,"[0 0 1 0 0 1 0 1 0 1 0 1 0 0 0 1 0 1 1 0 0 0 0 1 1 1 0 1 0 1 0 0 1 0 0 0 1
 1 1 1 0 0 1 0 0 1 1 1 1 0]",150,150,0
128,21.0,0.040755852000003756,"[0 0 1 0 0 0 1 0 0 0 1 0 1 0 0 0 0 1 1 1 0 0 1 0 1 1 0 0 0 0 0 0 1 1 1 0 0
 0 0 0 0 1 1 0 1 1 0 0 0 1]",150,150,0
256,27.0,0.0796644630000003,"[0 0 0 1 1 1 0 1 0 0 0 0 0 0 1 0 1 1 1 0 1 1 0 0 1 0 0 0 1 1 1 0 1 0 1 1 0
 1 0 1 1 0 0 0 1 1 0 1 0 1]",150,150,0
512,35.0,0.1539054760000056,"[1 1 0 1 0 1 0 1 0 1 1 0 1 0 0 0 1 0 0 0 1 1 1 0 1 0 1 0 0 0 1 0 1 1 0 0 1
 0 1 0 1 0 1 0 1 0 1 1 0 0]",150,150,0
1024,43.0,0.2914913510000048,"[1 0 1 1 0 1 0 1 0 0 1 0 1 1 0 1 0 1 0 1 0 1 1 0 1 0 1 0 0 1 0 0 1 0 1 0 1
 0 1 0 1 0 1 0 1 0 1 0 1 0]",150,150,0
2048,47.0,0.584444358000006,"[1 0 1 1 0 1 0 1 0 1 0 1 0 0 1 0 1 0 1 0 1 0 1 0 1 0 1 0 1 0 1 0 1 0 1 0 1
 0 1 0 1 0 1 0 1 0 1 0 1 0]",150,150,0
4096,49.0,1.041851949000005,"[1 0 1 0 1 0 1 0 1 0 1 0 1 0 1 0 1 0 1 0 1 0 1 0 1 0 1 0 1 0 1 0 1 0 1 0 1
 0 1 0 1 0 1 0 1 0 1 0 1 0]",150,150,0
8192,49.0,1.041851949000005,"[1 0 1 0 1 0 1 0 1 0 1 0 1 0 1 0 1 0 1 0 1 0 1 0 1 0 1 0 1 0 1 0 1 0 1 0 1
 0 1 0 1 0 1 0 1 0 1 0 1 0]",150,150,0
0,25.0,0.0003355730000009771,"[0 1 1 0 1 1 1 1 1 1 1 0 0 1 0 0 0 0 0 1 0 1 1 0 0 1 1 1 1 0 1 0 1 0 1 1 0
 1 1 0 0 1 0 1 1 1 1 1 0 1]",250,250,0
1,23.0,0.0008408950000031723,"[0 1 1 0 1 1 1 1 1 1 1 0 0 1 0 0 0 0 0 1 0 1 1 0 0 1 1 1 1 0 1 0 0 0 1 1 0
 1 1 0 0 1 0 1 1 1 1 1 0 1]",250,250,0
2,25.0,0.0012957520000043132,"[0 1 1 0 1 1 1 1 1 1 1 0 0 1 0 0 0 0 0 1 0 1 1 0 0 1 1 1 1 0 1 0 1 0 1 1 0
 1 1 0 0 1 0 1 1 1 1 1 0 1]",250,250,0
4,23.0,0.0021043750000018235,"[0 1 1 0 1 1 1 1 1 1 1 0 0 1 0 0 0 0 0 1 0 1 1 1 0 1 1 1 1 0 1 1 1 0 1 1 0
 1 1 0 0 1 0 1 1 1 1 1 0 1]",250,250,0
8,24.0,0.0034294180000031815,"[1 1 1 0 1 0 1 1 1 1 1 1 0 1 0 0 0 0 0 1 0 1 1 1 0 1 1 1 0 0 1 1 1 0 1 1 0
 1 1 0 0 1 0 1 1 1 1 1 0 1]",250,250,0
16,28.0,0.006056156000006752,"[1 1 1 0 0 0 1 1 1 1 1 1 0 1 0 1 0 1 0 1 0 1 1 1 0 1 1 1 0 0 1 0 1 0 1 0 0
 1 0 0 0 1 0 1 1 1 1 1 0 1]",250,250,0
32,29.0,0.010769123000002878,"[1 1 1 0 1 1 0 1 1 1 1 0 0 1 0 1 0 1 0 1 1 0 1 0 0 1 1 0 0 0 1 0 1 0 1 0 0
 1 0 0 1 0 1 1 1 1 1 1 1 0]",250,250,0
64,28.0,0.020629940000006286,"[0 0 1 0 0 1 0 1 0 1 0 1 0 0 0 1 0 1 1 0 0 0 0 1 1 1 0 1 0 1 0 0 1 0 0 0 1
 1 1 1 0 0 1 0 0 1 1 1 1 0]",250,250,0
128,21.0,0.03960756700000445,"[0 0 1 0 0 0 1 0 0 0 1 0 1 0 0 0 0 1 1 1 0 0 1 0 1 1 0 0 0 0 0 0 1 1 1 0 0
 0 0 0 0 1 1 0 1 1 0 0 0 1]",250,250,0
256,28.0,0.07836164900000142,"[1 0 0 1 1 1 0 1 1 0 0 0 1 0 1 0 1 1 1 0 1 1 1 0 1 0 1 1 1 1 1 0 1 0 0 1 0
 1 0 1 1 1 0 0 1 1 1 1 0 1]",250,250,0
512,34.0,0.1573845870000028,"[0 1 0 1 0 1 1 1 0 0 0 0 1 0 1 0 1 0 1 0 1 0 1 1 0 0 1 0 1 1 1 0 1 0 1 1 0
 0 1 0 0 1 1 0 1 0 0 0 1 0]",250,250,0
1024,46.0,0.2928772150000043,"[0 1 0 1 0 1 0 1 0 1 0 1 0 1 0 0 1 0 1 0 1 0 1 0 1 0 1 0 1 1 0 1 0 1 0 0 1
 0 1 0 1 0 1 0 1 0 1 0 1 0]",250,250,0
2048,48.0,0.5873443680000037,"[0 1 0 1 0 1 0 1 0 1 0 0 1 0 1 0 1 0 1 0 1 0 1 0 1 0 1 0 1 0 1 0 1 0 1 0 1
 0 1 0 1 0 1 0 1 0 1 0 1 0]",250,250,0
4096,48.0,1.3483278990000045,"[0 1 0 1 0 1 0 1 0 1 0 1 0 1 1 0 1 0 1 0 1 0 1 0 1 0 1 0 1 0 1 0 1 0 1 0 1
 0 1 0 1 0 1 0 1 0 1 0 1 0]",250,250,0
8192,48.0,3.6740515720000033,"[0 1 0 1 0 1 0 1 0 1 0 1 0 1 0 1 0 1 0 1 0 1 0 1 1 0 1 0 1 0 1 0 1 0 1 0 1
 0 1 0 1 0 1 0 1 0 1 0 1 0]",250,250,0
0,25.0,0.00020439000000038732,"[0 1 1 0 1 1 1 1 1 1 1 0 0 1 0 0 0 0 0 1 0 1 1 0 0 1 1 1 1 0 1 0 1 0 1 1 0
 1 1 0 0 1 0 1 1 1 1 1 0 1]",300,300,0
1,23.0,0.0008415950000042471,"[0 1 1 0 1 1 1 1 1 1 1 0 0 1 0 0 0 0 0 1 0 1 1 0 0 1 1 1 1 0 1 0 0 0 1 1 0
 1 1 0 0 1 0 1 1 1 1 1 0 1]",300,300,0
2,25.0,0.0013147660000001338,"[0 1 1 0 1 1 1 1 1 1 1 0 0 1 0 0 0 0 0 1 0 1 1 0 0 1 1 1 1 0 1 0 1 0 1 1 0
 1 1 0 0 1 0 1 1 1 1 1 0 1]",300,300,0
4,23.0,0.002086378000001332,"[0 1 1 0 1 1 1 1 1 1 1 0 0 1 0 0 0 0 0 1 0 1 1 1 0 1 1 1 1 0 1 1 1 0 1 1 0
 1 1 0 0 1 0 1 1 1 1 1 0 1]",300,300,0
8,24.0,0.003666121999998495,"[1 1 1 0 1 0 1 1 1 1 1 1 0 1 0 0 0 0 0 1 0 1 1 1 0 1 1 1 0 0 1 1 1 0 1 1 0
 1 1 0 0 1 0 1 1 1 1 1 0 1]",300,300,0
16,28.0,0.006201791000002288,"[1 1 1 0 0 0 1 1 1 1 1 1 0 1 0 1 0 1 0 1 0 1 1 1 0 1 1 1 0 0 1 0 1 0 1 0 0
 1 0 0 0 1 0 1 1 1 1 1 0 1]",300,300,0
32,29.0,0.011634354000001679,"[1 1 1 0 1 1 0 1 1 1 1 0 0 1 0 1 0 1 0 1 1 0 1 0 0 1 1 0 0 0 1 0 1 0 1 0 0
 1 0 0 1 0 1 1 1 1 1 1 1 0]",300,300,0
64,28.0,0.02218296200000225,"[0 0 1 0 0 1 0 1 0 1 0 1 0 0 0 1 0 1 1 0 0 0 0 1 1 1 0 1 0 1 0 0 1 0 0 0 1
 1 1 1 0 0 1 0 0 1 1 1 1 0]",300,300,0
128,23.0,0.04695581100000368,"[0 0 1 0 0 0 0 1 0 1 1 0 0 0 0 0 0 1 1 1 0 0 1 1 1 0 0 1 0 0 1 0 1 0 0 0 0
 0 1 1 0 0 1 0 1 1 1 1 0 1]",300,300,0
256,25.0,0.08959921699999995,"[0 0 1 1 1 0 0 1 1 1 1 1 1 1 0 1 0 0 1 0 0 1 0 1 1 1 1 1 0 1 0 1 1 0 0 0 0
 1 0 0 1 0 1 0 1 1 1 0 1 1]",300,300,0
512,34.0,0.17627709100000288,"[0 1 0 1 0 1 0 1 0 1 0 1 0 0 0 1 0 1 0 0 1 0 1 0 1 1 1 0 0 1 0 1 1 1 1 0 0
 1 0 1 1 0 0 0 1 1 0 0 1 0]",300,300,0
1024,44.0,0.3255575929999992,"[0 1 0 1 0 1 0 1 0 1 0 1 0 1 0 1 0 0 1 0 1 0 1 0 1 0 0 1 0 1 0 1 0 1 1 0 1
 0 1 0 1 1 0 1 0 1 0 0 1 0]",300,300,0
2048,47.0,0.6615564539999994,"[0 1 0 1 0 1 0 1 0 1 0 1 0 1 0 1 0 0 1 0 1 0 1 0 1 0 1 0 1 0 1 0 1 0 1 0 1
 0 1 0 1 0 1 0 1 1 0 1 0 1]",300,300,0
4096,48.0,1.434255247000003,"[0 1 0 1 0 1 0 1 0 1 0 1 0 1 0 0 1 0 1 0 1 0 1 0 1 0 1 0 1 0 1 0 1 0 1 0 1
 0 1 0 1 0 1 0 1 0 1 0 1 0]",300,300,0
8192,49.0,3.281061215000001,"[1 0 1 0 1 0 1 0 1 0 1 0 1 0 1 0 1 0 1 0 1 0 1 0 1 0 1 0 1 0 1 0 1 0 1 0 1
 0 1 0 1 0 1 0 1 0 1 0 1 0]",300,300,0
0,21.0,0.0002407220000009147,"[1 1 0 0 1 1 1 1 1 0 0 1 0 1 1 0 0 1 0 0 0 1 0 0 1 0 0 0 1 0 0 0 1 1 1 1 1
 0 0 0 1 1 1 1 1 1 0 1 1 0]",1,1,1
1,19.0,0.0008473410000036097,"[1 1 0 0 1 1 1 1 1 0 0 1 0 1 1 0 0 0 0 0 0 1 0 0 1 0 0 0 1 0 0 0 1 1 1 1 1
 0 0 0 1 1 1 1 1 1 0 1 1 0]",1,1,1
2,19.0,0.0013206970000041451,"[1 1 0 0 1 1 1 1 1 0 0 1 0 0 1 0 0 0 0 0 0 1 0 0 1 0 0 0 1 0 0 0 1 1 1 1 1
 0 0 0 1 1 1 1 1 1 0 1 1 0]",1,1,1
4,21.0,0.002078650999997933,"[1 1 0 0 1 1 1 1 0 0 0 1 0 0 1 0 0 0 0 0 0 1 0 0 1 0 0 0 1 0 0 0 1 1 1 1 1
 0 0 0 1 1 0 1 1 1 0 1 1 0]",1,1,1
8,23.0,0.0034017380000008757,"[1 1 0 1 0 1 1 1 0 0 0 1 0 0 1 0 0 0 0 0 0 1 0 0 1 0 0 0 1 0 0 0 1 1 1 1 1
 0 0 0 1 1 0 1 1 1 0 1 1 0]",1,1,1
16,27.0,0.006360317000002169,"[1 1 0 1 0 1 1 1 0 0 0 1 1 0 1 0 1 0 1 0 0 1 0 1 1 0 0 0 1 0 0 0 1 1 1 1 1
 0 0 0 1 1 0 1 1 0 0 1 1 0]",1,1,1
32,30.0,0.011784480999999403,"[0 1 0 1 0 1 1 1 0 1 0 1 0 1 1 0 1 0 1 1 0 1 0 1 1 0 0 1 0 0 0 0 0 1 1 1 1
 0 0 0 1 1 0 1 1 0 1 1 1 0]",1,1,1
64,30.0,0.02145499200000245,"[0 1 0 1 0 1 0 0 0 0 1 1 0 0 1 0 1 1 0 1 0 1 0 1 0 1 0 1 1 0 0 0 0 1 1 1 1
 0 0 0 1 1 0 0 1 0 1 1 0 0]",1,1,1
128,39.0,0.041573181000003956,"[0 1 0 1 0 1 0 1 1 0 1 0 1 0 1 1 0 1 0 1 0 1 0 1 0 1 0 0 0 0 1 0 1 1 0 1 0
 0 1 0 1 1 1 0 1 0 1 0 1 1]",1,1,1
256,44.0,0.07116339299999908,"[0 1 0 1 0 1 0 0 1 0 1 0 1 0 1 0 1 1 0 1 0 1 0 1 0 1 0 1 1 0 1 1 0 1 0 1 0
 1 0 1 1 0 1 0 1 0 1 0 1 0]",1,1,1
512,46.0,0.13452216499999992,"[0 1 0 1 0 1 0 1 0 0 1 0 1 0 1 1 0 1 0 1 0 1 0 1 0 1 0 1 0 1 0 1 0 1 0 0 1
 0 1 0 1 0 1 0 1 0 1 0 1 0]",1,1,1
1024,46.0,0.31076897599999853,"[0 1 0 1 0 1 0 1 0 1 0 1 1 0 1 1 0 1 0 1 0 1 0 1 0 1 0 1 0 1 0 1 0 1 0 1 0
 1 1 0 1 0 1 0 1 0 1 0 1 0]",1,1,1
2048,48.0,0.7969459900000047,"[0 1 0 1 0 1 0 1 0 1 0 1 0 1 0 1 0 1 0 1 0 1 0 1 0 1 0 1 1 0 1 0 1 0 1 0 1
 0 1 0 1 0 1 0 1 0 1 0 1 0]",1,1,1
4096,48.0,1.8175414990000007,"[0 1 0 1 0 1 0 1 0 1 0 1 0 1 0 1 0 1 0 1 0 0 1 0 1 0 1 0 1 0 1 0 1 0 1 0 1
 0 1 0 1 0 1 0 1 0 1 0 1 0]",1,1,1
8192,48.0,4.362391121000002,"[0 1 0 1 0 1 0 1 0 1 0 1 0 1 0 1 0 1 0 1 0 1 1 0 1 0 1 0 1 0 1 0 1 0 1 0 1
 0 1 0 1 0 1 0 1 0 1 0 1 0]",1,1,1
0,21.0,0.00023466900000101987,"[1 1 0 0 1 1 1 1 1 0 0 1 0 1 1 0 0 1 0 0 0 1 0 0 1 0 0 0 1 0 0 0 1 1 1 1 1
 0 0 0 1 1 1 1 1 1 0 1 1 0]",10,10,1
1,19.0,0.0007370650000027013,"[1 1 0 0 1 1 1 1 1 0 0 1 0 1 1 0 0 0 0 0 0 1 0 0 1 0 0 0 1 0 0 0 1 1 1 1 1
 0 0 0 1 1 1 1 1 1 0 1 1 0]",10,10,1
2,19.0,0.001336191000000042,"[1 1 0 0 1 1 1 1 1 0 0 1 0 0 1 0 0 0 0 0 0 1 0 0 1 0 0 0 1 0 0 0 1 1 1 1 1
 0 0 0 1 1 1 1 1 1 0 1 1 0]",10,10,1
4,21.0,0.002253212999995924,"[1 1 0 0 1 1 1 1 0 0 0 1 0 0 1 0 0 0 0 0 0 1 0 0 1 0 0 0 1 0 0 0 1 1 1 1 1
 0 0 0 1 1 0 1 1 1 0 1 1 0]",10,10,1
8,20.0,0.004080195000000231,"[1 1 0 1 0 1 1 1 0 0 0 1 0 0 1 0 0 0 0 0 0 1 0 0 0 0 0 0 1 0 0 0 1 1 1 1 1
 0 0 0 1 1 0 1 1 1 0 1 1 1]",10,10,1
16,24.0,0.0071203159999981835,"[1 1 0 1 0 1 1 0 0 0 0 1 1 0 1 1 1 0 1 0 0 1 0 0 0 1 0 0 1 0 0 0 1 1 1 1 1
 0 0 0 1 1 0 1 1 0 0 0 1 1]",10,10,1
32,21.0,0.012479558999999085,"[0 0 0 1 0 1 1 0 0 0 0 1 1 1 1 1 1 0 1 1 0 1 0 1 0 0 0 0 0 0 0 0 1 1 1 1 0
 0 0 0 0 1 0 1 1 0 1 0 1 1]",10,10,1
64,26.0,0.02253497799999593,"[0 0 1 1 0 0 1 0 1 0 0 0 1 0 1 1 1 0 0 1 1 1 0 0 1 0 0 1 0 0 0 0 0 0 1 1 0
 0 0 1 0 1 0 1 1 0 1 0 0 0]",10,10,1
128,31.0,0.0419713809999962,"[1 0 1 1 0 1 1 0 1 1 1 0 1 1 0 1 1 0 1 1 0 1 1 0 0 1 0 1 0 1 0 0 1 1 1 1 0
 0 0 1 0 1 0 1 1 0 0 1 0 0]",10,10,1
256,43.0,0.08122920299999947,"[0 1 0 1 0 1 0 1 1 0 1 0 1 0 1 0 0 1 0 1 0 1 0 1 0 1 0 1 0 1 0 1 0 0 1 0 1
 0 1 1 0 1 0 1 0 0 1 0 1 1]",10,10,1
512,41.0,0.14587256400000115,"[0 1 0 1 0 0 1 0 1 0 1 1 0 1 0 1 0 0 1 0 1 0 1 1 0 1 0 1 0 1 0 0 1 0 1 1 0
 1 0 1 0 1 1 1 0 1 0 1 0 1]",10,10,1
1024,45.0,0.29493062599999575,"[0 1 0 1 0 0 1 0 1 0 1 0 1 1 0 1 0 1 0 1 0 1 0 1 0 1 0 1 1 0 1 0 1 0 0 1 0
 1 0 1 0 1 0 1 0 1 0 1 0 1]",10,10,1
2048,47.0,0.6008331569999967,"[0 1 0 1 0 1 0 1 0 1 0 1 0 1 0 1 0 1 0 1 0 1 0 1 0 1 0 1 1 0 1 0 1 0 1 1 0
 1 0 1 0 1 0 1 0 1 0 1 0 1]",10,10,1
4096,47.0,1.4591757509999965,"[0 1 0 1 0 1 0 1 0 1 0 1 0 0 1 0 1 0 1 0 1 0 1 0 1 0 1 0 1 0 1 0 1 0 1 0 1
 0 0 1 0 1 0 1 0 1 0 1 0 1]",10,10,1
8192,47.0,3.896646044999997,"[0 1 1 0 1 0 1 0 1 0 1 0 1 0 1 0 1 0 1 0 1 0 1 0 1 0 1 0 1 0 1 0 1 0 1 0 1
 0 1 0 1 0 1 0 1 0 1 0 0 1]",10,10,1
0,21.0,0.00020106699999900002,"[1 1 0 0 1 1 1 1 1 0 0 1 0 1 1 0 0 1 0 0 0 1 0 0 1 0 0 0 1 0 0 0 1 1 1 1 1
 0 0 0 1 1 1 1 1 1 0 1 1 0]",50,50,1
1,19.0,0.0007653249999961531,"[1 1 0 0 1 1 1 1 1 0 0 1 0 1 1 0 0 0 0 0 0 1 0 0 1 0 0 0 1 0 0 0 1 1 1 1 1
 0 0 0 1 1 1 1 1 1 0 1 1 0]",50,50,1
2,19.0,0.0012230589999973063,"[1 1 0 0 1 1 1 1 1 0 0 1 0 0 1 0 0 0 0 0 0 1 0 0 1 0 0 0 1 0 0 0 1 1 1 1 1
 0 0 0 1 1 1 1 1 1 0 1 1 0]",50,50,1
4,21.0,0.002082192999999677,"[1 1 0 0 1 1 1 1 0 0 0 1 0 0 1 0 0 0 0 0 0 1 0 0 1 0 0 0 1 0 0 0 1 1 1 1 1
 0 0 0 1 1 0 1 1 1 0 1 1 0]",50,50,1
8,20.0,0.0036583579999955873,"[1 1 0 1 0 1 1 1 0 0 0 1 0 0 1 0 0 0 0 0 0 1 0 0 0 0 0 0 1 0 0 0 1 1 1 1 1
 0 0 0 1 1 0 1 1 1 0 1 1 1]",50,50,1
16,24.0,0.006398953999998014,"[1 1 0 1 0 1 1 0 0 0 0 1 1 0 1 1 1 0 1 0 0 1 0 0 0 1 0 0 1 0 0 0 1 1 1 1 1
 0 0 0 1 1 0 1 1 0 0 0 1 1]",50,50,1
32,21.0,0.011289841999996497,"[0 0 0 1 0 1 1 0 0 0 0 1 1 1 1 1 1 0 1 1 0 1 0 1 0 0 0 0 0 0 0 0 1 1 1 1 0
 0 0 0 0 1 0 1 1 0 1 0 1 1]",50,50,1
64,22.0,0.02133942300000058,"[0 0 0 1 0 0 0 1 1 0 0 1 1 1 1 1 1 0 0 1 1 1 1 0 1 0 0 1 0 0 0 0 1 1 0 1 1
 0 0 1 0 0 0 1 1 1 1 0 1 0]",50,50,1
128,30.0,0.04249505599999992,"[0 0 0 0 1 0 1 1 1 0 0 0 1 0 1 1 0 1 1 1 0 0 1 0 1 0 0 0 1 0 1 0 0 1 0 1 0
 0 0 1 0 1 0 1 0 0 1 1 1 0]",50,50,1
256,31.0,0.08082454099999836,"[0 1 0 0 1 0 1 1 1 1 1 1 1 0 1 0 0 1 0 1 1 0 1 1 0 0 0 1 1 0 1 0 0 1 0 1 0
 0 1 1 0 1 0 1 1 1 0 1 0 1]",50,50,1
512,40.0,0.1498095529999972,"[1 0 1 0 0 1 1 0 1 0 1 0 1 0 1 0 1 1 0 1 0 0 0 1 0 1 0 1 0 1 0 1 0 1 0 0 1
 0 1 1 0 1 0 1 0 1 0 1 1 1]",50,50,1
1024,48.0,0.27475231500000064,"[1 0 1 0 1 0 1 0 1 0 1 0 1 0 1 0 1 0 1 0 0 1 0 1 0 1 0 1 0 1 0 1 0 1 0 1 0
 1 0 1 0 1 0 1 0 1 0 1 0 1]",50,50,1
2048,48.0,0.5684413500000005,"[1 0 1 0 1 0 1 0 1 0 1 0 1 0 1 0 1 0 1 0 0 1 0 1 0 1 0 1 0 1 0 1 0 1 0 1 0
 1 0 1 0 1 0 1 0 1 0 1 0 1]",50,50,1
4096,48.0,1.406981488999996,"[1 0 1 0 1 0 1 0 1 0 1 0 1 0 1 0 1 0 1 0 1 0 1 0 1 0 1 0 1 1 0 1 0 1 0 1 0
 1 0 1 0 1 0 1 0 1 0 1 0 1]",50,50,1
8192,48.0,3.809384707999996,"[1 0 1 0 1 0 1 0 1 0 1 0 1 0 0 1 0 1 0 1 0 1 0 1 0 1 0 1 0 1 0 1 0 1 0 1 0
 1 0 1 0 1 0 1 0 1 0 1 0 1]",50,50,1
0,21.0,0.00020853200000203742,"[1 1 0 0 1 1 1 1 1 0 0 1 0 1 1 0 0 1 0 0 0 1 0 0 1 0 0 0 1 0 0 0 1 1 1 1 1
 0 0 0 1 1 1 1 1 1 0 1 1 0]",100,100,1
1,19.0,0.0007015460000019402,"[1 1 0 0 1 1 1 1 1 0 0 1 0 1 1 0 0 0 0 0 0 1 0 0 1 0 0 0 1 0 0 0 1 1 1 1 1
 0 0 0 1 1 1 1 1 1 0 1 1 0]",100,100,1
2,19.0,0.001159945000004825,"[1 1 0 0 1 1 1 1 1 0 0 1 0 0 1 0 0 0 0 0 0 1 0 0 1 0 0 0 1 0 0 0 1 1 1 1 1
 0 0 0 1 1 1 1 1 1 0 1 1 0]",100,100,1
4,21.0,0.0019821300000018027,"[1 1 0 0 1 1 1 1 0 0 0 1 0 0 1 0 0 0 0 0 0 1 0 0 1 0 0 0 1 0 0 0 1 1 1 1 1
 0 0 0 1 1 0 1 1 1 0 1 1 0]",100,100,1
8,20.0,0.003961510000003443,"[1 1 0 1 0 1 1 1 0 0 0 1 0 0 1 0 0 0 0 0 0 1 0 0 0 0 0 0 1 0 0 0 1 1 1 1 1
 0 0 0 1 1 0 1 1 1 0 1 1 1]",100,100,1
16,24.0,0.00699686900000529,"[1 1 0 1 0 1 1 0 0 0 0 1 1 0 1 1 1 0 1 0 0 1 0 0 0 1 0 0 1 0 0 0 1 1 1 1 1
 0 0 0 1 1 0 1 1 0 0 0 1 1]",100,100,1
32,21.0,0.012206373000005044,"[0 0 0 1 0 1 1 0 0 0 0 1 1 1 1 1 1 0 1 1 0 1 0 1 0 0 0 0 0 0 0 0 1 1 1 1 0
 0 0 0 0 1 0 1 1 0 1 0 1 1]",100,100,1
64,22.0,0.022294766000001687,"[0 0 0 1 0 0 0 1 1 0 0 1 1 1 1 1 1 0 0 1 1 1 1 0 1 0 0 1 0 0 0 0 1 1 0 1 1
 0 0 1 0 0 0 1 1 1 1 0 1 0]",100,100,1
128,25.0,0.04245252000000477,"[1 0 1 0 0 0 0 1 1 0 0 0 1 1 1 1 0 1 1 1 0 0 0 0 0 1 0 0 1 0 1 0 0 1 1 1 0
 0 0 1 0 1 0 1 1 0 1 1 0 0]",100,100,1
256,24.0,0.08414483500000358,"[1 1 0 0 1 1 1 0 0 1 0 1 1 1 0 0 0 0 1 1 0 1 1 1 1 1 0 1 1 0 1 0 1 0 1 1 0
 0 1 0 0 0 0 0 1 1 1 0 1 1]",100,100,1
512,37.0,0.16494669600000123,"[0 1 0 1 0 0 0 1 0 1 0 1 0 1 0 1 0 1 0 1 1 1 0 0 0 1 0 1 0 1 0 1 1 1 0 1 1
 1 1 0 1 0 1 0 1 0 1 0 0 1]",100,100,1
1024,47.0,0.30433651999999967,"[1 0 1 0 1 0 1 0 1 0 1 0 1 0 1 1 0 1 0 1 0 1 0 1 0 1 0 1 0 1 1 0 1 0 1 0 1
 0 1 0 1 0 1 0 1 0 1 0 1 0]",100,100,1
2048,47.0,0.610778627000002,"[1 0 1 0 1 0 1 0 1 0 0 1 0 1 0 1 0 1 0 1 0 1 0 1 0 1 0 1 0 1 0 1 0 1 0 1 0
 0 1 0 1 0 1 0 1 0 1 0 1 0]",100,100,1
4096,48.0,1.432112969000002,"[0 1 0 1 0 1 0 1 0 1 0 1 0 1 0 1 0 1 0 1 0 1 0 1 0 1 0 1 0 1 0 1 0 1 0 1 0
 1 1 0 1 0 1 0 1 0 1 0 1 0]",100,100,1
8192,48.0,3.9140189230000004,"[0 1 0 1 0 1 0 1 0 1 0 1 0 1 0 1 0 1 0 1 0 1 0 1 0 1 0 1 0 1 0 0 1 0 1 0 1
 0 1 0 1 0 1 0 1 0 1 0 1 0]",100,100,1
0,21.0,0.00022318599999948674,"[1 1 0 0 1 1 1 1 1 0 0 1 0 1 1 0 0 1 0 0 0 1 0 0 1 0 0 0 1 0 0 0 1 1 1 1 1
 0 0 0 1 1 1 1 1 1 0 1 1 0]",150,150,1
1,19.0,0.000744269999998437,"[1 1 0 0 1 1 1 1 1 0 0 1 0 1 1 0 0 0 0 0 0 1 0 0 1 0 0 0 1 0 0 0 1 1 1 1 1
 0 0 0 1 1 1 1 1 1 0 1 1 0]",150,150,1
2,19.0,0.0012260190000006332,"[1 1 0 0 1 1 1 1 1 0 0 1 0 0 1 0 0 0 0 0 0 1 0 0 1 0 0 0 1 0 0 0 1 1 1 1 1
 0 0 0 1 1 1 1 1 1 0 1 1 0]",150,150,1
4,21.0,0.0019981659999999124,"[1 1 0 0 1 1 1 1 0 0 0 1 0 0 1 0 0 0 0 0 0 1 0 0 1 0 0 0 1 0 0 0 1 1 1 1 1
 0 0 0 1 1 0 1 1 1 0 1 1 0]",150,150,1
8,20.0,0.0035176109999994765,"[1 1 0 1 0 1 1 1 0 0 0 1 0 0 1 0 0 0 0 0 0 1 0 0 0 0 0 0 1 0 0 0 1 1 1 1 1
 0 0 0 1 1 0 1 1 1 0 1 1 1]",150,150,1
16,24.0,0.006040016999996567,"[1 1 0 1 0 1 1 0 0 0 0 1 1 0 1 1 1 0 1 0 0 1 0 0 0 1 0 0 1 0 0 0 1 1 1 1 1
 0 0 0 1 1 0 1 1 0 0 0 1 1]",150,150,1
32,21.0,0.011759769000001086,"[0 0 0 1 0 1 1 0 0 0 0 1 1 1 1 1 1 0 1 1 0 1 0 1 0 0 0 0 0 0 0 0 1 1 1 1 0
 0 0 0 0 1 0 1 1 0 1 0 1 1]",150,150,1
64,22.0,0.022543200999997737,"[0 0 0 1 0 0 0 1 1 0 0 1 1 1 1 1 1 0 0 1 1 1 1 0 1 0 0 1 0 0 0 0 1 1 0 1 1
 0 0 1 0 0 0 1 1 1 1 0 1 0]",150,150,1
128,25.0,0.044030685999999264,"[1 0 1 0 0 0 0 1 1 0 0 0 1 1 1 1 0 1 1 1 0 0 0 0 0 1 0 0 1 0 1 0 0 1 1 1 0
 0 0 1 0 1 0 1 1 0 1 1 0 0]",150,150,1
256,23.0,0.087250939999997,"[0 1 0 0 1 1 1 0 1 1 0 1 1 0 0 0 0 0 1 1 0 1 1 1 1 1 0 1 1 0 0 0 0 0 1 0 1
 1 0 0 0 1 0 1 1 1 0 0 1 1]",150,150,1
512,36.0,0.17128370599999698,"[0 1 0 1 0 0 1 1 0 1 0 1 0 1 1 0 1 0 1 0 1 0 0 1 0 1 1 0 1 1 0 1 0 1 1 1 0
 0 0 0 1 0 1 0 1 0 0 1 0 0]",150,150,1
1024,47.0,0.32452817600000117,"[1 0 1 0 1 0 1 0 1 0 1 0 1 0 1 0 1 0 1 0 1 0 1 0 1 0 1 0 1 0 1 0 1 0 1 1 0
 1 0 1 0 0 1 0 1 0 1 0 1 0]",150,150,1
2048,49.0,0.46998367599999824,"[1 0 1 0 1 0 1 0 1 0 1 0 1 0 1 0 1 0 1 0 1 0 1 0 1 0 1 0 1 0 1 0 1 0 1 0 1
 0 1 0 1 0 1 0 1 0 1 0 1 0]",150,150,1
4096,49.0,0.46998367599999824,"[1 0 1 0 1 0 1 0 1 0 1 0 1 0 1 0 1 0 1 0 1 0 1 0 1 0 1 0 1 0 1 0 1 0 1 0 1
 0 1 0 1 0 1 0 1 0 1 0 1 0]",150,150,1
8192,49.0,0.46998367599999824,"[1 0 1 0 1 0 1 0 1 0 1 0 1 0 1 0 1 0 1 0 1 0 1 0 1 0 1 0 1 0 1 0 1 0 1 0 1
 0 1 0 1 0 1 0 1 0 1 0 1 0]",150,150,1
0,21.0,0.0001877239999998892,"[1 1 0 0 1 1 1 1 1 0 0 1 0 1 1 0 0 1 0 0 0 1 0 0 1 0 0 0 1 0 0 0 1 1 1 1 1
 0 0 0 1 1 1 1 1 1 0 1 1 0]",250,250,1
1,19.0,0.0006623599999997509,"[1 1 0 0 1 1 1 1 1 0 0 1 0 1 1 0 0 0 0 0 0 1 0 0 1 0 0 0 1 0 0 0 1 1 1 1 1
 0 0 0 1 1 1 1 1 1 0 1 1 0]",250,250,1
2,19.0,0.0011179760000032957,"[1 1 0 0 1 1 1 1 1 0 0 1 0 0 1 0 0 0 0 0 0 1 0 0 1 0 0 0 1 0 0 0 1 1 1 1 1
 0 0 0 1 1 1 1 1 1 0 1 1 0]",250,250,1
4,21.0,0.0018417290000058983,"[1 1 0 0 1 1 1 1 0 0 0 1 0 0 1 0 0 0 0 0 0 1 0 0 1 0 0 0 1 0 0 0 1 1 1 1 1
 0 0 0 1 1 0 1 1 1 0 1 1 0]",250,250,1
8,20.0,0.0033669690000053265,"[1 1 0 1 0 1 1 1 0 0 0 1 0 0 1 0 0 0 0 0 0 1 0 0 0 0 0 0 1 0 0 0 1 1 1 1 1
 0 0 0 1 1 0 1 1 1 0 1 1 1]",250,250,1
16,24.0,0.005876311000001522,"[1 1 0 1 0 1 1 0 0 0 0 1 1 0 1 1 1 0 1 0 0 1 0 0 0 1 0 0 1 0 0 0 1 1 1 1 1
 0 0 0 1 1 0 1 1 0 0 0 1 1]",250,250,1
32,21.0,0.011829123000005382,"[0 0 0 1 0 1 1 0 0 0 0 1 1 1 1 1 1 0 1 1 0 1 0 1 0 0 0 0 0 0 0 0 1 1 1 1 0
 0 0 0 0 1 0 1 1 0 1 0 1 1]",250,250,1
64,22.0,0.022220261000001074,"[0 0 0 1 0 0 0 1 1 0 0 1 1 1 1 1 1 0 0 1 1 1 1 0 1 0 0 1 0 0 0 0 1 1 0 1 1
 0 0 1 0 0 0 1 1 1 1 0 1 0]",250,250,1
128,25.0,0.04220196200000004,"[1 0 1 0 0 0 0 1 1 0 0 0 1 1 1 1 0 1 1 1 0 0 0 0 0 1 0 0 1 0 1 0 0 1 1 1 0
 0 0 1 0 1 0 1 1 0 1 1 0 0]",250,250,1
256,22.0,0.08719376500000209,"[1 1 0 0 1 1 1 0 1 1 0 1 1 1 1 1 0 1 1 1 0 0 1 1 0 1 0 1 0 0 0 0 0 0 1 1 1
 1 0 0 0 1 0 0 1 1 0 0 0 1]",250,250,1
512,37.0,0.17859986500000247,"[0 1 0 1 0 1 1 0 1 0 0 0 1 1 0 1 0 0 1 0 1 1 0 1 0 1 0 1 0 1 0 1 1 1 0 1 0
 1 0 1 0 1 1 0 0 1 1 0 1 1]",250,250,1
1024,43.0,0.3300738460000048,"[0 1 0 1 0 1 0 1 0 1 0 1 0 0 1 0 1 0 1 0 1 1 0 1 0 1 0 1 0 1 1 0 0 1 0 1 0
 1 0 0 1 0 1 0 1 1 0 1 0 1]",250,250,1
2048,48.0,0.65146163,"[0 1 0 1 0 1 0 1 0 1 0 1 0 1 0 1 0 1 0 1 0 1 0 1 0 1 0 1 0 1 0 1 0 1 0 1 1
 0 1 0 1 0 1 0 1 0 1 0 1 0]",250,250,1
4096,48.0,1.490501891000008,"[0 1 0 1 0 1 0 1 0 1 0 1 0 1 0 1 0 1 0 1 0 1 0 1 0 1 0 1 0 1 0 1 0 1 0 1 0
 0 1 0 1 0 1 0 1 0 1 0 1 0]",250,250,1
8192,48.0,3.9507063570000014,"[0 1 0 1 0 1 0 1 0 1 0 1 0 1 0 1 0 1 0 1 0 1 0 1 0 1 0 1 0 1 0 1 0 1 0 1 0
 1 0 1 1 0 1 0 1 0 1 0 1 0]",250,250,1
0,21.0,0.0002064999999902284,"[1 1 0 0 1 1 1 1 1 0 0 1 0 1 1 0 0 1 0 0 0 1 0 0 1 0 0 0 1 0 0 0 1 1 1 1 1
 0 0 0 1 1 1 1 1 1 0 1 1 0]",300,300,1
1,19.0,0.0007040559999893503,"[1 1 0 0 1 1 1 1 1 0 0 1 0 1 1 0 0 0 0 0 0 1 0 0 1 0 0 0 1 0 0 0 1 1 1 1 1
 0 0 0 1 1 1 1 1 1 0 1 1 0]",300,300,1
2,19.0,0.0011620829999969828,"[1 1 0 0 1 1 1 1 1 0 0 1 0 0 1 0 0 0 0 0 0 1 0 0 1 0 0 0 1 0 0 0 1 1 1 1 1
 0 0 0 1 1 1 1 1 1 0 1 1 0]",300,300,1
4,21.0,0.0019903889999994817,"[1 1 0 0 1 1 1 1 0 0 0 1 0 0 1 0 0 0 0 0 0 1 0 0 1 0 0 0 1 0 0 0 1 1 1 1 1
 0 0 0 1 1 0 1 1 1 0 1 1 0]",300,300,1
8,20.0,0.003324597999991852,"[1 1 0 1 0 1 1 1 0 0 0 1 0 0 1 0 0 0 0 0 0 1 0 0 0 0 0 0 1 0 0 0 1 1 1 1 1
 0 0 0 1 1 0 1 1 1 0 1 1 1]",300,300,1
16,24.0,0.00601195000000132,"[1 1 0 1 0 1 1 0 0 0 0 1 1 0 1 1 1 0 1 0 0 1 0 0 0 1 0 0 1 0 0 0 1 1 1 1 1
 0 0 0 1 1 0 1 1 0 0 0 1 1]",300,300,1
32,21.0,0.011036929999988843,"[0 0 0 1 0 1 1 0 0 0 0 1 1 1 1 1 1 0 1 1 0 1 0 1 0 0 0 0 0 0 0 0 1 1 1 1 0
 0 0 0 0 1 0 1 1 0 1 0 1 1]",300,300,1
64,22.0,0.02129420199999288,"[0 0 0 1 0 0 0 1 1 0 0 1 1 1 1 1 1 0 0 1 1 1 1 0 1 0 0 1 0 0 0 0 1 1 0 1 1
 0 0 1 0 0 0 1 1 1 1 0 1 0]",300,300,1
128,25.0,0.04140416099998845,"[1 0 1 0 0 0 0 1 1 0 0 0 1 1 1 1 0 1 1 1 0 0 0 0 0 1 0 0 1 0 1 0 0 1 1 1 0
 0 0 1 0 1 0 1 1 0 1 1 0 0]",300,300,1
256,22.0,0.0819374259999961,"[1 1 0 0 1 1 1 0 1 1 0 1 1 1 1 1 0 1 1 1 0 0 1 1 0 1 0 1 0 0 0 0 0 0 1 1 1
 1 0 0 0 1 0 0 1 1 0 0 0 1]",300,300,1
512,33.0,0.16288191699999288,"[0 1 1 0 0 1 1 1 1 0 0 0 1 0 1 1 0 0 1 1 0 1 0 1 0 1 0 1 0 1 0 1 1 1 0 1 0
 1 0 1 0 1 1 0 0 1 1 1 0 1]",300,300,1
1024,45.0,0.3089860420000008,"[0 1 0 1 0 1 0 1 0 0 1 0 1 0 0 1 0 1 0 1 0 1 0 0 1 0 1 0 1 0 1 0 1 0 1 0 1
 0 1 0 0 1 0 1 0 1 0 1 0 1]",300,300,1
2048,48.0,0.61116896099999,"[0 1 0 1 0 1 0 1 0 1 0 1 0 1 0 1 0 1 0 1 0 1 0 0 1 0 1 0 1 0 1 0 1 0 1 0 1
 0 1 0 1 0 1 0 1 0 1 0 1 0]",300,300,1
4096,48.0,1.4091498419999908,"[0 1 0 1 0 1 0 1 0 1 0 1 0 1 0 1 0 0 1 0 1 0 1 0 1 0 1 0 1 0 1 0 1 0 1 0 1
 0 1 0 1 0 1 0 1 0 1 0 1 0]",300,300,1
8192,48.0,3.8283243739999904,"[0 1 0 1 0 1 0 1 0 1 0 1 0 1 0 1 0 1 0 1 0 1 0 1 0 1 0 1 0 1 0 1 0 1 0 1 1
 0 1 0 1 0 1 0 1 0 1 0 1 0]",300,300,1
0,20.0,0.0002509739999965177,"[0 1 1 0 0 1 0 1 0 1 0 1 1 1 1 1 1 1 0 0 0 0 1 1 1 0 0 0 1 1 1 0 0 1 0 0 1
 1 1 0 0 0 0 1 1 1 1 0 0 0]",1,1,2
1,20.0,0.0007580600000096638,"[0 1 1 0 0 1 0 1 0 1 0 1 1 1 1 1 1 1 0 0 0 0 1 1 1 0 0 0 1 1 1 0 0 1 0 0 1
 1 1 0 0 0 0 1 1 1 0 0 0 0]",1,1,2
2,20.0,0.0012164059999975052,"[0 1 1 0 1 1 0 1 0 1 0 1 1 1 1 1 1 1 0 0 0 0 1 1 1 0 0 0 1 1 1 0 0 1 0 0 1
 1 1 0 0 0 0 1 1 1 0 0 0 0]",1,1,2
4,23.0,0.0019530769999960285,"[0 1 1 0 1 1 0 1 0 1 0 1 1 1 1 0 1 1 0 0 0 0 1 1 1 0 0 0 1 1 1 0 0 1 0 0 1
 1 1 0 0 0 0 1 1 1 0 0 0 1]",1,1,2
8,23.0,0.002892203000001814,"[0 1 1 0 1 1 0 1 0 1 0 1 1 1 1 0 1 1 0 0 0 0 1 1 1 0 0 0 1 1 1 0 0 1 0 0 1
 1 1 1 0 0 0 1 1 1 0 0 0 1]",1,1,2
16,27.0,0.005118252000002599,"[0 1 1 0 1 1 0 1 0 1 0 1 1 1 1 0 1 1 0 1 0 0 0 1 1 0 1 0 1 1 1 0 1 1 0 0 1
 1 1 1 0 0 0 1 1 1 1 0 0 1]",1,1,2
32,29.0,0.009554570000005924,"[0 0 1 0 1 1 0 1 0 1 0 1 1 1 1 0 1 0 0 0 0 1 0 1 1 0 1 0 1 1 1 0 1 0 0 1 1
 0 1 1 1 0 0 1 1 1 1 0 0 1]",1,1,2
64,32.0,0.01814991199999838,"[0 0 1 0 1 1 0 1 0 1 0 0 1 1 1 0 1 0 1 0 0 1 0 1 0 0 1 0 0 1 0 1 1 0 1 1 0
 0 1 1 1 0 1 1 1 1 0 1 0 0]",1,1,2
128,37.0,0.034690750000009984,"[0 1 0 0 1 0 1 0 1 0 0 0 1 1 0 0 1 0 1 0 0 1 0 1 0 0 1 0 0 1 0 1 1 1 0 1 0
 1 0 1 1 0 1 1 0 1 0 1 0 1]",1,1,2
256,43.0,0.06560952700000655,"[0 1 1 0 1 0 1 0 1 0 1 0 0 1 0 1 0 1 0 1 0 1 0 1 0 0 1 0 0 1 0 1 0 1 0 1 0
 1 0 1 1 1 0 1 0 1 0 1 0 1]",1,1,2
512,48.0,0.12094067600000358,"[1 0 1 0 1 0 1 0 1 0 1 0 1 0 0 1 0 1 0 1 0 1 0 1 0 1 0 1 0 1 0 1 0 1 0 1 0
 1 0 1 0 1 0 1 0 1 0 1 0 1]",1,1,2
1024,48.0,0.2519384419999966,"[1 0 1 0 1 0 1 0 1 0 1 0 1 0 1 0 1 0 1 0 0 1 0 1 0 1 0 1 0 1 0 1 0 1 0 1 0
 1 0 1 0 1 0 1 0 1 0 1 0 1]",1,1,2
2048,48.0,0.5539016099999969,"[1 0 1 0 1 0 1 0 1 0 1 0 1 0 1 0 1 0 1 0 1 0 1 0 1 1 0 1 0 1 0 1 0 1 0 1 0
 1 0 1 0 1 0 1 0 1 0 1 0 1]",1,1,2
4096,48.0,1.3635440520000088,"[1 0 1 0 1 0 1 0 1 0 1 0 1 0 0 1 0 1 0 1 0 1 0 1 0 1 0 1 0 1 0 1 0 1 0 1 0
 1 0 1 0 1 0 1 0 1 0 1 0 1]",1,1,2
8192,48.0,3.8053758430000073,"[1 0 1 0 1 0 1 0 1 0 1 0 1 0 1 1 0 1 0 1 0 1 0 1 0 1 0 1 0 1 0 1 0 1 0 1 0
 1 0 1 0 1 0 1 0 1 0 1 0 1]",1,1,2
0,20.0,0.0002502960000043686,"[0 1 1 0 0 1 0 1 0 1 0 1 1 1 1 1 1 1 0 0 0 0 1 1 1 0 0 0 1 1 1 0 0 1 0 0 1
 1 1 0 0 0 0 1 1 1 1 0 0 0]",10,10,2
1,20.0,0.0008335330000051044,"[0 1 1 0 0 1 0 1 0 1 0 1 1 1 1 1 1 1 0 0 0 0 1 1 1 0 0 0 1 1 1 0 0 1 0 0 1
 1 1 0 0 0 0 1 1 1 0 0 0 0]",10,10,2
2,20.0,0.0014158360000067205,"[0 1 1 0 1 1 0 1 0 1 0 1 1 1 1 1 1 1 0 0 0 0 1 1 1 0 0 0 1 1 1 0 0 1 0 0 1
 1 1 0 0 0 0 1 1 1 0 0 0 0]",10,10,2
4,23.0,0.0022199100000079852,"[0 1 1 0 1 1 0 1 0 1 0 1 1 1 1 0 1 1 0 0 0 0 1 1 1 0 0 0 1 1 1 0 0 1 0 0 1
 1 1 0 0 0 0 1 1 1 0 0 0 1]",10,10,2
8,21.0,0.0036157460000083574,"[0 1 1 0 1 1 0 1 0 1 0 1 1 1 1 1 1 1 0 0 0 0 1 1 1 0 0 0 1 1 1 0 0 1 0 0 1
 1 1 1 0 0 0 1 1 1 0 0 0 1]",10,10,2
16,23.0,0.006088928000011151,"[0 1 1 0 1 1 0 1 1 0 1 1 1 1 1 1 1 0 0 1 0 0 1 1 1 0 1 0 1 1 1 0 1 1 0 0 1
 1 1 1 0 0 0 1 1 1 1 0 0 1]",10,10,2
32,23.0,0.011247378000007302,"[0 0 1 0 1 1 0 1 0 1 0 1 1 1 1 1 0 1 0 0 0 1 1 1 1 0 0 0 1 1 1 0 0 0 0 0 1
 0 1 1 1 0 0 0 1 1 1 0 0 1]",10,10,2
64,29.0,0.020931216000008135,"[0 0 1 0 1 0 0 1 0 1 0 0 1 1 1 0 0 1 1 0 1 0 0 1 1 0 1 0 0 1 1 0 0 1 1 0 0
 1 1 1 0 0 1 0 0 1 0 0 0 1]",10,10,2
128,21.0,0.039706692999999404,"[1 1 1 1 1 1 1 1 1 1 0 1 1 1 1 1 0 0 1 1 1 0 0 0 0 1 0 1 0 1 1 1 0 1 0 0 0
 1 0 0 1 1 0 0 0 1 0 0 1 0]",10,10,2
256,34.0,0.07515275100000451,"[0 1 1 1 0 1 1 0 0 1 1 1 0 1 0 1 0 1 0 0 1 0 0 1 0 1 1 0 1 0 1 0 1 1 0 1 0
 1 0 0 0 0 1 0 1 1 0 0 1 0]",10,10,2
512,44.0,0.13476389200000938,"[0 1 0 1 0 1 1 1 0 1 0 1 0 1 0 1 0 1 0 1 0 1 0 1 0 1 1 0 1 0 1 0 1 0 1 0 1
 1 1 0 1 0 1 0 1 0 1 0 1 0]",10,10,2
1024,47.0,0.2628885510000032,"[1 0 1 0 1 0 1 1 0 1 0 1 0 1 0 1 0 1 0 1 0 1 0 1 0 1 0 1 0 1 0 1 1 0 1 0 1
 0 1 0 1 0 1 0 1 0 1 0 1 0]",10,10,2
2048,47.0,0.5633465690000037,"[1 0 1 0 0 1 0 1 0 1 0 1 0 1 0 1 0 1 0 1 0 1 0 1 0 1 1 0 1 0 1 0 1 0 1 0 1
 0 1 0 1 0 1 0 1 0 1 0 1 0]",10,10,2
4096,47.0,1.3625989700000076,"[1 0 1 0 1 0 1 0 1 1 0 1 0 1 0 1 0 1 0 1 0 1 0 1 0 0 1 0 1 0 1 0 1 0 1 0 1
 0 1 0 1 0 1 0 1 0 1 0 1 0]",10,10,2
8192,49.0,2.8856564420000126,"[0 1 0 1 0 1 0 1 0 1 0 1 0 1 0 1 0 1 0 1 0 1 0 1 0 1 0 1 0 1 0 1 0 1 0 1 0
 1 0 1 0 1 0 1 0 1 0 1 0 1]",10,10,2
0,20.0,0.00020021500000666492,"[0 1 1 0 0 1 0 1 0 1 0 1 1 1 1 1 1 1 0 0 0 0 1 1 1 0 0 0 1 1 1 0 0 1 0 0 1
 1 1 0 0 0 0 1 1 1 1 0 0 0]",50,50,2
1,20.0,0.0006992440000033184,"[0 1 1 0 0 1 0 1 0 1 0 1 1 1 1 1 1 1 0 0 0 0 1 1 1 0 0 0 1 1 1 0 0 1 0 0 1
 1 1 0 0 0 0 1 1 1 0 0 0 0]",50,50,2
2,20.0,0.0011636779999975033,"[0 1 1 0 1 1 0 1 0 1 0 1 1 1 1 1 1 1 0 0 0 0 1 1 1 0 0 0 1 1 1 0 0 1 0 0 1
 1 1 0 0 0 0 1 1 1 0 0 0 0]",50,50,2
4,23.0,0.001913438000002543,"[0 1 1 0 1 1 0 1 0 1 0 1 1 1 1 0 1 1 0 0 0 0 1 1 1 0 0 0 1 1 1 0 0 1 0 0 1
 1 1 0 0 0 0 1 1 1 0 0 0 1]",50,50,2
8,21.0,0.0033852450000040335,"[0 1 1 0 1 1 0 1 0 1 0 1 1 1 1 1 1 1 0 0 0 0 1 1 1 0 0 0 1 1 1 0 0 1 0 0 1
 1 1 1 0 0 0 1 1 1 0 0 0 1]",50,50,2
16,23.0,0.005979230000008329,"[0 1 1 0 1 1 0 1 1 0 1 1 1 1 1 1 1 0 0 1 0 0 1 1 1 0 1 0 1 1 1 0 1 1 0 0 1
 1 1 1 0 0 0 1 1 1 1 0 0 1]",50,50,2
32,25.0,0.01080859900000064,"[0 0 1 0 1 1 1 1 0 1 0 1 1 1 1 1 0 1 0 0 0 1 1 1 1 0 1 0 1 1 1 0 1 0 0 1 1
 0 1 1 0 0 0 0 1 1 1 0 0 1]",50,50,2
64,20.0,0.02072316199999591,"[0 0 1 0 1 1 1 0 1 1 1 1 1 0 1 0 1 1 1 0 0 0 0 1 0 0 0 1 1 1 0 0 0 0 1 1 0
 0 1 1 0 0 0 0 1 1 1 1 0 0]",50,50,2
128,22.0,0.039913854000005244,"[1 1 1 1 1 0 0 0 1 1 0 0 1 0 0 1 1 0 1 1 0 0 1 1 1 1 1 1 0 1 0 1 1 0 0 0 0
 0 1 0 0 1 1 0 0 0 1 0 1 1]",50,50,2
256,24.0,0.07893979899999692,"[1 1 0 0 0 1 0 0 1 0 0 0 0 0 1 1 0 0 1 1 0 1 0 0 1 1 1 1 0 0 1 0 0 0 0 0 0
 1 1 0 0 1 1 0 1 0 1 0 1 1]",50,50,2
512,41.0,0.14949517899999876,"[0 1 0 0 1 1 0 1 0 1 1 0 1 0 1 1 1 0 1 0 1 0 1 0 1 0 1 0 1 0 1 0 1 0 1 0 1
 0 1 0 1 1 0 1 0 0 1 1 0 1]",50,50,2
1024,47.0,0.28136771699999485,"[0 1 0 1 0 1 0 1 0 1 0 1 0 1 0 0 1 0 1 0 1 0 1 0 1 0 1 0 1 0 1 0 1 0 1 0 1
 0 1 0 1 1 0 1 0 1 0 1 0 1]",50,50,2
2048,48.0,0.5829259319999949,"[0 1 0 1 0 1 0 1 0 1 0 1 0 1 0 1 0 1 0 1 0 1 0 0 1 0 1 0 1 0 1 0 1 0 1 0 1
 0 1 0 1 0 1 0 1 0 1 0 1 0]",50,50,2
4096,48.0,1.382177260000006,"[0 1 0 1 0 1 0 1 0 1 0 1 0 1 0 1 0 1 0 1 0 1 0 1 0 1 0 1 0 0 1 0 1 0 1 0 1
 0 1 0 1 0 1 0 1 0 1 0 1 0]",50,50,2
8192,48.0,3.8001377310000066,"[0 1 0 1 0 1 0 1 0 1 0 1 0 1 0 1 0 1 0 1 0 1 0 1 0 1 0 1 0 1 1 0 1 0 1 0 1
 0 1 0 1 0 1 0 1 0 1 0 1 0]",50,50,2
0,20.0,0.00022193299999173632,"[0 1 1 0 0 1 0 1 0 1 0 1 1 1 1 1 1 1 0 0 0 0 1 1 1 0 0 0 1 1 1 0 0 1 0 0 1
 1 1 0 0 0 0 1 1 1 1 0 0 0]",100,100,2
1,20.0,0.0008022959999891555,"[0 1 1 0 0 1 0 1 0 1 0 1 1 1 1 1 1 1 0 0 0 0 1 1 1 0 0 0 1 1 1 0 0 1 0 0 1
 1 1 0 0 0 0 1 1 1 0 0 0 0]",100,100,2
2,20.0,0.0012736189999884573,"[0 1 1 0 1 1 0 1 0 1 0 1 1 1 1 1 1 1 0 0 0 0 1 1 1 0 0 0 1 1 1 0 0 1 0 0 1
 1 1 0 0 0 0 1 1 1 0 0 0 0]",100,100,2
4,23.0,0.002017705000000092,"[0 1 1 0 1 1 0 1 0 1 0 1 1 1 1 0 1 1 0 0 0 0 1 1 1 0 0 0 1 1 1 0 0 1 0 0 1
 1 1 0 0 0 0 1 1 1 0 0 0 1]",100,100,2
8,21.0,0.003350067999988937,"[0 1 1 0 1 1 0 1 0 1 0 1 1 1 1 1 1 1 0 0 0 0 1 1 1 0 0 0 1 1 1 0 0 1 0 0 1
 1 1 1 0 0 0 1 1 1 0 0 0 1]",100,100,2
16,23.0,0.005969911999997635,"[0 1 1 0 1 1 0 1 1 0 1 1 1 1 1 1 1 0 0 1 0 0 1 1 1 0 1 0 1 1 1 0 1 1 0 0 1
 1 1 1 0 0 0 1 1 1 1 0 0 1]",100,100,2
32,25.0,0.010754061000000092,"[0 0 1 0 1 1 1 1 0 1 0 1 1 1 1 1 0 1 0 0 0 1 1 1 1 0 1 0 1 1 1 0 1 0 0 1 1
 0 1 1 0 0 0 0 1 1 1 0 0 1]",100,100,2
64,20.0,0.020714876999988974,"[0 0 1 0 1 1 1 0 1 1 1 1 1 0 1 0 1 1 1 0 0 0 0 1 0 0 0 1 1 1 0 0 0 0 1 1 0
 0 1 1 0 0 0 0 1 1 1 1 0 0]",100,100,2
128,25.0,0.04082901999998967,"[1 1 1 1 1 0 1 1 0 1 0 0 1 0 0 1 0 0 1 0 1 1 1 0 0 1 1 1 0 0 0 1 1 0 0 1 0
 0 1 0 1 1 1 0 0 0 1 1 1 0]",100,100,2
256,27.0,0.07995049999999537,"[1 0 1 0 1 0 0 1 0 1 1 0 0 0 0 1 0 1 0 0 1 1 1 1 0 0 0 1 0 1 0 1 0 0 0 1 0
 0 0 0 1 0 1 0 0 0 0 0 0 0]",100,100,2
512,38.0,0.15431221799998696,"[0 1 1 1 1 0 1 1 0 1 1 0 1 0 1 0 1 1 0 1 0 1 0 1 0 1 0 1 0 1 0 1 0 0 0 1 0
 1 0 0 1 0 1 0 1 1 0 1 1 0]",100,100,2
1024,44.0,0.29349403299998755,"[0 1 0 1 1 0 1 0 0 1 0 1 0 1 0 1 0 1 0 1 0 1 0 1 0 1 0 1 0 1 0 1 1 0 1 0 0
 1 0 1 0 1 0 1 0 1 0 1 0 0]",100,100,2
2048,49.0,0.33043580499999337,"[0 1 0 1 0 1 0 1 0 1 0 1 0 1 0 1 0 1 0 1 0 1 0 1 0 1 0 1 0 1 0 1 0 1 0 1 0
 1 0 1 0 1 0 1 0 1 0 1 0 1]",100,100,2
4096,49.0,0.33043580499999337,"[0 1 0 1 0 1 0 1 0 1 0 1 0 1 0 1 0 1 0 1 0 1 0 1 0 1 0 1 0 1 0 1 0 1 0 1 0
 1 0 1 0 1 0 1 0 1 0 1 0 1]",100,100,2
8192,49.0,0.33043580499999337,"[0 1 0 1 0 1 0 1 0 1 0 1 0 1 0 1 0 1 0 1 0 1 0 1 0 1 0 1 0 1 0 1 0 1 0 1 0
 1 0 1 0 1 0 1 0 1 0 1 0 1]",100,100,2
0,20.0,0.00025641000000575787,"[0 1 1 0 0 1 0 1 0 1 0 1 1 1 1 1 1 1 0 0 0 0 1 1 1 0 0 0 1 1 1 0 0 1 0 0 1
 1 1 0 0 0 0 1 1 1 1 0 0 0]",150,150,2
1,20.0,0.0007752660000051037,"[0 1 1 0 0 1 0 1 0 1 0 1 1 1 1 1 1 1 0 0 0 0 1 1 1 0 0 0 1 1 1 0 0 1 0 0 1
 1 1 0 0 0 0 1 1 1 0 0 0 0]",150,150,2
2,20.0,0.0013832870000101138,"[0 1 1 0 1 1 0 1 0 1 0 1 1 1 1 1 1 1 0 0 0 0 1 1 1 0 0 0 1 1 1 0 0 1 0 0 1
 1 1 0 0 0 0 1 1 1 0 0 0 0]",150,150,2
4,23.0,0.002137322999999469,"[0 1 1 0 1 1 0 1 0 1 0 1 1 1 1 0 1 1 0 0 0 0 1 1 1 0 0 0 1 1 1 0 0 1 0 0 1
 1 1 0 0 0 0 1 1 1 0 0 0 1]",150,150,2
8,21.0,0.0034663640000047735,"[0 1 1 0 1 1 0 1 0 1 0 1 1 1 1 1 1 1 0 0 0 0 1 1 1 0 0 0 1 1 1 0 0 1 0 0 1
 1 1 1 0 0 0 1 1 1 0 0 0 1]",150,150,2
16,23.0,0.00604504000000361,"[0 1 1 0 1 1 0 1 1 0 1 1 1 1 1 1 1 0 0 1 0 0 1 1 1 0 1 0 1 1 1 0 1 1 0 0 1
 1 1 1 0 0 0 1 1 1 1 0 0 1]",150,150,2
32,25.0,0.011249993000006953,"[0 0 1 0 1 1 1 1 0 1 0 1 1 1 1 1 0 1 0 0 0 1 1 1 1 0 1 0 1 1 1 0 1 0 0 1 1
 0 1 1 0 0 0 0 1 1 1 0 0 1]",150,150,2
64,20.0,0.022120555000000763,"[0 0 1 0 1 1 1 0 1 1 1 1 1 0 1 0 1 1 1 0 0 0 0 1 0 0 0 1 1 1 0 0 0 0 1 1 0
 0 1 1 0 0 0 0 1 1 1 1 0 0]",150,150,2
128,25.0,0.04179065600000342,"[1 1 1 1 1 0 1 1 0 1 0 0 1 0 0 1 0 0 1 0 1 1 1 0 0 1 1 1 0 0 0 1 1 0 0 1 0
 0 1 0 1 1 1 0 0 0 1 1 1 0]",150,150,2
256,25.0,0.08136523699999998,"[1 0 1 0 1 0 0 1 0 1 1 0 0 0 0 1 0 0 0 0 1 1 1 1 0 0 0 1 0 1 0 1 0 0 0 1 0
 0 0 0 1 0 1 0 0 0 0 0 0 0]",150,150,2
512,30.0,0.15888058600000932,"[0 1 1 1 0 1 0 1 1 1 1 0 1 1 0 0 1 1 0 0 1 0 1 0 1 1 1 1 0 1 1 0 0 1 1 1 0
 1 0 1 1 0 0 1 0 1 0 1 0 0]",150,150,2
1024,45.0,0.302648001999998,"[0 1 0 1 0 1 0 1 0 0 1 0 1 0 1 0 1 0 1 0 1 0 0 1 0 1 0 1 0 1 0 1 0 1 0 1 0
 1 0 0 1 0 1 0 0 1 0 1 0 1]",150,150,2
2048,49.0,0.4521102300000024,"[0 1 0 1 0 1 0 1 0 1 0 1 0 1 0 1 0 1 0 1 0 1 0 1 0 1 0 1 0 1 0 1 0 1 0 1 0
 1 0 1 0 1 0 1 0 1 0 1 0 1]",150,150,2
4096,49.0,0.4521102300000024,"[0 1 0 1 0 1 0 1 0 1 0 1 0 1 0 1 0 1 0 1 0 1 0 1 0 1 0 1 0 1 0 1 0 1 0 1 0
 1 0 1 0 1 0 1 0 1 0 1 0 1]",150,150,2
8192,49.0,0.4521102300000024,"[0 1 0 1 0 1 0 1 0 1 0 1 0 1 0 1 0 1 0 1 0 1 0 1 0 1 0 1 0 1 0 1 0 1 0 1 0
 1 0 1 0 1 0 1 0 1 0 1 0 1]",150,150,2
0,20.0,0.00018198799999424864,"[0 1 1 0 0 1 0 1 0 1 0 1 1 1 1 1 1 1 0 0 0 0 1 1 1 0 0 0 1 1 1 0 0 1 0 0 1
 1 1 0 0 0 0 1 1 1 1 0 0 0]",250,250,2
1,20.0,0.0006423579999932372,"[0 1 1 0 0 1 0 1 0 1 0 1 1 1 1 1 1 1 0 0 0 0 1 1 1 0 0 0 1 1 1 0 0 1 0 0 1
 1 1 0 0 0 0 1 1 1 0 0 0 0]",250,250,2
2,20.0,0.0010914780000064184,"[0 1 1 0 1 1 0 1 0 1 0 1 1 1 1 1 1 1 0 0 0 0 1 1 1 0 0 0 1 1 1 0 0 1 0 0 1
 1 1 0 0 0 0 1 1 1 0 0 0 0]",250,250,2
4,23.0,0.0019411939999969263,"[0 1 1 0 1 1 0 1 0 1 0 1 1 1 1 0 1 1 0 0 0 0 1 1 1 0 0 0 1 1 1 0 0 1 0 0 1
 1 1 0 0 0 0 1 1 1 0 0 0 1]",250,250,2
8,21.0,0.0034089840000035565,"[0 1 1 0 1 1 0 1 0 1 0 1 1 1 1 1 1 1 0 0 0 0 1 1 1 0 0 0 1 1 1 0 0 1 0 0 1
 1 1 1 0 0 0 1 1 1 0 0 0 1]",250,250,2
16,23.0,0.005969922999994992,"[0 1 1 0 1 1 0 1 1 0 1 1 1 1 1 1 1 0 0 1 0 0 1 1 1 0 1 0 1 1 1 0 1 1 0 0 1
 1 1 1 0 0 0 1 1 1 1 0 0 1]",250,250,2
32,23.0,0.010842871999997783,"[0 0 1 0 1 1 1 1 0 1 0 1 1 1 1 1 1 1 0 0 0 1 1 1 1 0 1 0 1 1 1 0 1 0 0 1 1
 0 1 1 0 0 0 0 1 1 1 0 0 1]",250,250,2
64,20.0,0.022887819999994008,"[0 0 1 0 1 1 1 0 1 1 1 1 1 0 1 0 0 0 1 0 0 0 0 1 0 0 0 1 1 1 0 0 0 0 1 1 0
 1 1 1 0 0 0 0 1 1 1 1 0 0]",250,250,2
128,16.0,0.042707278999998266,"[1 1 1 1 1 1 1 0 0 1 0 1 1 0 0 1 1 1 1 1 0 0 0 1 1 1 0 0 0 0 0 0 0 0 0 1 1
 0 0 0 1 0 1 1 1 1 1 0 1 1]",250,250,2
256,29.0,0.08544213499999387,"[1 1 0 1 0 1 1 1 0 0 1 0 0 1 1 0 1 0 0 1 0 1 0 1 1 1 0 1 1 0 0 0 1 0 1 0 0
 0 1 1 1 1 1 1 0 1 0 0 1 0]",250,250,2
512,35.0,0.17370263899999827,"[0 1 0 1 0 1 1 0 1 1 1 1 0 1 1 0 1 0 1 0 1 0 1 1 0 1 0 1 1 0 0 1 1 0 1 0 1
 0 1 0 1 1 0 1 1 0 0 1 1 1]",250,250,2
1024,46.0,0.3027748060000022,"[0 1 0 1 0 1 0 1 0 1 0 1 0 0 1 0 1 0 1 0 1 1 0 1 0 1 0 1 0 1 0 1 0 1 0 1 0
 0 1 0 1 0 1 0 1 0 1 0 1 0]",250,250,2
2048,48.0,0.6194294139999954,"[0 1 0 1 0 1 0 1 0 1 0 1 0 1 0 1 0 1 0 1 0 1 0 1 0 1 0 1 0 0 1 0 1 0 1 0 1
 0 1 0 1 0 1 0 1 0 1 0 1 0]",250,250,2
4096,48.0,1.426263296000002,"[0 1 0 1 0 1 0 1 0 1 0 1 0 1 0 1 0 1 0 1 0 1 0 1 0 1 0 1 0 1 0 1 0 0 1 0 1
 0 1 0 1 0 1 0 1 0 1 0 1 0]",250,250,2
8192,49.0,2.158658767999995,"[0 1 0 1 0 1 0 1 0 1 0 1 0 1 0 1 0 1 0 1 0 1 0 1 0 1 0 1 0 1 0 1 0 1 0 1 0
 1 0 1 0 1 0 1 0 1 0 1 0 1]",250,250,2
0,20.0,0.00019704800000397427,"[0 1 1 0 0 1 0 1 0 1 0 1 1 1 1 1 1 1 0 0 0 0 1 1 1 0 0 0 1 1 1 0 0 1 0 0 1
 1 1 0 0 0 0 1 1 1 1 0 0 0]",300,300,2
1,20.0,0.0006801939999974138,"[0 1 1 0 0 1 0 1 0 1 0 1 1 1 1 1 1 1 0 0 0 0 1 1 1 0 0 0 1 1 1 0 0 1 0 0 1
 1 1 0 0 0 0 1 1 1 0 0 0 0]",300,300,2
2,20.0,0.001135973000003787,"[0 1 1 0 1 1 0 1 0 1 0 1 1 1 1 1 1 1 0 0 0 0 1 1 1 0 0 0 1 1 1 0 0 1 0 0 1
 1 1 0 0 0 0 1 1 1 0 0 0 0]",300,300,2
4,23.0,0.0019736400000027743,"[0 1 1 0 1 1 0 1 0 1 0 1 1 1 1 0 1 1 0 0 0 0 1 1 1 0 0 0 1 1 1 0 0 1 0 0 1
 1 1 0 0 0 0 1 1 1 0 0 0 1]",300,300,2
8,21.0,0.0034346949999957133,"[0 1 1 0 1 1 0 1 0 1 0 1 1 1 1 1 1 1 0 0 0 0 1 1 1 0 0 0 1 1 1 0 0 1 0 0 1
 1 1 1 0 0 0 1 1 1 0 0 0 1]",300,300,2
16,23.0,0.006102562999998895,"[0 1 1 0 1 1 0 1 1 0 1 1 1 1 1 1 1 0 0 1 0 0 1 1 1 0 1 0 1 1 1 0 1 1 0 0 1
 1 1 1 0 0 0 1 1 1 1 0 0 1]",300,300,2
32,23.0,0.011560939999995412,"[0 0 1 0 1 1 1 1 0 1 0 1 1 1 1 1 1 1 0 0 0 1 1 1 1 0 1 0 1 1 1 0 1 0 0 1 1
 0 1 1 0 0 0 0 1 1 1 0 0 1]",300,300,2
64,20.0,0.023809864000000402,"[0 0 1 0 1 1 1 0 1 1 1 1 1 0 1 0 0 0 1 0 0 0 0 1 0 0 0 1 1 1 0 0 0 0 1 1 0
 1 1 1 0 0 0 0 1 1 1 1 0 0]",300,300,2
128,16.0,0.04422232899999301,"[1 1 1 1 1 1 1 0 0 1 0 1 1 0 0 1 1 1 1 1 0 0 0 1 1 1 0 0 0 0 0 0 0 0 0 1 1
 0 0 0 1 0 1 1 1 1 1 0 1 1]",300,300,2
256,25.0,0.08512187200000199,"[1 1 0 0 0 0 1 1 0 0 1 0 0 1 1 0 1 0 0 1 0 0 1 1 1 1 0 0 1 0 0 0 0 0 1 0 0
 0 1 1 1 0 1 1 0 1 0 0 1 0]",300,300,2
512,31.0,0.1708426189999983,"[0 1 0 0 1 0 0 0 0 1 0 1 0 0 1 0 0 1 0 1 0 0 0 1 1 0 1 0 0 0 0 1 0 0 1 1 0
 0 1 0 0 0 1 1 0 1 0 1 0 1]",300,300,2
1024,46.0,0.3212046609999959,"[0 1 0 1 0 1 0 1 1 0 1 0 1 0 1 0 1 0 1 0 1 0 1 0 1 0 1 0 1 0 1 0 1 0 1 0 1
 0 1 1 0 1 1 0 1 0 1 0 1 0]",300,300,2
2048,48.0,0.6149498059999985,"[0 1 0 1 1 0 1 0 1 0 1 0 1 0 1 0 1 0 1 0 1 0 1 0 1 0 1 0 1 0 1 0 1 0 1 0 1
 0 1 0 1 0 1 0 1 0 1 0 1 0]",300,300,2
4096,48.0,1.412994562999998,"[0 1 0 1 0 1 0 1 0 1 0 0 1 0 1 0 1 0 1 0 1 0 1 0 1 0 1 0 1 0 1 0 1 0 1 0 1
 0 1 0 1 0 1 0 1 0 1 0 1 0]",300,300,2
8192,49.0,2.9538317330000012,"[1 0 1 0 1 0 1 0 1 0 1 0 1 0 1 0 1 0 1 0 1 0 1 0 1 0 1 0 1 0 1 0 1 0 1 0 1
 0 1 0 1 0 1 0 1 0 1 0 1 0]",300,300,2
0,25.0,0.0002468859999993356,"[0 0 1 1 0 0 0 1 1 1 0 1 1 1 0 1 1 0 0 0 0 1 1 0 0 0 1 0 0 0 0 1 0 1 1 0 1
 0 0 1 1 0 0 1 0 1 0 1 1 1]",1,1,3
1,25.0,0.0007849509999999782,"[0 0 1 1 0 0 0 1 1 1 0 1 1 1 0 0 1 0 0 0 0 1 1 0 0 0 1 0 0 0 0 1 0 1 1 0 1
 0 0 1 1 0 0 1 0 1 0 1 1 1]",1,1,3
2,25.0,0.001416692000006492,"[0 0 1 1 0 0 0 1 1 1 0 1 1 1 0 0 1 0 0 0 1 1 1 0 0 0 1 0 0 0 0 1 0 1 1 0 1
 0 0 1 1 0 0 1 0 1 0 1 1 1]",1,1,3
4,27.0,0.0026289740000038364,"[0 0 1 1 0 0 0 1 1 1 0 1 1 1 1 0 1 0 0 0 1 0 1 0 0 0 1 0 0 0 0 1 0 1 1 0 1
 0 0 1 1 0 0 1 0 1 0 1 1 1]",1,1,3
8,28.0,0.004219751000007932,"[1 0 1 1 0 0 0 0 1 1 0 1 1 1 1 0 1 0 0 0 1 0 1 0 0 0 1 0 0 0 0 1 0 1 1 0 1
 1 0 1 1 0 0 1 0 1 0 1 1 1]",1,1,3
16,30.0,0.006159261000007632,"[1 0 1 1 0 0 0 0 1 1 0 0 1 1 1 0 1 0 1 0 1 0 1 0 0 0 1 0 0 0 0 1 0 1 1 0 0
 1 0 1 1 0 0 1 0 1 0 1 1 1]",1,1,3
32,36.0,0.010742336000006958,"[1 0 0 1 0 0 0 0 1 1 0 1 1 1 1 0 1 0 1 0 1 0 1 0 1 0 1 0 0 0 1 0 1 0 1 0 0
 1 0 1 0 0 0 1 0 1 0 1 0 1]",1,1,3
64,42.0,0.018940180000001305,"[1 0 1 1 1 1 0 1 0 1 0 0 1 0 1 0 1 0 1 0 1 0 1 0 1 0 1 0 1 0 1 0 1 0 1 0 1
 1 0 1 0 0 0 1 0 1 0 1 0 1]",1,1,3
128,42.0,0.033496288000009145,"[1 0 1 0 0 1 0 1 0 1 0 1 1 0 1 0 1 0 1 0 1 0 1 0 1 0 1 0 1 0 1 0 1 0 0 0 1
 1 0 1 1 0 0 1 0 1 0 1 0 1]",1,1,3
256,46.0,0.062083039000000895,"[1 0 1 0 0 1 0 1 0 1 0 1 1 0 1 0 1 0 1 0 1 0 1 0 1 0 1 0 1 0 1 0 1 0 1 0 1
 0 1 0 0 1 0 1 0 1 0 1 0 1]",1,1,3
512,46.0,0.12469273000000669,"[1 1 0 1 0 1 0 1 0 1 0 0 1 0 1 0 1 0 1 0 1 0 1 0 1 0 1 0 1 0 1 0 1 0 1 0 1
 0 1 0 0 1 0 1 0 1 0 1 0 1]",1,1,3
1024,47.0,0.27692249400000435,"[0 1 0 1 0 1 0 1 0 1 0 1 0 1 1 0 1 0 1 0 1 0 1 0 1 0 1 0 1 0 1 0 1 0 0 1 0
 1 0 1 0 1 0 1 0 1 0 1 0 1]",1,1,3
2048,47.0,0.6083856200000071,"[0 1 0 1 0 1 0 0 1 0 1 0 1 0 1 0 1 0 1 0 1 0 1 0 1 0 1 0 1 0 1 0 1 0 1 0 1
 0 1 0 1 0 1 0 1 1 0 1 0 1]",1,1,3
4096,48.0,1.4915547650000036,"[1 0 1 0 1 0 1 0 1 0 1 0 1 0 1 0 1 0 1 0 1 0 1 0 1 0 1 0 1 0 1 0 1 0 1 0 1
 0 1 0 0 1 0 1 0 1 0 1 0 1]",1,1,3
8192,48.0,4.068847066000004,"[1 0 1 0 1 0 1 0 1 0 1 0 1 0 1 0 1 0 1 0 1 0 1 0 1 0 1 0 1 0 1 0 1 0 0 1 0
 1 0 1 0 1 0 1 0 1 0 1 0 1]",1,1,3
0,25.0,0.0002588589999987789,"[0 0 1 1 0 0 0 1 1 1 0 1 1 1 0 1 1 0 0 0 0 1 1 0 0 0 1 0 0 0 0 1 0 1 1 0 1
 0 0 1 1 0 0 1 0 1 0 1 1 1]",10,10,3
1,25.0,0.0008301399999908199,"[0 0 1 1 0 0 0 1 1 1 0 1 1 1 0 0 1 0 0 0 0 1 1 0 0 0 1 0 0 0 0 1 0 1 1 0 1
 0 0 1 1 0 0 1 0 1 0 1 1 1]",10,10,3
2,25.0,0.0013100369999961003,"[0 0 1 1 0 0 0 1 1 1 0 1 1 1 0 0 1 0 0 0 1 1 1 0 0 0 1 0 0 0 0 1 0 1 1 0 1
 0 0 1 1 0 0 1 0 1 0 1 1 1]",10,10,3
4,27.0,0.0021522619999956305,"[0 0 1 1 0 0 0 1 1 1 0 1 1 1 1 0 1 0 0 0 1 0 1 0 0 0 1 0 0 0 0 1 0 1 1 0 1
 0 0 1 1 0 0 1 0 1 0 1 1 1]",10,10,3
8,27.0,0.0035995939999935445,"[0 0 1 1 0 0 0 0 1 1 0 1 1 1 1 0 1 0 0 0 1 0 1 0 0 0 1 0 0 0 0 1 0 1 1 0 1
 1 0 1 1 0 0 1 0 1 0 1 1 1]",10,10,3
16,23.0,0.00671009599999195,"[0 1 1 1 0 0 0 0 1 1 1 0 1 1 1 0 0 0 1 0 1 0 1 0 0 0 1 0 0 0 0 1 1 1 1 0 0
 1 0 1 1 0 0 1 0 1 1 1 1 1]",10,10,3
32,29.0,0.012013914999997155,"[0 1 0 1 0 0 0 0 1 1 0 0 1 1 1 0 0 0 1 0 1 1 1 0 0 0 1 0 1 0 1 0 1 0 1 0 0
 1 0 1 0 0 0 1 1 1 1 0 1 1]",10,10,3
64,29.0,0.02185469299999454,"[0 1 0 1 1 1 0 1 1 1 0 1 0 0 1 0 1 0 0 0 1 1 0 1 0 0 0 0 0 0 1 0 0 1 0 0 0
 1 0 1 0 0 1 0 0 1 1 0 0 1]",10,10,3
128,27.0,0.039563893999996935,"[0 1 0 0 0 0 1 0 1 1 0 1 1 0 1 1 1 0 0 0 1 1 0 0 0 0 1 1 1 0 1 0 1 0 1 1 0
 1 0 0 0 0 1 0 1 1 1 0 0 1]",10,10,3
256,35.0,0.07701485999999136,"[0 1 0 1 1 1 0 0 1 1 0 1 0 1 0 1 1 0 1 0 1 1 0 1 0 1 0 1 0 1 0 0 1 0 1 0 0
 1 1 1 1 0 1 0 1 1 1 0 1 1]",10,10,3
512,44.0,0.14102553099999682,"[0 1 0 1 0 1 1 0 0 1 0 1 0 1 0 1 0 1 0 0 1 0 1 0 0 1 0 1 0 1 0 1 0 1 0 1 0
 1 0 1 0 0 1 0 1 0 1 0 1 0]",10,10,3
1024,46.0,0.2768062769999915,"[0 1 0 1 0 1 0 1 0 1 0 1 0 1 0 1 0 1 1 0 1 0 1 0 1 0 1 1 0 1 0 1 0 1 0 0 1
 0 1 0 1 0 1 0 1 0 1 0 1 0]",10,10,3
2048,46.0,0.5825058909999967,"[0 1 0 1 0 1 0 1 0 1 0 1 0 1 0 0 1 0 1 0 1 0 1 0 1 0 1 0 1 0 1 1 0 1 0 1 0
 1 0 1 0 1 0 1 1 0 1 0 1 0]",10,10,3
4096,48.0,1.3730002579999905,"[0 1 0 1 1 0 1 0 1 0 1 0 1 0 1 0 1 0 1 0 1 0 1 0 1 0 1 0 1 0 1 0 1 0 1 0 1
 0 1 0 1 0 1 0 1 0 1 0 1 0]",10,10,3
8192,49.0,2.7489866610000036,"[1 0 1 0 1 0 1 0 1 0 1 0 1 0 1 0 1 0 1 0 1 0 1 0 1 0 1 0 1 0 1 0 1 0 1 0 1
 0 1 0 1 0 1 0 1 0 1 0 1 0]",10,10,3
0,25.0,0.0002988489999893318,"[0 0 1 1 0 0 0 1 1 1 0 1 1 1 0 1 1 0 0 0 0 1 1 0 0 0 1 0 0 0 0 1 0 1 1 0 1
 0 0 1 1 0 0 1 0 1 0 1 1 1]",50,50,3
1,25.0,0.0008407400000010057,"[0 0 1 1 0 0 0 1 1 1 0 1 1 1 0 0 1 0 0 0 0 1 1 0 0 0 1 0 0 0 0 1 0 1 1 0 1
 0 0 1 1 0 0 1 0 1 0 1 1 1]",50,50,3
2,25.0,0.001338192999995158,"[0 0 1 1 0 0 0 1 1 1 0 1 1 1 0 0 1 0 0 0 1 1 1 0 0 0 1 0 0 0 0 1 0 1 1 0 1
 0 0 1 1 0 0 1 0 1 0 1 1 1]",50,50,3
4,27.0,0.002106524999987869,"[0 0 1 1 0 0 0 1 1 1 0 1 1 1 1 0 1 0 0 0 1 0 1 0 0 0 1 0 0 0 0 1 0 1 1 0 1
 0 0 1 1 0 0 1 0 1 0 1 1 1]",50,50,3
8,27.0,0.003572596999987354,"[0 0 1 1 0 0 0 0 1 1 0 1 1 1 1 0 1 0 0 0 1 0 1 0 0 0 1 0 0 0 0 1 0 1 1 0 1
 1 0 1 1 0 0 1 0 1 0 1 1 1]",50,50,3
16,23.0,0.006710975999993707,"[0 1 1 1 0 0 0 0 1 1 1 0 1 1 1 0 0 0 1 0 1 0 1 0 0 0 1 0 0 0 0 1 1 1 1 0 0
 1 0 1 1 0 0 1 0 1 1 1 1 1]",50,50,3
32,29.0,0.012452009999989855,"[0 1 0 1 0 0 0 0 1 1 0 0 1 1 1 0 0 0 1 0 1 1 1 0 0 0 1 0 1 0 1 0 1 0 1 0 0
 1 0 1 0 0 0 1 1 1 1 0 1 1]",50,50,3
64,29.0,0.023114678999988314,"[0 1 0 1 1 1 0 1 1 1 0 1 0 0 1 0 1 0 0 0 1 1 0 1 0 0 0 0 0 0 1 1 0 1 0 0 0
 1 0 1 0 0 1 0 0 1 1 0 0 1]",50,50,3
128,26.0,0.04327882999999133,"[1 0 0 1 0 1 1 0 1 1 0 1 0 0 0 1 1 0 0 0 1 0 1 0 0 1 0 1 1 0 0 0 0 0 0 1 0
 1 0 0 0 0 0 1 1 1 0 0 0 1]",50,50,3
256,21.0,0.08535175099999037,"[1 1 1 0 1 1 1 0 0 0 0 1 1 1 0 0 0 1 0 0 0 1 1 0 1 1 1 0 1 0 0 0 1 1 1 0 0
 0 0 0 0 1 0 1 0 0 0 1 1 0]",50,50,3
512,41.0,0.16071947700000067,"[1 0 1 0 1 1 0 0 1 0 1 0 0 1 0 1 0 1 0 1 0 1 0 1 1 0 1 0 1 0 1 0 1 1 1 0 1
 1 0 1 0 1 0 1 1 0 1 0 1 0]",50,50,3
1024,47.0,0.3063785729999893,"[0 1 0 1 0 1 0 1 0 1 0 1 0 1 0 1 1 0 1 0 1 0 1 0 1 0 1 0 1 0 1 0 1 0 1 0 1
 0 1 1 0 1 0 1 0 1 0 1 0 1]",50,50,3
2048,47.0,0.6450594319999965,"[0 1 0 1 0 1 0 1 0 1 0 1 0 1 0 1 0 1 0 0 1 0 1 0 1 0 1 0 1 0 1 0 1 0 1 1 0
 1 0 1 0 1 0 1 0 1 0 1 0 1]",50,50,3
4096,47.0,1.501730705,"[0 1 0 1 0 1 0 1 0 1 0 1 0 1 0 0 1 0 1 0 1 0 1 0 1 0 1 0 1 0 1 0 1 0 1 0 1
 0 1 0 1 0 1 1 0 1 0 1 0 1]",50,50,3
8192,47.0,4.026144693999996,"[0 1 0 1 0 1 0 1 0 1 0 1 0 1 0 1 0 1 1 0 1 0 1 0 1 0 1 0 1 0 1 0 1 0 1 0 0
 1 0 1 0 1 0 1 0 1 0 1 0 1]",50,50,3
0,25.0,0.0002347799999995459,"[0 0 1 1 0 0 0 1 1 1 0 1 1 1 0 1 1 0 0 0 0 1 1 0 0 0 1 0 0 0 0 1 0 1 1 0 1
 0 0 1 1 0 0 1 0 1 0 1 1 1]",100,100,3
1,25.0,0.0007624099999929967,"[0 0 1 1 0 0 0 1 1 1 0 1 1 1 0 0 1 0 0 0 0 1 1 0 0 0 1 0 0 0 0 1 0 1 1 0 1
 0 0 1 1 0 0 1 0 1 0 1 1 1]",100,100,3
2,25.0,0.0012456479999940484,"[0 0 1 1 0 0 0 1 1 1 0 1 1 1 0 0 1 0 0 0 1 1 1 0 0 0 1 0 0 0 0 1 0 1 1 0 1
 0 0 1 1 0 0 1 0 1 0 1 1 1]",100,100,3
4,27.0,0.0020381879999860075,"[0 0 1 1 0 0 0 1 1 1 0 1 1 1 1 0 1 0 0 0 1 0 1 0 0 0 1 0 0 0 0 1 0 1 1 0 1
 0 0 1 1 0 0 1 0 1 0 1 1 1]",100,100,3
8,27.0,0.003412970999988829,"[0 0 1 1 0 0 0 0 1 1 0 1 1 1 1 0 1 0 0 0 1 0 1 0 0 0 1 0 0 0 0 1 0 1 1 0 1
 1 0 1 1 0 0 1 0 1 0 1 1 1]",100,100,3
16,23.0,0.006419226999994976,"[0 1 1 1 0 0 0 0 1 1 1 0 1 1 1 0 0 0 1 0 1 0 1 0 0 0 1 0 0 0 0 1 1 1 1 0 0
 1 0 1 1 0 0 1 0 1 1 1 1 1]",100,100,3
32,29.0,0.011474858999989124,"[0 1 0 1 0 0 0 0 1 1 0 0 1 1 1 0 0 0 1 0 1 1 1 0 0 0 1 0 1 0 1 0 1 0 1 0 0
 1 0 1 0 0 0 1 1 1 1 0 1 1]",100,100,3
64,29.0,0.02177785999998605,"[0 1 0 1 1 1 0 1 1 1 0 1 0 0 1 0 1 0 0 0 1 1 0 1 0 0 0 0 0 0 1 1 0 1 0 0 0
 1 0 1 0 0 1 0 0 1 1 0 0 1]",100,100,3
128,28.0,0.04247225299999968,"[1 1 0 1 0 1 1 0 1 1 0 1 0 0 0 1 1 0 1 0 1 0 1 0 1 1 0 1 1 0 0 0 0 0 1 1 0
 1 0 0 0 0 0 1 1 0 0 0 0 1]",100,100,3
256,22.0,0.08176559499999314,"[0 0 1 0 1 0 1 1 1 1 0 1 1 0 1 1 0 0 0 0 0 1 1 1 1 0 0 1 0 1 0 0 1 1 1 1 1
 1 1 1 1 1 1 1 0 0 1 0 1 0]",100,100,3
512,39.0,0.15313337899999624,"[0 1 0 1 0 1 0 1 0 1 0 0 1 0 1 0 1 0 1 0 1 1 0 1 0 0 1 0 0 1 0 0 0 1 0 1 0
 0 0 1 1 0 1 0 1 0 1 0 0 1]",100,100,3
1024,43.0,0.2939597019999951,"[0 1 0 1 0 1 0 1 0 1 0 1 0 0 1 0 1 0 1 0 1 0 0 1 0 1 0 1 0 0 0 1 0 1 0 1 1
 0 1 0 1 0 1 0 0 1 0 1 0 1]",100,100,3
2048,46.0,0.6043136149999953,"[0 1 0 1 0 1 0 1 0 0 1 0 1 0 1 0 1 0 1 0 1 0 0 1 0 1 0 1 0 1 0 1 0 1 0 1 0
 1 0 1 0 1 1 0 1 0 1 0 1 0]",100,100,3
4096,47.0,1.3892641859999912,"[1 0 1 0 1 0 1 0 1 0 1 0 1 0 1 0 1 0 1 0 1 0 1 0 1 1 0 1 0 1 0 1 0 1 0 1 0
 1 0 1 1 0 1 0 1 0 1 0 1 0]",100,100,3
8192,47.0,3.8916396549999916,"[1 0 1 0 1 0 1 1 0 1 0 1 0 1 0 1 0 1 0 1 0 1 0 1 0 1 0 1 0 1 0 1 1 0 1 0 1
 0 1 0 1 0 1 0 1 0 1 0 1 0]",100,100,3
0,25.0,0.0002176469999994879,"[0 0 1 1 0 0 0 1 1 1 0 1 1 1 0 1 1 0 0 0 0 1 1 0 0 0 1 0 0 0 0 1 0 1 1 0 1
 0 0 1 1 0 0 1 0 1 0 1 1 1]",150,150,3
1,25.0,0.0008462790000010045,"[0 0 1 1 0 0 0 1 1 1 0 1 1 1 0 0 1 0 0 0 0 1 1 0 0 0 1 0 0 0 0 1 0 1 1 0 1
 0 0 1 1 0 0 1 0 1 0 1 1 1]",150,150,3
2,25.0,0.0013393360000009125,"[0 0 1 1 0 0 0 1 1 1 0 1 1 1 0 0 1 0 0 0 1 1 1 0 0 0 1 0 0 0 0 1 0 1 1 0 1
 0 0 1 1 0 0 1 0 1 0 1 1 1]",150,150,3
4,27.0,0.002198139000000765,"[0 0 1 1 0 0 0 1 1 1 0 1 1 1 1 0 1 0 0 0 1 0 1 0 0 0 1 0 0 0 0 1 0 1 1 0 1
 0 0 1 1 0 0 1 0 1 0 1 1 1]",150,150,3
8,27.0,0.0037750179999989086,"[0 0 1 1 0 0 0 0 1 1 0 1 1 1 1 0 1 0 0 0 1 0 1 0 0 0 1 0 0 0 0 1 0 1 1 0 1
 1 0 1 1 0 0 1 0 1 0 1 1 1]",150,150,3
16,23.0,0.007444774999996184,"[0 1 1 1 0 0 0 0 1 1 1 0 1 1 1 0 0 0 1 0 1 0 1 0 0 0 1 0 0 0 0 1 1 1 1 0 0
 1 0 1 1 0 0 1 0 1 1 1 1 1]",150,150,3
32,29.0,0.014733653999996932,"[0 1 0 1 0 0 0 0 1 1 0 0 1 1 1 0 0 0 1 0 1 1 1 0 0 0 1 0 1 0 1 0 1 0 1 0 0
 1 0 1 0 0 0 1 1 1 1 0 1 1]",150,150,3
64,29.0,0.0278121289999973,"[0 1 0 1 1 1 0 1 1 1 0 1 0 0 1 0 1 0 0 0 1 1 0 1 0 0 0 0 0 0 1 1 0 1 0 0 0
 1 0 1 0 0 1 0 0 1 1 0 0 1]",150,150,3
128,28.0,0.05206326100000069,"[1 1 0 1 0 1 1 0 1 1 0 1 0 0 0 1 1 0 1 0 1 0 1 0 1 1 0 1 1 0 0 0 0 0 1 1 0
 1 0 0 0 0 0 1 1 0 0 0 0 1]",150,150,3
256,22.0,0.09150000900000066,"[0 1 1 0 1 0 1 0 0 0 0 0 1 0 1 1 0 0 0 0 1 1 1 1 1 0 0 1 0 1 0 0 1 1 1 1 1
 1 1 1 1 1 1 1 1 0 1 0 1 0]",150,150,3
512,35.0,0.17215935199999421,"[0 1 0 1 1 1 0 1 1 0 1 0 1 0 0 1 0 1 1 1 0 1 1 0 1 0 1 0 0 0 1 0 0 1 0 1 0
 1 0 0 1 1 1 0 1 1 0 1 0 1]",150,150,3
1024,44.0,0.35329524300000514,"[1 0 1 0 1 0 1 0 1 0 1 0 1 0 0 1 0 1 0 1 0 1 0 0 1 0 1 0 1 0 1 0 1 0 0 1 0
 1 0 0 1 0 1 0 1 0 1 1 0 1]",150,150,3
2048,47.0,0.6756241580000051,"[0 1 0 1 0 1 0 1 0 1 0 1 0 1 0 1 0 1 0 0 1 0 1 0 1 0 1 0 1 0 1 0 1 0 1 0 1
 0 0 1 0 1 0 1 0 1 0 1 0 1]",150,150,3
4096,47.0,1.497690727999995,"[0 1 0 1 0 1 0 1 0 1 0 1 0 1 1 0 1 0 1 0 1 0 1 0 1 0 1 0 1 0 1 0 1 0 1 0 1
 0 1 0 1 0 1 0 1 1 0 1 0 1]",150,150,3
8192,48.0,3.9788515030000013,"[0 1 0 1 0 1 0 1 0 1 0 0 1 0 1 0 1 0 1 0 1 0 1 0 1 0 1 0 1 0 1 0 1 0 1 0 1
 0 1 0 1 0 1 0 1 0 1 0 1 0]",150,150,3
0,25.0,0.00019910000000322725,"[0 0 1 1 0 0 0 1 1 1 0 1 1 1 0 1 1 0 0 0 0 1 1 0 0 0 1 0 0 0 0 1 0 1 1 0 1
 0 0 1 1 0 0 1 0 1 0 1 1 1]",250,250,3
1,25.0,0.000858633000007103,"[0 0 1 1 0 0 0 1 1 1 0 1 1 1 0 0 1 0 0 0 0 1 1 0 0 0 1 0 0 0 0 1 0 1 1 0 1
 0 0 1 1 0 0 1 0 1 0 1 1 1]",250,250,3
2,25.0,0.0013448690000075203,"[0 0 1 1 0 0 0 1 1 1 0 1 1 1 0 0 1 0 0 0 1 1 1 0 0 0 1 0 0 0 0 1 0 1 1 0 1
 0 0 1 1 0 0 1 0 1 0 1 1 1]",250,250,3
4,27.0,0.0020773950000005925,"[0 0 1 1 0 0 0 1 1 1 0 1 1 1 1 0 1 0 0 0 1 0 1 0 0 0 1 0 0 0 0 1 0 1 1 0 1
 0 0 1 1 0 0 1 0 1 0 1 1 1]",250,250,3
8,27.0,0.003405224999994516,"[0 0 1 1 0 0 0 0 1 1 0 1 1 1 1 0 1 0 0 0 1 0 1 0 0 0 1 0 0 0 0 1 0 1 1 0 1
 1 0 1 1 0 0 1 0 1 0 1 1 1]",250,250,3
16,23.0,0.00589869399999543,"[0 1 1 1 0 0 0 0 1 1 1 0 1 1 1 0 0 0 1 0 1 0 1 0 0 0 1 0 0 0 0 1 1 1 1 0 0
 1 0 1 1 0 0 1 0 1 1 1 1 1]",250,250,3
32,29.0,0.011179951000002575,"[0 1 0 1 0 0 0 0 1 1 0 0 1 1 1 0 0 0 1 0 1 1 1 0 0 0 1 0 1 0 1 0 1 0 1 0 0
 1 0 1 0 0 0 1 1 1 1 0 1 1]",250,250,3
64,29.0,0.02072140100000297,"[0 1 0 1 1 1 0 1 1 1 0 1 0 0 1 0 1 0 0 0 1 1 0 1 0 0 0 0 0 0 1 1 0 1 0 0 0
 1 0 1 0 0 1 0 0 1 1 0 0 1]",250,250,3
128,28.0,0.04003093000000035,"[1 1 0 1 0 1 1 0 1 1 0 1 0 0 0 1 1 0 1 0 1 0 1 0 1 1 0 1 1 0 0 0 0 0 1 1 0
 1 0 0 0 0 0 1 1 0 0 0 0 1]",250,250,3
256,22.0,0.07861635099999376,"[0 1 1 0 1 0 1 0 0 0 0 0 1 0 1 1 0 0 0 0 1 1 1 1 1 0 0 1 0 1 0 0 1 1 1 1 1
 1 1 1 1 1 1 1 1 0 1 0 1 0]",250,250,3
512,32.0,0.15769826100000728,"[1 1 0 1 1 0 0 1 1 1 0 1 0 0 0 1 0 1 1 1 0 1 0 0 1 0 1 1 0 1 0 0 1 0 1 1 0
 1 0 1 0 1 0 0 1 0 0 0 0 1]",250,250,3
1024,46.0,0.2977192529999968,"[0 1 0 1 0 1 0 0 1 0 1 0 1 0 1 0 1 0 1 0 1 0 1 0 1 1 0 1 0 1 0 1 0 1 0 1 0
 1 0 1 0 1 0 1 0 1 0 0 1 0]",250,250,3
2048,46.0,0.5912688800000012,"[0 1 0 1 0 1 0 0 1 0 1 0 1 0 1 0 1 0 1 0 1 0 1 0 1 0 1 0 1 0 1 0 0 1 0 1 0
 1 0 1 0 1 1 0 1 0 1 0 1 0]",250,250,3
4096,48.0,1.4001768899999973,"[0 1 0 1 0 0 1 0 1 0 1 0 1 0 1 0 1 0 1 0 1 0 1 0 1 0 1 0 1 0 1 0 1 0 1 0 1
 0 1 0 1 0 1 0 1 0 1 0 1 0]",250,250,3
8192,49.0,2.819152803999998,"[1 0 1 0 1 0 1 0 1 0 1 0 1 0 1 0 1 0 1 0 1 0 1 0 1 0 1 0 1 0 1 0 1 0 1 0 1
 0 1 0 1 0 1 0 1 0 1 0 1 0]",250,250,3
0,25.0,0.0003205799999932424,"[0 0 1 1 0 0 0 1 1 1 0 1 1 1 0 1 1 0 0 0 0 1 1 0 0 0 1 0 0 0 0 1 0 1 1 0 1
 0 0 1 1 0 0 1 0 1 0 1 1 1]",300,300,3
1,25.0,0.0008452329999926178,"[0 0 1 1 0 0 0 1 1 1 0 1 1 1 0 0 1 0 0 0 0 1 1 0 0 0 1 0 0 0 0 1 0 1 1 0 1
 0 0 1 1 0 0 1 0 1 0 1 1 1]",300,300,3
2,25.0,0.0013163969999965275,"[0 0 1 1 0 0 0 1 1 1 0 1 1 1 0 0 1 0 0 0 1 1 1 0 0 0 1 0 0 0 0 1 0 1 1 0 1
 0 0 1 1 0 0 1 0 1 0 1 1 1]",300,300,3
4,27.0,0.0020803669999907015,"[0 0 1 1 0 0 0 1 1 1 0 1 1 1 1 0 1 0 0 0 1 0 1 0 0 0 1 0 0 0 0 1 0 1 1 0 1
 0 0 1 1 0 0 1 0 1 0 1 1 1]",300,300,3
8,27.0,0.0034193249999958653,"[0 0 1 1 0 0 0 0 1 1 0 1 1 1 1 0 1 0 0 0 1 0 1 0 0 0 1 0 0 0 0 1 0 1 1 0 1
 1 0 1 1 0 0 1 0 1 0 1 1 1]",300,300,3
16,23.0,0.006068945999999187,"[0 1 1 1 0 0 0 0 1 1 1 0 1 1 1 0 0 0 1 0 1 0 1 0 0 0 1 0 0 0 0 1 1 1 1 0 0
 1 0 1 1 0 0 1 0 1 1 1 1 1]",300,300,3
32,29.0,0.011060177999993925,"[0 1 0 1 0 0 0 0 1 1 0 0 1 1 1 0 0 0 1 0 1 1 1 0 0 0 1 0 1 0 1 0 1 0 1 0 0
 1 0 1 0 0 0 1 1 1 1 0 1 1]",300,300,3
64,29.0,0.021149187999995434,"[0 1 0 1 1 1 0 1 1 1 0 1 0 0 1 0 1 0 0 0 1 1 0 1 0 0 0 0 0 0 1 1 0 1 0 0 0
 1 0 1 0 0 1 0 0 1 1 0 0 1]",300,300,3
128,28.0,0.042020191999995404,"[1 1 0 1 0 1 1 0 1 1 0 1 0 0 0 1 1 0 1 0 1 0 1 0 1 1 0 1 1 0 0 0 0 0 1 1 0
 1 0 0 0 0 0 1 1 0 0 0 0 1]",300,300,3
256,20.0,0.0851266739999943,"[0 1 1 0 1 0 1 0 0 0 0 0 1 1 1 1 0 0 0 0 1 1 1 1 1 0 0 1 0 1 0 0 1 1 1 1 1
 1 1 1 1 1 1 1 1 0 1 0 1 0]",300,300,3
512,33.0,0.1722541209999946,"[1 1 1 0 1 1 1 0 1 1 0 0 1 0 1 1 0 1 0 1 1 0 1 0 1 0 1 0 0 1 1 0 1 0 0 1 0
 1 1 1 0 1 0 1 1 1 0 1 1 0]",300,300,3
1024,45.0,0.3273964919999912,"[1 0 1 0 0 1 0 1 0 1 0 1 0 1 0 1 0 0 1 0 1 1 0 1 0 1 0 1 0 1 0 1 0 1 0 1 0
 1 0 1 0 1 0 1 0 1 0 0 1 0]",300,300,3
2048,47.0,0.6352403089999967,"[1 0 1 0 1 0 1 0 1 0 0 1 0 1 0 1 0 1 0 1 0 1 0 1 0 1 0 1 0 1 0 1 0 1 0 1 0
 1 0 1 0 1 1 0 1 0 1 0 1 0]",300,300,3
4096,47.0,1.4950062079999924,"[1 0 1 0 1 0 1 0 1 0 1 0 1 0 1 0 1 0 1 0 1 0 1 0 0 1 0 1 0 1 0 1 0 1 1 0 1
 0 1 0 1 0 1 0 1 0 1 0 1 0]",300,300,3
8192,49.0,1.8067990649999928,"[1 0 1 0 1 0 1 0 1 0 1 0 1 0 1 0 1 0 1 0 1 0 1 0 1 0 1 0 1 0 1 0 1 0 1 0 1
 0 1 0 1 0 1 0 1 0 1 0 1 0]",300,300,3
0,25.0,0.00023197200000879548,"[0 0 1 1 1 0 1 0 0 1 0 0 1 1 0 1 1 1 0 0 0 0 0 0 0 0 1 0 1 1 1 1 0 1 0 0 0
 0 1 0 0 1 0 0 1 0 0 1 0 1]",1,1,4
1,23.0,0.0007574039999980187,"[0 0 1 1 1 0 1 0 0 1 0 0 1 1 0 1 1 1 0 0 0 0 0 0 0 0 1 0 1 1 1 1 0 0 0 0 0
 0 1 0 0 1 0 0 1 0 0 1 0 1]",1,1,4
2,23.0,0.001240554000006,"[0 0 1 1 1 0 1 0 0 1 0 0 1 1 0 1 1 1 0 0 0 0 0 0 0 0 1 0 1 1 1 1 0 0 0 0 0
 0 1 0 0 1 0 0 1 1 0 1 0 1]",1,1,4
4,23.0,0.002011715999998387,"[0 0 1 1 1 0 1 0 0 1 0 0 1 1 0 0 1 0 0 0 0 0 0 0 0 0 1 0 1 1 1 1 0 0 0 0 0
 0 1 0 0 1 0 0 1 1 0 1 0 1]",1,1,4
8,27.0,0.003364193999999543,"[0 0 1 1 1 0 1 0 0 1 0 0 1 1 0 0 1 0 0 0 0 0 1 0 0 1 1 0 1 1 0 1 0 0 0 0 0
 0 1 0 0 1 0 0 1 1 0 1 0 1]",1,1,4
16,31.0,0.005892266000003588,"[0 0 1 0 1 0 1 0 0 1 0 1 1 1 0 1 1 0 1 0 0 0 1 0 0 1 1 0 1 1 0 1 0 0 0 0 0
 0 1 0 0 1 1 0 1 1 0 1 0 1]",1,1,4
32,31.0,0.009937286000010204,"[0 0 1 0 1 0 1 0 1 0 0 1 1 0 0 1 1 0 1 0 0 0 1 0 0 1 1 0 1 1 0 1 1 1 0 0 0
 1 1 1 0 1 0 0 1 1 0 1 0 1]",1,1,4
64,38.0,0.01805570500000897,"[1 0 1 0 1 0 1 0 1 0 1 0 1 0 0 1 1 0 1 0 1 0 1 1 1 0 1 0 1 0 0 1 1 1 0 1 0
 1 1 1 0 1 0 0 1 1 0 1 0 1]",1,1,4
128,42.0,0.03359555900000544,"[1 0 1 0 1 0 1 0 1 0 1 0 1 1 0 1 0 1 1 0 1 0 1 0 1 0 1 0 1 0 0 1 0 1 0 1 0
 0 0 1 1 0 1 0 1 1 0 1 0 1]",1,1,4
256,46.0,0.0600954190000067,"[1 0 1 0 1 0 1 0 1 0 1 0 1 1 0 1 0 1 0 1 0 0 1 0 1 0 1 0 1 0 0 1 0 1 0 1 0
 1 0 1 0 1 0 1 0 1 0 1 0 1]",1,1,4
512,46.0,0.11617278800000008,"[1 0 1 0 1 0 1 0 1 0 1 0 1 1 0 1 0 0 1 0 1 0 1 0 1 0 1 0 1 0 1 0 1 0 0 1 0
 1 0 1 0 1 0 1 0 1 0 1 0 1]",1,1,4
1024,48.0,0.25953940400000874,"[1 0 1 0 1 0 1 0 1 0 1 0 1 0 1 0 1 0 1 0 1 0 1 0 1 0 1 0 1 0 1 0 1 0 1 0 1
 0 1 0 1 0 0 1 0 1 0 1 0 1]",1,1,4
2048,48.0,0.5659873130000079,"[1 0 1 0 1 0 1 0 1 0 1 0 1 0 1 0 1 0 1 0 1 0 1 0 1 0 1 0 1 0 1 0 1 0 1 0 1
 0 1 0 1 0 1 0 1 1 0 1 0 1]",1,1,4
4096,49.0,0.7564426490000073,"[1 0 1 0 1 0 1 0 1 0 1 0 1 0 1 0 1 0 1 0 1 0 1 0 1 0 1 0 1 0 1 0 1 0 1 0 1
 0 1 0 1 0 1 0 1 0 1 0 1 0]",1,1,4
8192,49.0,0.7564426490000073,"[1 0 1 0 1 0 1 0 1 0 1 0 1 0 1 0 1 0 1 0 1 0 1 0 1 0 1 0 1 0 1 0 1 0 1 0 1
 0 1 0 1 0 1 0 1 0 1 0 1 0]",1,1,4
0,25.0,0.00019990100000200073,"[0 0 1 1 1 0 1 0 0 1 0 0 1 1 0 1 1 1 0 0 0 0 0 0 0 0 1 0 1 1 1 1 0 1 0 0 0
 0 1 0 0 1 0 0 1 0 0 1 0 1]",10,10,4
1,23.0,0.0006949950000034733,"[0 0 1 1 1 0 1 0 0 1 0 0 1 1 0 1 1 1 0 0 0 0 0 0 0 0 1 0 1 1 1 1 0 0 0 0 0
 0 1 0 0 1 0 0 1 0 0 1 0 1]",10,10,4
2,23.0,0.001162980999993124,"[0 0 1 1 1 0 1 0 0 1 0 0 1 1 0 1 1 1 0 0 0 0 0 0 0 0 1 0 1 1 1 1 0 0 0 0 0
 0 1 0 0 1 0 0 1 1 0 1 0 1]",10,10,4
4,23.0,0.0019163120000058598,"[0 0 1 1 1 0 1 0 0 1 0 0 1 1 0 0 1 0 0 0 0 0 0 0 0 0 1 0 1 1 1 1 0 0 0 0 0
 0 1 0 0 1 0 0 1 1 0 1 0 1]",10,10,4
8,25.0,0.003229934000003709,"[0 0 1 1 1 0 1 0 0 1 0 0 1 1 0 0 1 0 0 0 0 0 1 0 0 1 1 0 1 1 0 1 0 0 0 0 0
 0 1 0 0 1 0 0 1 1 0 1 1 1]",10,10,4
16,31.0,0.005788550999994868,"[0 0 1 0 1 0 0 0 0 1 0 1 1 1 0 0 1 0 1 0 0 1 1 0 0 1 1 0 1 1 0 1 0 0 0 0 1
 0 1 0 0 1 1 0 1 1 0 1 0 1]",10,10,4
32,29.0,0.01103064900000561,"[0 0 1 1 1 0 1 0 1 0 0 1 1 1 0 0 1 0 1 0 0 1 0 0 0 1 1 1 1 1 0 1 0 1 0 0 1
 0 1 1 1 1 0 0 1 1 0 1 0 1]",10,10,4
64,33.0,0.021552198999998495,"[1 0 0 0 1 0 1 1 1 0 1 0 1 1 0 1 1 0 1 0 1 1 0 1 1 0 0 1 0 0 0 1 0 1 0 0 1
 0 1 1 0 1 0 1 1 1 0 1 0 0]",10,10,4
128,28.0,0.04046305399999994,"[1 0 0 1 1 0 1 1 1 1 1 1 0 0 1 0 1 0 1 0 1 0 0 0 0 1 0 0 1 1 0 1 1 1 1 0 1
 0 1 1 1 0 1 0 1 1 0 1 1 1]",10,10,4
256,37.0,0.07546969400000592,"[0 1 0 1 0 1 0 1 0 1 0 1 0 1 0 1 0 1 1 0 0 0 1 0 1 0 0 1 0 1 1 0 1 1 1 0 1
 1 1 0 1 0 1 0 1 1 0 0 0 1]",10,10,4
512,45.0,0.13420696400000054,"[0 1 0 1 0 1 0 1 0 1 0 1 0 1 0 1 0 1 0 1 0 1 0 1 1 0 1 0 1 1 0 1 1 0 1 0 1
 0 1 0 1 1 0 1 0 1 0 1 0 1]",10,10,4
1024,47.0,0.2630579669999946,"[0 1 0 1 0 1 0 1 0 1 0 1 0 1 0 1 0 1 0 1 0 1 1 0 1 0 1 0 1 0 1 0 1 0 1 0 1
 0 1 0 1 0 1 0 0 1 0 1 0 1]",10,10,4
2048,48.0,0.5544598479999934,"[0 1 0 1 0 1 0 1 0 1 0 1 0 1 0 1 0 1 0 1 0 1 0 1 0 0 1 0 1 0 1 0 1 0 1 0 1
 0 1 0 1 0 1 0 1 0 1 0 1 0]",10,10,4
4096,48.0,1.3555640750000038,"[0 1 0 1 0 1 0 1 0 1 0 1 0 1 0 1 0 1 0 1 0 1 0 1 0 1 0 1 0 1 0 1 0 0 1 0 1
 0 1 0 1 0 1 0 1 0 1 0 1 0]",10,10,4
8192,48.0,3.869375379999994,"[0 1 0 1 0 1 0 1 0 1 0 1 0 1 0 1 0 1 0 1 0 1 0 1 0 1 0 1 0 1 0 1 0 1 0 1 0
 1 1 0 1 0 1 0 1 0 1 0 1 0]",10,10,4
0,25.0,0.00021685200000831628,"[0 0 1 1 1 0 1 0 0 1 0 0 1 1 0 1 1 1 0 0 0 0 0 0 0 0 1 0 1 1 1 1 0 1 0 0 0
 0 1 0 0 1 0 0 1 0 0 1 0 1]",50,50,4
1,23.0,0.001006309000004535,"[0 0 1 1 1 0 1 0 0 1 0 0 1 1 0 1 1 1 0 0 0 0 0 0 0 0 1 0 1 1 1 1 0 0 0 0 0
 0 1 0 0 1 0 0 1 0 0 1 0 1]",50,50,4
2,23.0,0.0014931099999984099,"[0 0 1 1 1 0 1 0 0 1 0 0 1 1 0 1 1 1 0 0 0 0 0 0 0 0 1 0 1 1 1 1 0 0 0 0 0
 0 1 0 0 1 0 0 1 1 0 1 0 1]",50,50,4
4,23.0,0.0022516800000005333,"[0 0 1 1 1 0 1 0 0 1 0 0 1 1 0 0 1 0 0 0 0 0 0 0 0 0 1 0 1 1 1 1 0 0 0 0 0
 0 1 0 0 1 0 0 1 1 0 1 0 1]",50,50,4
8,25.0,0.0036428599999993594,"[0 0 1 1 1 0 1 0 0 1 0 0 1 1 0 0 1 0 0 0 0 0 1 0 0 1 1 0 1 1 0 1 0 0 0 0 0
 0 1 0 0 1 0 0 1 1 0 1 1 1]",50,50,4
16,31.0,0.006228614999997717,"[0 0 1 0 1 0 0 0 0 1 0 1 1 1 0 0 1 0 1 0 0 1 1 0 0 1 1 0 1 1 0 1 0 0 0 0 1
 0 1 0 0 1 1 0 1 1 0 1 0 1]",50,50,4
32,29.0,0.013890777000000298,"[0 0 1 1 1 0 1 0 1 0 0 1 1 1 0 0 1 0 1 0 0 1 0 0 0 1 1 1 1 1 0 1 1 1 0 0 1
 0 1 1 0 1 0 0 1 1 0 1 0 1]",50,50,4
64,23.0,0.03129716000000826,"[1 0 0 0 1 1 1 1 1 0 0 0 1 0 0 1 0 0 1 0 0 1 0 1 1 1 1 1 1 0 0 1 1 1 1 0 1
 0 1 0 1 0 0 0 1 1 1 1 0 0]",50,50,4
128,25.0,0.061466754999997875,"[1 0 0 0 0 0 1 0 0 0 0 0 0 1 1 0 1 0 1 0 1 1 0 0 1 1 1 0 0 1 0 1 0 1 0 0 1
 0 1 1 0 0 1 1 1 1 1 1 1 0]",50,50,4
256,26.0,0.12453505300000245,"[0 0 0 1 1 0 1 0 1 0 0 1 0 1 0 0 0 0 1 0 0 0 0 1 0 0 0 0 1 1 1 1 0 1 0 1 1
 1 0 0 1 0 0 1 1 0 0 1 1 0]",50,50,4
512,41.0,0.21057302900000252,"[0 1 0 0 1 0 1 0 1 0 1 1 0 1 0 1 0 1 1 0 1 0 1 1 1 0 1 0 1 0 1 1 0 1 1 0 1
 1 0 1 0 1 0 1 0 1 0 1 0 1]",50,50,4
1024,47.0,0.35088198600000453,"[0 1 0 1 0 1 0 0 1 0 1 0 1 0 1 1 0 1 0 1 0 1 0 1 0 1 0 1 0 1 0 1 0 1 0 1 0
 1 0 1 0 1 0 1 0 1 0 1 0 1]",50,50,4
2048,47.0,0.6791190499999971,"[0 1 0 0 1 0 1 0 1 0 1 0 1 0 1 0 1 1 0 1 0 1 0 1 0 1 0 1 0 1 0 1 0 1 0 1 0
 1 0 1 0 1 0 1 0 1 0 1 0 1]",50,50,4
4096,47.0,1.6165160910000083,"[0 1 0 1 0 1 0 0 1 0 1 1 0 1 0 1 0 1 0 1 0 1 0 1 0 1 0 1 0 1 0 1 0 1 0 1 0
 1 0 1 0 1 0 1 0 1 0 1 0 1]",50,50,4
8192,49.0,2.0716635340000096,"[0 1 0 1 0 1 0 1 0 1 0 1 0 1 0 1 0 1 0 1 0 1 0 1 0 1 0 1 0 1 0 1 0 1 0 1 0
 1 0 1 0 1 0 1 0 1 0 1 0 1]",50,50,4
0,25.0,0.0002860790000056568,"[0 0 1 1 1 0 1 0 0 1 0 0 1 1 0 1 1 1 0 0 0 0 0 0 0 0 1 0 1 1 1 1 0 1 0 0 0
 0 1 0 0 1 0 0 1 0 0 1 0 1]",100,100,4
1,23.0,0.0009065419999956248,"[0 0 1 1 1 0 1 0 0 1 0 0 1 1 0 1 1 1 0 0 0 0 0 0 0 0 1 0 1 1 1 1 0 0 0 0 0
 0 1 0 0 1 0 0 1 0 0 1 0 1]",100,100,4
2,23.0,0.00153520800000706,"[0 0 1 1 1 0 1 0 0 1 0 0 1 1 0 1 1 1 0 0 0 0 0 0 0 0 1 0 1 1 1 1 0 0 0 0 0
 0 1 0 0 1 0 0 1 1 0 1 0 1]",100,100,4
4,23.0,0.0027812689999962004,"[0 0 1 1 1 0 1 0 0 1 0 0 1 1 0 0 1 0 0 0 0 0 0 0 0 0 1 0 1 1 1 1 0 0 0 0 0
 0 1 0 0 1 0 0 1 1 0 1 0 1]",100,100,4
8,25.0,0.005175015000006056,"[0 0 1 1 1 0 1 0 0 1 0 0 1 1 0 0 1 0 0 0 0 0 1 0 0 1 1 0 1 1 0 1 0 0 0 0 0
 0 1 0 0 1 0 0 1 1 0 1 1 1]",100,100,4
16,31.0,0.00976515899999697,"[0 0 1 0 1 0 0 0 0 1 0 1 1 1 0 0 1 0 1 0 0 1 1 0 0 1 1 0 1 1 0 1 0 0 0 0 1
 0 1 0 0 1 1 0 1 1 0 1 0 1]",100,100,4
32,29.0,0.017976357999998527,"[0 0 1 1 1 0 1 0 1 0 0 1 1 1 0 0 1 0 1 0 0 1 0 0 0 1 1 1 1 1 0 1 1 1 0 0 1
 0 1 1 0 1 0 0 1 1 0 1 0 1]",100,100,4
64,23.0,0.033582128999995575,"[1 0 0 0 1 1 1 1 1 0 0 0 1 0 0 1 0 0 1 0 0 1 0 1 1 1 1 1 1 0 0 1 1 1 1 0 1
 0 1 0 1 0 0 0 1 1 1 1 0 0]",100,100,4
128,26.0,0.06176702999999861,"[1 0 1 1 0 0 1 0 0 1 0 1 1 1 1 1 1 0 1 0 1 0 0 0 1 1 0 0 0 1 1 1 0 1 0 1 1
 0 1 0 0 1 0 1 1 1 1 1 1 1]",100,100,4
256,23.0,0.10725288899999441,"[0 0 0 0 0 0 0 0 0 0 0 0 0 1 1 0 0 1 0 1 0 0 0 1 0 1 0 1 0 0 0 1 0 1 1 0 1
 0 1 1 1 1 0 0 1 1 0 0 0 1]",100,100,4
512,31.0,0.1900647599999985,"[1 1 0 1 1 1 0 1 0 0 1 0 1 1 0 0 1 0 0 0 0 1 1 0 1 0 0 0 1 1 0 1 0 1 0 0 1
 1 0 1 0 0 1 0 1 0 1 0 0 0]",100,100,4
1024,45.0,0.32306833600000573,"[0 1 0 1 1 0 1 0 1 0 1 0 1 0 1 0 1 0 1 0 1 0 1 0 1 0 1 0 1 1 0 1 0 1 0 1 0
 1 0 1 0 0 1 0 1 0 1 1 0 1]",100,100,4
2048,47.0,0.625005158999997,"[0 1 0 1 0 1 0 0 1 0 1 0 1 0 1 0 1 0 1 0 1 1 0 1 0 1 0 1 0 1 0 1 0 1 0 1 0
 1 0 1 0 1 0 1 0 1 0 1 0 1]",100,100,4
4096,48.0,1.550923455000003,"[1 0 1 0 1 0 1 0 1 0 1 0 1 0 1 0 1 1 0 1 0 1 0 1 0 1 0 1 0 1 0 1 0 1 0 1 0
 1 0 1 0 1 0 1 0 1 0 1 0 1]",100,100,4
8192,48.0,4.197185250999993,"[1 0 1 0 1 0 1 0 1 0 1 0 1 0 1 0 1 0 1 0 1 0 0 1 0 1 0 1 0 1 0 1 0 1 0 1 0
 1 0 1 0 1 0 1 0 1 0 1 0 1]",100,100,4
0,25.0,0.0002133809999946834,"[0 0 1 1 1 0 1 0 0 1 0 0 1 1 0 1 1 1 0 0 0 0 0 0 0 0 1 0 1 1 1 1 0 1 0 0 0
 0 1 0 0 1 0 0 1 0 0 1 0 1]",150,150,4
1,23.0,0.0007231259999969097,"[0 0 1 1 1 0 1 0 0 1 0 0 1 1 0 1 1 1 0 0 0 0 0 0 0 0 1 0 1 1 1 1 0 0 0 0 0
 0 1 0 0 1 0 0 1 0 0 1 0 1]",150,150,4
2,23.0,0.0012997670000061134,"[0 0 1 1 1 0 1 0 0 1 0 0 1 1 0 1 1 1 0 0 0 0 0 0 0 0 1 0 1 1 1 1 0 0 0 0 0
 0 1 0 0 1 0 0 1 1 0 1 0 1]",150,150,4
4,23.0,0.002133361000005607,"[0 0 1 1 1 0 1 0 0 1 0 0 1 1 0 0 1 0 0 0 0 0 0 0 0 0 1 0 1 1 1 1 0 0 0 0 0
 0 1 0 0 1 0 0 1 1 0 1 0 1]",150,150,4
8,25.0,0.0035153599999944163,"[0 0 1 1 1 0 1 0 0 1 0 0 1 1 0 0 1 0 0 0 0 0 1 0 0 1 1 0 1 1 0 1 0 0 0 0 0
 0 1 0 0 1 0 0 1 1 0 1 1 1]",150,150,4
16,31.0,0.006398528999994824,"[0 0 1 0 1 0 0 0 0 1 0 1 1 1 0 0 1 0 1 0 0 1 1 0 0 1 1 0 1 1 0 1 0 0 0 0 1
 0 1 0 0 1 1 0 1 1 0 1 0 1]",150,150,4
32,29.0,0.011722196000008012,"[0 0 1 1 1 0 1 0 1 0 0 1 1 1 0 0 1 0 1 0 0 1 0 0 0 1 1 1 1 1 0 1 1 1 0 0 1
 0 1 1 0 1 0 0 1 1 0 1 0 1]",150,150,4
64,23.0,0.021707650999999828,"[1 0 0 0 1 1 1 1 1 0 0 0 1 0 0 1 0 0 1 0 0 1 0 1 1 1 1 1 1 0 0 1 1 1 1 0 1
 0 1 0 1 0 0 0 1 1 1 1 0 0]",150,150,4
128,22.0,0.041820842999996444,"[1 0 1 1 0 0 1 0 0 1 0 1 1 1 1 1 1 0 1 0 1 0 0 0 1 1 0 0 0 1 1 1 0 1 0 1 1
 1 1 0 0 1 1 1 1 1 1 1 1 1]",150,150,4
256,21.0,0.08389946500000178,"[0 1 1 0 0 0 1 1 1 0 0 0 0 0 1 0 0 0 1 0 0 0 1 0 0 0 1 1 1 1 0 0 0 1 1 0 0
 1 0 0 0 1 1 1 0 0 1 0 1 1]",150,150,4
512,28.0,0.16558435999999688,"[1 0 1 1 0 1 1 0 0 0 1 0 1 0 1 0 0 1 0 0 1 1 0 1 0 0 0 1 1 1 0 0 1 0 0 1 1
 1 1 1 1 0 1 0 1 1 0 1 1 1]",150,150,4
1024,46.0,0.30084394400000747,"[1 0 1 0 1 0 1 0 1 0 1 0 1 0 1 0 1 0 1 0 1 0 0 1 0 1 1 0 1 0 1 0 1 0 1 0 1
 0 1 0 1 0 1 0 1 0 0 1 0 1]",150,150,4
2048,48.0,0.5924581250000074,"[1 0 1 0 1 0 1 0 1 0 1 0 1 0 1 0 1 0 1 0 1 0 1 0 1 0 1 0 1 0 1 0 1 0 1 1 0
 1 0 1 0 1 0 1 0 1 0 1 0 1]",150,150,4
4096,48.0,1.4046503250000058,"[1 0 1 0 1 0 1 0 1 0 1 0 1 0 1 0 1 0 1 0 1 0 1 0 0 1 0 1 0 1 0 1 0 1 0 1 0
 1 0 1 0 1 0 1 0 1 0 1 0 1]",150,150,4
8192,48.0,3.8299270419999942,"[1 0 1 0 1 0 1 0 1 0 1 0 1 0 1 0 1 1 0 1 0 1 0 1 0 1 0 1 0 1 0 1 0 1 0 1 0
 1 0 1 0 1 0 1 0 1 0 1 0 1]",150,150,4
0,25.0,0.00021314300001051834,"[0 0 1 1 1 0 1 0 0 1 0 0 1 1 0 1 1 1 0 0 0 0 0 0 0 0 1 0 1 1 1 1 0 1 0 0 0
 0 1 0 0 1 0 0 1 0 0 1 0 1]",250,250,4
1,23.0,0.0007270810000079564,"[0 0 1 1 1 0 1 0 0 1 0 0 1 1 0 1 1 1 0 0 0 0 0 0 0 0 1 0 1 1 1 1 0 0 0 0 0
 0 1 0 0 1 0 0 1 0 0 1 0 1]",250,250,4
2,23.0,0.0012874780000089459,"[0 0 1 1 1 0 1 0 0 1 0 0 1 1 0 1 1 1 0 0 0 0 0 0 0 0 1 0 1 1 1 1 0 0 0 0 0
 0 1 0 0 1 0 0 1 1 0 1 0 1]",250,250,4
4,23.0,0.002103138000009608,"[0 0 1 1 1 0 1 0 0 1 0 0 1 1 0 0 1 0 0 0 0 0 0 0 0 0 1 0 1 1 1 1 0 0 0 0 0
 0 1 0 0 1 0 0 1 1 0 1 0 1]",250,250,4
8,25.0,0.0035059980000085034,"[0 0 1 1 1 0 1 0 0 1 0 0 1 1 0 0 1 0 0 0 0 0 1 0 0 1 1 0 1 1 0 1 0 0 0 0 0
 0 1 0 0 1 0 0 1 1 0 1 1 1]",250,250,4
16,31.0,0.006063989000011816,"[0 0 1 0 1 0 0 0 0 1 0 1 1 1 0 0 1 0 1 0 0 1 1 0 0 1 1 0 1 1 0 1 0 0 0 0 1
 0 1 0 0 1 1 0 1 1 0 1 0 1]",250,250,4
32,29.0,0.011068485000009787,"[0 0 1 1 1 0 1 0 1 0 0 1 1 1 0 0 1 0 1 0 0 1 0 0 0 1 1 1 1 1 0 1 1 1 0 0 1
 0 1 1 0 1 0 0 1 1 0 1 0 1]",250,250,4
64,23.0,0.021506393000009894,"[1 0 0 0 1 1 1 1 1 0 0 0 1 0 0 1 0 0 1 0 0 1 0 1 1 1 1 1 1 0 0 1 1 1 1 0 1
 0 1 0 1 0 0 0 1 1 1 1 0 0]",250,250,4
128,22.0,0.04470770800000423,"[1 0 1 1 0 0 1 0 0 1 0 1 1 1 1 1 1 0 1 0 1 0 0 0 1 1 0 0 0 1 1 1 0 1 0 1 1
 1 1 0 0 1 1 1 1 1 1 1 1 1]",250,250,4
256,22.0,0.08819566100000031,"[0 1 1 1 0 1 0 1 1 1 0 0 0 0 1 0 1 1 1 0 1 1 1 1 1 1 1 1 0 1 0 0 1 1 1 0 0
 0 1 1 1 1 1 0 0 1 0 0 1 0]",250,250,4
512,31.0,0.1747216260000073,"[0 1 1 0 0 1 0 1 0 1 1 1 1 0 1 0 0 1 0 1 0 0 0 0 1 0 1 1 1 1 0 0 0 1 0 1 1
 1 0 1 1 1 0 1 0 1 0 1 0 1]",250,250,4
1024,47.0,0.3219552490000126,"[0 1 0 1 0 0 1 0 1 0 1 0 1 0 1 0 1 0 1 0 1 0 1 0 1 0 1 0 1 0 1 0 1 0 1 0 1
 0 1 0 1 1 0 1 0 1 0 1 0 1]",250,250,4
2048,49.0,0.4579430140000085,"[1 0 1 0 1 0 1 0 1 0 1 0 1 0 1 0 1 0 1 0 1 0 1 0 1 0 1 0 1 0 1 0 1 0 1 0 1
 0 1 0 1 0 1 0 1 0 1 0 1 0]",250,250,4
4096,49.0,0.4579430140000085,"[1 0 1 0 1 0 1 0 1 0 1 0 1 0 1 0 1 0 1 0 1 0 1 0 1 0 1 0 1 0 1 0 1 0 1 0 1
 0 1 0 1 0 1 0 1 0 1 0 1 0]",250,250,4
8192,49.0,0.4579430140000085,"[1 0 1 0 1 0 1 0 1 0 1 0 1 0 1 0 1 0 1 0 1 0 1 0 1 0 1 0 1 0 1 0 1 0 1 0 1
 0 1 0 1 0 1 0 1 0 1 0 1 0]",250,250,4
0,25.0,0.0001985520000005181,"[0 0 1 1 1 0 1 0 0 1 0 0 1 1 0 1 1 1 0 0 0 0 0 0 0 0 1 0 1 1 1 1 0 1 0 0 0
 0 1 0 0 1 0 0 1 0 0 1 0 1]",300,300,4
1,23.0,0.0006928549999969391,"[0 0 1 1 1 0 1 0 0 1 0 0 1 1 0 1 1 1 0 0 0 0 0 0 0 0 1 0 1 1 1 1 0 0 0 0 0
 0 1 0 0 1 0 0 1 0 0 1 0 1]",300,300,4
2,23.0,0.0014097939999970777,"[0 0 1 1 1 0 1 0 0 1 0 0 1 1 0 1 1 1 0 0 0 0 0 0 0 0 1 0 1 1 1 1 0 0 0 0 0
 0 1 0 0 1 0 0 1 1 0 1 0 1]",300,300,4
4,23.0,0.0022224100000016733,"[0 0 1 1 1 0 1 0 0 1 0 0 1 1 0 0 1 0 0 0 0 0 0 0 0 0 1 0 1 1 1 1 0 0 0 0 0
 0 1 0 0 1 0 0 1 1 0 1 0 1]",300,300,4
8,25.0,0.0036036349999903905,"[0 0 1 1 1 0 1 0 0 1 0 0 1 1 0 0 1 0 0 0 0 0 1 0 0 1 1 0 1 1 0 1 0 0 0 0 0
 0 1 0 0 1 0 0 1 1 0 1 1 1]",300,300,4
16,31.0,0.006666191999997295,"[0 0 1 0 1 0 0 0 0 1 0 1 1 1 0 0 1 0 1 0 0 1 1 0 0 1 1 0 1 1 0 1 0 0 0 0 1
 0 1 0 0 1 1 0 1 1 0 1 0 1]",300,300,4
32,29.0,0.012272201000001814,"[0 0 1 1 1 0 1 0 1 0 0 1 1 1 0 0 1 0 1 0 0 1 0 0 0 1 1 1 1 1 0 1 1 1 0 0 1
 0 1 1 0 1 0 0 1 1 0 1 0 1]",300,300,4
64,23.0,0.022660778000002324,"[1 0 0 0 1 1 1 1 1 0 0 0 1 0 0 1 0 0 1 0 0 1 0 1 1 1 1 1 1 0 0 1 1 1 1 0 1
 0 1 0 1 0 0 0 1 1 1 1 0 0]",300,300,4
128,22.0,0.062610645999996,"[1 0 1 1 0 0 1 0 0 1 0 1 1 1 1 1 1 0 1 0 1 0 0 0 1 1 0 0 0 1 1 1 0 1 0 1 1
 1 1 0 0 1 1 1 1 1 1 1 1 1]",300,300,4
256,22.0,0.11430240500000366,"[0 1 1 1 0 1 0 1 1 1 0 0 0 0 1 0 1 1 1 0 1 1 1 1 1 1 1 1 0 1 0 0 1 1 1 0 0
 0 1 1 1 1 1 0 0 1 0 0 1 0]",300,300,4
512,27.0,0.2066494390000031,"[0 1 0 0 1 1 0 0 0 1 0 0 1 1 0 1 1 0 1 0 1 0 0 1 0 1 0 1 0 1 0 0 0 1 1 1 1
 0 0 1 1 1 1 0 0 0 0 1 1 1]",300,300,4
1024,46.0,0.3494496550000008,"[0 1 0 1 0 1 0 1 0 1 0 1 0 1 0 0 1 0 1 0 1 0 1 1 0 1 0 1 0 1 0 1 1 0 1 0 1
 0 1 0 1 0 1 0 1 0 1 0 1 0]",300,300,4
2048,46.0,0.6721379020000029,"[0 1 0 1 0 1 0 1 0 1 0 1 0 1 0 0 1 0 1 0 1 0 0 1 0 1 0 1 0 1 0 1 0 1 0 1 0
 1 0 1 0 1 1 0 1 0 1 0 1 0]",300,300,4
4096,46.0,1.508017272999993,"[0 1 0 1 0 1 0 1 0 1 0 1 0 1 0 1 0 1 0 1 1 0 1 0 1 0 1 1 0 1 0 1 0 1 0 1 0
 1 0 1 0 1 0 1 1 0 1 0 1 0]",300,300,4
8192,47.0,4.030084787999996,"[0 1 0 1 0 1 0 0 1 0 1 0 1 0 1 0 1 0 1 0 1 0 1 0 0 1 0 1 0 1 0 1 0 1 0 1 0
 1 0 1 0 1 0 1 0 1 0 1 0 1]",300,300,4
