episode,epsilon,terminal_reward,cum_discounted_rewards,episode_tot_rewards,avg_reward,avg_delta_reward,gamma,alpha,episode_time,accumulated_time,num_exploitation,num_exploration,done?,steps_before_done,state_size,decay_rate,decay_type
0,0.5,-1.0,-1.6971062909090937,-1.7,-0.15454545454545454,-0.15454545454545454,0.999,0.8,0.00041294097900390625,0.00041294097900390625,6,5,True,10,900,0.999,1
100,0.4523960735568548,-1.0,-1.0999,-1.1,-0.15714285714285717,0.0,0.999,0.8,0.0001990795135498047,0.0823214054107666,3,4,True,6,900,0.999,1
200,0.409324414739318,-1.0,-1.8819848476651238,-1.9,-0.038,0.0,0.999,0.8,0.0013930797576904297,0.2464597225189209,28,22,True,49,900,0.999,1
300,0.37035351607804984,-1.0,-1.2986037934074943,-1.3,-0.08666666666666667,0.0,0.999,0.8,0.0004086494445800781,0.3749091625213623,7,8,True,14,900,0.999,1
400,0.33509295300337016,-1.0,-4.223858499472444,-4.600000000000001,-0.023000000000000003,-5.23192600354605e-17,0.999,0.8,0.005977153778076172,0.5363669395446777,135,65,True,199,900,0.999,1
500,0.3031894724305924,-1.0,-1.9672414431562442,-2.0,-0.024096385542168676,-8.557096142780551e-10,0.999,0.8,0.001934051513671875,0.7196130752563477,63,20,True,82,900,0.999,1
600,0.27432345374274825,-1.0,-2.5317312346467267,-2.7,-0.016071428571428573,0.0,0.999,0.8,0.00418400764465332,0.9712393283843994,128,40,True,167,900,0.999,1
700,0.24820570671554945,-1.0,-2.140349270813519,-2.2,-0.019819819819819822,0.0,0.999,0.8,0.0026679039001464844,1.2686951160430908,81,30,True,110,900,0.999,1
800,0.2245745743050374,-1.0,-4.701589723492559,-5.4,-0.01758957654723127,0.0,0.999,0.8,0.008675098419189453,1.6597089767456055,237,70,True,306,900,0.999,1
900,0.20319331127260196,0.0,-4.109470027135596,-5.399999999999997,-0.0108,-1.1102230246251566e-19,0.999,0.8,0.014915227890014648,2.081747055053711,393,107,False,499,900,0.999,1
1000,0.18384771238548175,-1.0,-1.2918619841820362,-1.3,-0.025490196078431372,0.0,0.999,0.8,0.0011332035064697266,2.654557704925537,44,7,True,50,900,0.999,1
1100,0.16634396643120383,-1.0,-2.7316194428822387,-2.9000000000000004,-0.01288888888888889,0.0,0.999,0.8,0.005548954010009766,3.2923665046691895,183,42,True,224,900,0.999,1
1200,0.1505067145466996,-1.0,-1.5808492859550611,-1.6,-0.02,0.0,0.999,0.8,0.0028009414672851562,3.8984220027923584,69,11,True,79,900,0.999,1
1300,0.13617729340973853,-1.0,-1.9375734062910115,-2.0,-0.008810572687224669,0.0,0.999,0.8,0.005032062530517578,4.527571678161621,206,21,True,226,900,0.999,1
1400,0.12321214569233088,0.0,-2.4050471592687233,-3.1000000000000014,-0.0062,0.0,0.999,0.8,0.012006998062133789,5.246435642242432,443,57,False,499,900,0.999,1
1500,0.11148138185145114,0.0,-2.6051500582721876,-3.3000000000000016,-0.0066,0.0,0.999,0.8,0.01557302474975586,6.083318471908569,443,57,False,499,900,0.999,1
1600,0.10086747884857773,-1.0,-2.9161759748041476,-3.3000000000000007,-0.009090909090909092,0.0,0.999,0.8,0.008692026138305664,7.028135299682617,324,39,True,362,900,0.999,1
1700,0.09126410276135123,-1.0,-1.199202096503498,-1.2,-0.05217391304347826,0.0,0.999,0.8,0.0005390644073486328,7.88839316368103,18,5,True,22,900,0.999,1
1800,0.0825750434918492,-1.0,-1.2957609472071963,-1.3,-0.023636363636363636,0.0,0.999,0.8,0.0011730194091796875,8.742810726165771,50,5,True,54,900,0.999,1
1900,0.07471325089899807,0.0,-1.4378748071203928,-1.7000000000000004,-0.0034,0.0,0.999,0.8,0.010432004928588867,9.643587827682495,467,33,False,499,900,0.999,1
2000,0.0675999626987497,0.0,-1.0687190943278924,-1.4000000000000001,-0.0028000000000000004,0.0,0.999,0.8,0.010540962219238281,10.561692237854004,466,34,False,499,900,0.999,1
2100,0.06116391539500838,0.0,-1.1403965120194368,-1.5000000000000002,-0.003,0.0,0.999,0.8,0.01064300537109375,11.541677713394165,466,34,False,499,900,0.999,1
2200,0.05534063033613089,0.0,-0.827274233485355,-0.9999999999999999,-0.002,0.0,0.999,0.8,0.010691165924072266,12.541874647140503,480,20,False,499,900,0.999,1
2300,0.05007176774445391,0.0,-0.3869400027952395,-0.5,-0.001,0.0,0.999,0.8,0.010216951370239258,13.498826265335083,487,13,False,499,900,0.999,1
2400,0.045304542247283426,0.0,-0.9290518358676828,-1.2,-0.0024,0.0,0.999,0.8,0.010356903076171875,14.48981499671936,478,22,False,499,900,0.999,1
2500,0.040991194053923305,0.0,-0.855280825191271,-1.0999999999999999,-0.0022,0.0,0.999,0.8,0.010825872421264648,15.475616931915283,480,20,False,499,900,0.999,1
2600,0.03708851048080394,-1.0,-1.5438867399197314,-1.7,-0.003497942386831276,0.0,0.999,0.8,0.010396003723144531,16.47378945350647,467,19,True,485,900,0.999,1
2700,0.03355739303117593,0.0,-0.6850116565130174,-0.8999999999999999,-0.0018,0.0,0.999,0.8,0.010664939880371094,17.46565079689026,483,17,False,499,900,0.999,1
2800,0.030362465692216303,0.0,-0.3128999552602503,-0.4,-0.0008,0.0,0.999,0.8,0.010216951370239258,18.44806981086731,488,12,False,499,900,0.999,1
2900,0.027471720525326725,0.0,-0.7919741229644318,-0.9999999999999999,-0.002,0.0,0.999,0.8,0.010157108306884766,19.453800201416016,487,13,False,499,900,0.999,1
3000,0.024856196999018126,0.0,-0.30003504107941165,-0.4,-0.0008,0.0,0.999,0.8,0.010039091110229492,20.451776266098022,492,8,False,499,900,0.999,1
3100,0.022489691851822948,0.0,-0.22382426617157655,-0.30000000000000004,-0.0006000000000000001,0.0,0.999,0.8,0.010268926620483398,21.486051321029663,489,11,False,499,900,0.999,1
3200,0.020348496578536573,0.0,-0.5361296900129581,-0.7,-0.0014000000000000002,0.0,0.999,0.8,0.010189056396484375,22.51113796234131,488,12,False,499,900,0.999,1
3300,0.018411159909830062,0.0,-0.21332395250278133,-0.30000000000000004,-0.0006000000000000001,0.0,0.999,0.8,0.010297060012817383,23.54395079612732,495,5,False,499,900,0.999,1
3400,0.016658272905668976,0.0,-0.38648205205705216,-0.5,-0.001,0.0,0.999,0.8,0.010307073593139648,24.57164216041565,491,9,False,499,900,0.999,1
3500,0.015072274509526362,0.0,-0.42506604853676555,-0.5,-0.001,0.0,0.999,0.8,0.010903120040893555,25.608813285827637,492,8,False,499,900,0.999,1
3600,0.013637275615361578,0.0,-0.5529126514255857,-0.7,-0.0014000000000000002,0.0,0.999,0.8,0.010385274887084961,26.62515616416931,487,13,False,499,900,0.999,1
3700,0.012338899884804437,0.0,-0.2579483258573645,-0.30000000000000004,-0.0006000000000000001,0.0,0.999,0.8,0.010291099548339844,27.649524211883545,494,6,False,499,900,0.999,1
3800,0.011164139719793303,0.0,-0.39636217708627564,-0.5,-0.001,0.0,0.999,0.8,0.01029515266418457,28.672407388687134,491,9,False,499,900,0.999,1
3900,0.010101225947749214,0.0,-0.08469758853683541,-0.1,-0.0002,0.0,0.999,0.8,0.01009821891784668,29.69642663002014,497,3,False,499,900,0.999,1
4000,0.009139509913744723,0.0,0.0,0.0,0.0,0.0,0.999,0.8,0.010040044784545898,30.71996831893921,500,0,False,499,900,0.999,1
4100,0.008269356798424112,0.0,-0.07296738648992795,-0.1,-0.0002,0.0,0.999,0.8,0.010419845581054688,31.731983423233032,496,4,False,499,900,0.999,1
4200,0.007482049092895501,0.0,-0.08859803203984777,-0.1,-0.0002,0.0,0.999,0.8,0.011426925659179688,32.76250624656677,499,1,False,499,900,0.999,1
4300,0.006769699263571101,0.0,-0.08211096960588338,-0.1,-0.0002,0.0,0.999,0.8,0.01025700569152832,33.79571175575256,497,3,False,499,900,0.999,1
4400,0.006125170732000594,0.0,-0.2209087998016828,-0.30000000000000004,-0.0006000000000000001,0.0,0.999,0.8,0.01032710075378418,34.81729769706726,494,6,False,499,900,0.999,1
4500,0.005542006378044867,0.0,0.0,0.0,0.0,0.0,0.999,0.8,0.010251045227050781,35.8423056602478,496,4,False,499,900,0.999,1
4600,0.005014363850109088,0.0,-0.09111511025165898,-0.1,-0.0002,0.0,0.999,0.8,0.010231971740722656,36.86436676979065,496,4,False,499,900,0.999,1
4700,0.004536957034349567,0.0,0.0,0.0,0.0,0.0,0.999,0.8,0.010226011276245117,37.88696646690369,498,2,False,499,900,0.999,1
4800,0.004105003096471789,0.0,-0.20263205346893418,-0.30000000000000004,-0.0006000000000000001,0.0,0.999,0.8,0.010411977767944336,38.90417742729187,496,4,False,499,900,0.999,1
4900,0.003714174565565133,0.0,-0.15914924074446068,-0.2,-0.0004,0.0,0.999,0.8,0.010198593139648438,39.92468333244324,498,2,False,499,900,0.999,1
5000,0.0033605559799328036,0.0,0.0,0.0,0.0,0.0,0.999,0.8,0.01018524169921875,40.937156200408936,500,0,False,499,900,0.999,1
5100,0.003040604660579215,0.0,0.0,0.0,0.0,0.0,0.999,0.8,0.010309934616088867,41.95837187767029,498,2,False,499,900,0.999,1
5200,0.00275111521936942,0.0,0.0,0.0,0.0,0.0,0.999,0.8,0.009879589080810547,42.981112003326416,500,0,False,499,900,0.999,1
5300,0.002489187446290459,0.0,-0.07031562730010353,-0.1,-0.0002,0.0,0.999,0.8,0.01009821891784668,43.98993539810181,498,2,False,499,900,0.999,1
5400,0.002252197254097634,0.0,0.0,0.0,0.0,0.0,0.999,0.8,0.009852170944213867,44.99947714805603,500,0,False,499,900,0.999,1
5500,0.0020377703892585967,0.0,0.0,0.0,0.0,0.0,0.999,0.8,0.010184049606323242,46.01745080947876,500,0,False,499,900,0.999,1
5600,0.0018437586458220246,0.0,0.0,0.0,0.0,0.0,0.999,0.8,0.009972095489501953,47.04150724411011,500,0,False,499,900,0.999,1
5700,0.0016682183439127737,0.0,0.0,0.0,0.0,0.0,0.999,0.8,0.010017156600952148,48.060041427612305,499,1,False,499,900,0.999,1
5800,0.0015093908572433154,0.0,0.0,0.0,0.0,0.0,0.999,0.8,0.010126113891601562,49.077322244644165,499,1,False,499,900,0.999,1
5900,0.0013656849945589814,0.0,0.0,0.0,0.0,0.0,0.999,0.8,0.010161161422729492,50.095787525177,499,1,False,499,900,0.999,1
6000,0.001235661058507995,0.0,0.0,0.0,0.0,0.0,0.999,0.8,0.010278940200805664,51.11308479309082,499,1,False,499,900,0.999,1
6100,0.001118016422232247,0.0,0.0,0.0,0.0,0.0,0.999,0.8,0.010168075561523438,52.12452793121338,500,0,False,499,900,0.999,1
6200,0.0010115724791799016,0.0,-0.0800826408357437,-0.1,-0.0002,0.0,0.999,0.8,0.010165929794311523,53.142101764678955,499,1,False,499,900,0.999,1
6300,0.0009152628353983202,0.0,0.0,0.0,0.0,0.0,0.999,0.8,0.010041952133178711,54.15311145782471,500,0,False,499,900,0.999,1
6400,0.0008281226260134272,0.0,0.0,0.0,0.0,0.0,0.999,0.8,0.010118961334228516,55.17055702209473,500,0,False,499,900,0.999,1
6500,0.0007492788488641317,0.0,0.0,0.0,0.0,0.0,0.999,0.8,0.009923696517944336,56.18426704406738,500,0,False,499,900,0.999,1
6600,0.0006779416184506652,0.0,-0.07059759437435448,-0.1,-0.0002,0.0,0.999,0.8,0.010273933410644531,57.199312686920166,499,1,False,499,900,0.999,1
6700,0.0006133962525757197,0.0,0.0,0.0,0.0,0.0,0.999,0.8,0.010006904602050781,58.20559573173523,500,0,False,499,900,0.999,1
6800,0.0005549961123994881,0.0,0.0,0.0,0.0,0.0,0.999,0.8,0.010079145431518555,59.22864365577698,499,1,False,499,900,0.999,1
6900,0.0005021561241776941,0.0,0.0,0.0,0.0,0.0,0.999,0.8,0.010413169860839844,60.240530014038086,500,0,False,499,900,0.999,1
7000,0.0004543469177810337,0.0,0.0,0.0,0.0,0.0,0.999,0.8,0.010181903839111328,61.24981737136841,500,0,False,499,900,0.999,1
7100,0.0004110895232735972,0.0,0.0,0.0,0.0,0.0,0.999,0.8,0.010171175003051758,62.268648624420166,500,0,False,499,900,0.999,1
7200,0.00037195057241866934,0.0,0.0,0.0,0.0,0.0,0.999,0.8,0.010145187377929688,63.29066872596741,500,0,False,499,900,0.999,1
7300,0.0003365379570388609,0.0,0.0,0.0,0.0,0.0,0.999,0.8,0.010163068771362305,64.3083701133728,500,0,False,499,900,0.999,1
7400,0.0003044969007344524,0.0,0.0,0.0,0.0,0.0,0.999,0.8,0.010098934173583984,65.32401466369629,499,1,False,499,900,0.999,1
7500,0.0002755064046049951,0.0,0.0,0.0,0.0,0.0,0.999,0.8,0.01032114028930664,66.34674644470215,500,0,False,499,900,0.999,1
7600,0.00024927603136613174,0.0,0.0,0.0,0.0,0.0,0.999,0.8,0.010035037994384766,67.37282133102417,499,1,False,499,900,0.999,1
7700,0.00022554299564374647,0.0,0.0,0.0,0.0,0.0,0.999,0.8,0.010276079177856445,68.38391351699829,500,0,False,499,900,0.999,1
7800,0.0002040695312949633,0.0,0.0,0.0,0.0,0.0,0.999,0.8,0.01015925407409668,69.39416480064392,500,0,False,499,900,0.999,1
7900,0.00018464050938085807,0.0,0.0,0.0,0.0,0.0,0.999,0.8,0.010022163391113281,70.4084985256195,500,0,False,499,900,0.999,1
8000,0.00016706128292687556,0.0,0.0,0.0,0.0,0.0,0.999,0.8,0.01011204719543457,71.41609239578247,500,0,False,499,900,0.999,1
8100,0.0001511557368789785,0.0,0.0,0.0,0.0,0.0,0.999,0.8,0.010130882263183594,72.4249792098999,500,0,False,499,900,0.999,1
8200,0.00013676452371928598,0.0,0.0,0.0,0.0,0.0,0.999,0.8,0.009979963302612305,73.43201541900635,500,0,False,499,900,0.999,1
8300,0.00012374346706495653,0.0,0.0,0.0,0.0,0.0,0.999,0.8,0.010074138641357422,74.45093417167664,500,0,False,499,900,0.999,1
8400,0.0001119621172569965,0.0,0.0,0.0,0.0,0.0,0.999,0.8,0.010042905807495117,75.46957302093506,500,0,False,499,900,0.999,1
8500,0.00010130244446835463,0.0,0.0,0.0,0.0,0.0,0.999,0.8,0.010097026824951172,76.4883828163147,500,0,False,499,900,0.999,1
8600,9.165765623838988e-05,0.0,0.0,0.0,0.0,0.0,0.999,0.8,0.010123014450073242,77.50165891647339,500,0,False,499,900,0.999,1
8700,8.293112758734299e-05,0.0,0.0,0.0,0.0,0.0,0.999,0.8,0.010053873062133789,78.52199029922485,500,0,False,499,900,0.999,1
8800,7.503543299231305e-05,0.0,0.0,0.0,0.0,0.0,0.999,0.8,0.00978708267211914,79.54172086715698,500,0,False,499,900,0.999,1
8900,6.789147052672177e-05,0.0,0.0,0.0,0.0,0.0,0.999,0.8,0.010036945343017578,80.55111408233643,500,0,False,499,900,0.999,1
9000,6.142766938857965e-05,0.0,0.0,0.0,0.0,0.0,0.999,0.8,0.010159015655517578,81.57236933708191,500,0,False,499,900,0.999,1
9100,5.557927287828407e-05,0.0,0.0,0.0,0.0,0.0,0.999,0.8,0.010027647018432617,82.59508514404297,500,0,False,499,900,0.999,1
9200,5.028768964256137e-05,0.0,0.0,0.0,0.0,0.0,0.999,0.8,0.010164022445678711,83.61192917823792,500,0,False,499,900,0.999,1
9300,4.5499906685080896e-05,0.0,0.0,0.0,0.0,0.0,0.999,0.8,0.010163307189941406,84.63752126693726,500,0,False,499,900,0.999,1
9400,4.116795826306769e-05,0.0,0.0,0.0,0.0,0.0,0.999,0.8,0.010281085968017578,85.65085577964783,500,0,False,499,900,0.999,1
9500,3.7248445349128574e-05,0.0,0.0,0.0,0.0,0.0,0.999,0.8,0.01009225845336914,86.66738963127136,500,0,False,499,900,0.999,1
9600,3.370210084408567e-05,0.0,0.0,0.0,0.0,0.0,0.999,0.8,0.010567903518676758,87.6813952922821,500,0,False,499,900,0.999,1
9700,3.0493396184963014e-05,0.0,0.0,0.0,0.0,0.0,0.999,0.8,0.010188817977905273,88.6880030632019,500,0,False,499,900,0.999,1
9800,2.7590185406981663e-05,0.0,0.0,0.0,0.0,0.0,0.999,0.8,0.010186910629272461,89.70710372924805,500,0,False,499,900,0.999,1
9900,2.4963383093648256e-05,0.0,0.0,0.0,0.0,0.0,0.999,0.8,0.010382890701293945,90.72456741333008,500,0,False,499,900,0.999,1
10000,2.2586672988524057e-05,0.0,0.0,0.0,0.0,0.0,0.999,0.8,0.010057926177978516,91.74382996559143,500,0,False,499,900,0.999,1
10100,2.0436244349441897e-05,0.0,0.0,0.0,0.0,0.0,0.999,0.8,0.01005411148071289,92.75554513931274,500,0,False,499,900,0.999,1
10200,1.8490553403871923e-05,0.0,0.0,0.0,0.0,0.0,0.999,0.8,0.010080099105834961,93.76710033416748,500,0,False,499,900,0.999,1
10300,1.673010751560998e-05,0.0,0.0,0.0,0.0,0.0,0.999,0.8,0.009956836700439453,94.77949810028076,500,0,False,499,900,0.999,1
10400,1.5137269900491963e-05,0.0,0.0,0.0,0.0,0.0,0.999,0.8,0.010111093521118164,95.78970789909363,500,0,False,499,900,0.999,1
10500,1.3696082934705848e-05,0.0,0.0,0.0,0.0,0.0,0.999,0.8,0.010215997695922852,96.80270719528198,500,0,False,499,900,0.999,1
10600,1.2392108285539938e-05,0.0,0.0,0.0,0.0,0.0,0.999,0.8,0.010120153427124023,97.81438732147217,500,0,False,499,900,0.999,1
10700,1.1212282262939266e-05,0.0,0.0,0.0,0.0,0.0,0.999,0.8,0.010162115097045898,98.83441472053528,500,0,False,499,900,0.999,1
10800,1.0144784942729777e-05,0.0,0.0,0.0,0.0,0.0,0.999,0.8,0.010005950927734375,99.84711980819702,500,0,False,499,900,0.999,1
10900,9.178921750339298e-06,0.0,0.0,0.0,0.0,0.0,0.999,0.8,0.010087251663208008,100.86352133750916,500,0,False,499,900,0.999,1
11000,8.305016318678218e-06,0.0,0.0,0.0,0.0,0.0,0.999,0.8,0.010166168212890625,101.88200449943542,500,0,False,499,900,0.999,1
11100,7.514313546791256e-06,0.0,-0.06155478087077634,-0.1,-0.0002,0.0,0.999,0.8,0.010208845138549805,102.90007090568542,499,1,False,499,900,0.999,1
11200,6.7988918880868925e-06,0.0,0.0,0.0,0.0,0.0,0.999,0.8,0.010122060775756836,103.91707873344421,500,0,False,499,900,0.999,1
11300,6.1515839894161184e-06,0.0,0.0,0.0,0.0,0.0,0.999,0.8,0.010070085525512695,104.92633509635925,500,0,False,499,900,0.999,1
11400,5.5659048859341285e-06,0.0,0.0,0.0,0.0,0.0,0.999,0.8,0.010156869888305664,105.92945528030396,500,0,False,499,900,0.999,1
11500,5.03598703237502e-06,0.0,0.0,0.0,0.0,0.0,0.999,0.8,0.009945154190063477,106.93636989593506,500,0,False,499,900,0.999,1
11600,4.556521519859394e-06,0.0,0.0,0.0,0.0,0.0,0.999,0.8,0.009860038757324219,107.93842554092407,500,0,False,499,900,0.999,1
11700,4.122704889323404e-06,0.0,0.0,0.0,0.0,0.0,0.999,0.8,0.009937047958374023,108.9408187866211,500,0,False,499,900,0.999,1
11800,3.73019100872711e-06,0.0,0.0,0.0,0.0,0.0,0.999,0.8,0.010046958923339844,109.94848585128784,500,0,False,499,900,0.999,1
11900,3.375047531930453e-06,0.0,0.0,0.0,0.0,0.0,0.999,0.8,0.010064125061035156,110.96531367301941,500,0,False,499,900,0.999,1
12000,3.053716503026179e-06,0.0,0.0,0.0,0.0,0.0,0.999,0.8,0.010087966918945312,111.97736859321594,500,0,False,499,900,0.999,1
12100,2.762978711449623e-06,0.0,0.0,0.0,0.0,0.0,0.999,0.8,0.01008296012878418,112.98393726348877,500,0,False,499,900,0.999,1
12200,2.4999214407619725e-06,0.0,0.0,0.0,0.0,0.0,0.999,0.8,0.010315179824829102,114.00137686729431,500,0,False,499,900,0.999,1
12300,2.2619092880026234e-06,0.0,0.0,0.0,0.0,0.0,0.999,0.8,0.010251045227050781,115.016282081604,500,0,False,499,900,0.999,1
12400,2.046557761268333e-06,0.0,0.0,0.0,0.0,0.0,0.999,0.8,0.009826183319091797,116.02354884147644,500,0,False,499,900,0.999,1
12500,1.8517093910102007e-06,0.0,0.0,0.0,0.0,0.0,0.999,0.8,0.01028299331665039,117.0346360206604,500,0,False,499,900,0.999,1
12600,1.6754121157227375e-06,0.0,0.0,0.0,0.0,0.0,0.999,0.8,0.00983572006225586,118.04942917823792,500,0,False,499,900,0.999,1
12700,1.5158997254850982e-06,0.0,0.0,0.0,0.0,0.0,0.999,0.8,0.010031938552856445,119.05894613265991,500,0,False,499,900,0.999,1
12800,1.371574167430745e-06,0.0,0.0,0.0,0.0,0.0,0.999,0.8,0.009930849075317383,120.07147812843323,500,0,False,499,900,0.999,1
12900,1.2409895358753627e-06,0.0,0.0,0.0,0.0,0.0,0.999,0.8,0.010082006454467773,121.07318043708801,500,0,False,499,900,0.999,1
13000,1.1228375867103143e-06,0.0,0.0,0.0,0.0,0.0,0.999,0.8,0.010165929794311523,122.08092331886292,500,0,False,499,900,0.999,1
13100,1.0159346309396004e-06,0.0,0.0,0.0,0.0,0.0,0.999,0.8,0.010018110275268555,123.08180952072144,500,0,False,499,900,0.999,1
13200,9.19209676055015e-07,0.0,0.0,0.0,0.0,0.0,0.999,0.8,0.01005411148071289,124.0884039402008,500,0,False,499,900,0.999,1
13300,8.316936964455134e-07,0.0,0.0,0.0,0.0,0.0,0.999,0.8,0.01006317138671875,125.09816670417786,500,0,False,499,900,0.999,1
13400,7.525099253478731e-07,0.0,0.0,0.0,0.0,0.0,0.999,0.8,0.010066986083984375,126.10833549499512,500,0,False,499,900,0.999,1
13500,6.808650710798791e-07,0.0,0.0,0.0,0.0,0.0,0.999,0.8,0.010039806365966797,127.11805987358093,500,0,False,499,900,0.999,1
13600,6.160413695570914e-07,0.0,0.0,0.0,0.0,0.0,0.999,0.8,0.010391950607299805,128.19960021972656,500,0,False,499,900,0.999,1
13700,5.573893934724303e-07,0.0,0.0,0.0,0.0,0.0,0.999,0.8,0.010071992874145508,129.21758365631104,500,0,False,499,900,0.999,1
13800,5.043215460983276e-07,0.0,0.0,0.0,0.0,0.0,0.999,0.8,0.010616064071655273,130.23639345169067,500,0,False,499,900,0.999,1
13900,4.563061745300112e-07,0.0,0.0,0.0,0.0,0.0,0.999,0.8,0.010142087936401367,131.265150308609,500,0,False,499,900,0.999,1
14000,4.128622433942517e-07,0.0,0.0,0.0,0.0,0.0,0.999,0.8,0.010146141052246094,132.28492641448975,500,0,False,499,900,0.999,1
14100,3.7355451566286747e-07,0.0,0.0,0.0,0.0,0.0,0.999,0.8,0.010098934173583984,133.30733942985535,500,0,False,499,900,0.999,1
14200,3.3798919229062744e-07,0.0,0.0,0.0,0.0,0.0,0.999,0.8,0.01009678840637207,134.33104300498962,500,0,False,499,900,0.999,1
14300,3.0580996699386494e-07,0.0,0.0,0.0,0.0,0.0,0.999,0.8,0.011720895767211914,135.35563445091248,500,0,False,499,900,0.999,1
14400,2.766944566451514e-07,0.0,0.0,0.0,0.0,0.0,0.999,0.8,0.010164976119995117,136.36773586273193,500,0,False,499,900,0.999,1
14500,2.5035097152242747e-07,0.0,0.0,0.0,0.0,0.0,0.999,0.8,0.011739253997802734,137.378897190094,500,0,False,499,900,0.999,1
14600,2.2651559305578032e-07,0.0,0.0,0.0,0.0,0.0,0.999,0.8,0.010336875915527344,138.39569854736328,500,0,False,499,900,0.999,1
14700,2.0494952979567449e-07,0.0,0.0,0.0,0.0,0.0,0.999,0.8,0.010080575942993164,139.4267897605896,500,0,False,499,900,0.999,1
14800,1.854367251137734e-07,0.0,0.0,0.0,0.0,0.0,0.999,0.8,0.010065078735351562,140.43998908996582,500,0,False,499,900,0.999,1
14900,1.6778169266942576e-07,0.0,0.0,0.0,0.0,0.0,0.999,0.8,0.010164976119995117,141.4520082473755,500,0,False,499,900,0.999,1
15000,1.518075579567422e-07,0.0,0.0,0.0,0.0,0.0,0.999,0.8,0.010331153869628906,142.47182202339172,500,0,False,499,900,0.999,1
15100,1.373542863117696e-07,0.0,0.0,0.0,0.0,0.0,0.999,0.8,0.010060787200927734,143.47774696350098,500,0,False,499,900,0.999,1
15200,1.2427707962729708e-07,0.0,0.0,0.0,0.0,0.0,0.999,0.8,0.010059118270874023,144.4976954460144,500,0,False,499,900,0.999,1
15300,1.1244492571300355e-07,0.0,0.0,0.0,0.0,0.0,0.999,0.8,0.010148286819458008,145.50921392440796,500,0,False,499,900,0.999,1
15400,1.0173928576791002e-07,0.0,0.0,0.0,0.0,0.0,0.999,0.8,0.010152101516723633,146.5273084640503,500,0,False,499,900,0.999,1
15500,9.20529068157625e-08,0.0,0.0,0.0,0.0,0.0,0.999,0.8,0.01001596450805664,147.54352951049805,500,0,False,499,900,0.999,1
15600,8.328874720589192e-08,0.0,0.0,0.0,0.0,0.0,0.999,0.8,0.010224103927612305,148.5625035762787,500,0,False,499,900,0.999,1
15700,7.53590044148299e-08,0.0,0.0,0.0,0.0,0.0,0.999,0.8,0.010053873062133789,149.5718710422516,500,0,False,499,900,0.999,1
15800,6.818423540884547e-08,0.0,0.0,0.0,0.0,0.0,0.999,0.8,0.009972095489501953,150.58031177520752,500,0,False,499,900,0.999,1
15900,6.169256075487587e-08,0.0,0.0,0.0,0.0,0.0,0.999,0.8,0.009905815124511719,151.58152985572815,500,0,False,499,900,0.999,1
16000,5.5818944506347105e-08,0.0,0.0,0.0,0.0,0.0,0.999,0.8,0.01008915901184082,152.5884861946106,500,0,False,499,900,0.999,1
16100,5.050454264951875e-08,0.0,0.0,0.0,0.0,0.0,0.999,0.8,0.010190010070800781,153.59689211845398,500,0,False,499,900,0.999,1
16200,4.5696113582853986e-08,0.0,0.0,0.0,0.0,0.0,0.999,0.8,0.010261058807373047,154.6125156879425,500,0,False,499,900,0.999,1
16300,4.134548472338234e-08,0.0,0.0,0.0,0.0,0.0,0.999,0.8,0.010153055191040039,155.62558579444885,500,0,False,499,900,0.999,1
16400,3.7409069896326175e-08,0.0,0.0,0.0,0.0,0.0,0.999,0.8,0.010031938552856445,156.62476873397827,500,0,False,499,900,0.999,1
16500,3.384743267302376e-08,0.0,0.0,0.0,0.0,0.0,0.999,0.8,0.010236263275146484,157.63875818252563,500,0,False,499,900,0.999,1
16600,3.062489128251186e-08,0.0,0.0,0.0,0.0,0.0,0.999,0.8,0.010311365127563477,158.65503311157227,500,0,False,499,900,0.999,1
16700,2.770916113862782e-08,0.0,0.0,0.0,0.0,0.0,0.999,0.8,0.009981870651245117,159.6646909713745,500,0,False,499,900,0.999,1
16800,2.5071031401338818e-08,0.0,0.0,0.0,0.0,0.0,0.999,0.8,0.010013818740844727,160.67346739768982,500,0,False,499,900,0.999,1
16900,2.2684072331972564e-08,0.0,0.0,0.0,0.0,0.0,0.999,0.8,0.010564804077148438,161.68702006340027,500,0,False,499,900,0.999,1
17000,2.0524370510528156e-08,0.0,0.0,0.0,0.0,0.0,0.999,0.8,0.010134220123291016,162.70710158348083,500,0,False,499,900,0.999,1
17100,1.8570289262378067e-08,0.0,0.0,0.0,0.0,0.0,0.999,0.8,0.010129928588867188,163.73132395744324,500,0,False,499,900,0.999,1
17200,1.6802251894229697e-08,0.0,0.0,0.0,0.0,0.0,0.999,0.8,0.010337114334106445,164.74522066116333,500,0,False,499,900,0.999,1
17300,1.5202545567725472e-08,0.0,0.0,0.0,0.0,0.0,0.999,0.8,0.010171890258789062,165.75928688049316,500,0,False,499,900,0.999,1
17400,1.3755143845816326e-08,0.0,0.0,0.0,0.0,0.0,0.999,0.8,0.010093927383422852,166.77783012390137,500,0,False,499,900,0.999,1
17500,1.2445546134114067e-08,0.0,0.0,0.0,0.0,0.0,0.999,0.8,0.010146141052246094,167.8022232055664,500,0,False,499,900,0.999,1
17600,1.1260632408687785e-08,0.0,0.0,0.0,0.0,0.0,0.999,0.8,0.01008296012878418,168.81364178657532,500,0,False,499,900,0.999,1
17700,1.0188531774914827e-08,0.0,0.0,0.0,0.0,0.0,0.999,0.8,0.010058879852294922,169.8265471458435,500,0,False,499,900,0.999,1
17800,9.218503540561435e-09,0.0,0.0,0.0,0.0,0.0,0.999,0.8,0.01014399528503418,170.8461081981659,500,0,False,499,900,0.999,1
17900,8.34082961163991e-09,0.0,0.0,0.0,0.0,0.0,0.999,0.8,0.010293960571289062,171.94893503189087,500,0,False,499,900,0.999,1
18000,7.54671713302527e-09,0.0,0.0,0.0,0.0,0.0,0.999,0.8,0.010061025619506836,173.06625533103943,500,0,False,499,900,0.999,1
18100,6.828210398449752e-09,0.0,0.0,0.0,0.0,0.0,0.999,0.8,0.011662006378173828,174.2600121498108,500,0,False,499,900,0.999,1
18200,6.1781111473575035e-09,0.0,0.0,0.0,0.0,0.0,0.999,0.8,0.009969234466552734,175.41698265075684,500,0,False,499,900,0.999,1
18300,5.5899064501247395e-09,0.0,0.0,0.0,0.0,0.0,0.999,0.8,0.01422882080078125,176.5940215587616,500,0,False,499,900,0.999,1
18400,5.0577034591731355e-09,0.0,0.0,0.0,0.0,0.0,0.999,0.8,0.011044025421142578,177.77401089668274,500,0,False,499,900,0.999,1
18500,4.5761703722896915e-09,0.0,0.0,0.0,0.0,0.0,0.999,0.8,0.01024317741394043,178.93530106544495,500,0,False,499,900,0.999,1
18600,4.140483016702133e-09,0.0,0.0,0.0,0.0,0.0,0.999,0.8,0.011261224746704102,180.10785555839539,500,0,False,499,900,0.999,1
18700,3.7462765187697684e-09,0.0,0.0,0.0,0.0,0.0,0.999,0.8,0.010151863098144531,181.27442479133606,500,0,False,499,900,0.999,1
18800,3.3896015750993693e-09,0.0,0.0,0.0,0.0,0.0,0.999,0.8,0.010210037231445312,182.40527939796448,500,0,False,499,900,0.999,1
18900,3.0668848869941705e-09,0.0,0.0,0.0,0.0,0.0,0.999,0.8,0.011530876159667969,183.5457890033722,500,0,False,499,900,0.999,1
19000,2.77489336185404e-09,0.0,0.0,0.0,0.0,0.0,0.999,0.8,0.011186838150024414,184.67069578170776,500,0,False,499,900,0.999,1
19100,2.5107017228834948e-09,0.0,0.0,0.0,0.0,0.0,0.999,0.8,0.012025117874145508,185.7666084766388,500,0,False,499,900,0.999,1
19200,2.2716632026098448e-09,0.0,0.0,0.0,0.0,0.0,0.999,0.8,0.010654211044311523,186.8683738708496,500,0,False,499,900,0.999,1
19300,2.0553830266085637e-09,0.0,0.0,0.0,0.0,0.0,0.999,0.8,0.010508060455322266,187.98418855667114,500,0,False,499,900,0.999,1
19400,1.8596944217862366e-09,0.0,0.0,0.0,0.0,0.0,0.999,0.8,0.010841131210327148,189.13739919662476,500,0,False,499,900,0.999,1
19500,1.6826369088633566e-09,0.0,0.0,0.0,0.0,0.0,0.999,0.8,0.010081052780151367,190.22251749038696,500,0,False,499,900,0.999,1
19600,1.5224366615832506e-09,0.0,0.0,0.0,0.0,0.0,0.999,0.8,0.010162353515625,191.24378395080566,500,0,False,499,900,0.999,1
19700,1.3774887358785368e-09,0.0,0.0,0.0,0.0,0.0,0.999,0.8,0.010830163955688477,192.3864986896515,500,0,False,499,900,0.999,1
19800,1.2463409909604892e-09,0.0,0.0,0.0,0.0,0.0,0.999,0.8,0.01032710075378418,193.48424911499023,500,0,False,499,900,0.999,1
19900,1.1276795412469694e-09,0.0,0.0,0.0,0.0,0.0,0.999,0.8,0.01200413703918457,194.59887647628784,500,0,False,499,900,0.999,1
