episode,epsilon,terminal_reward,cum_discounted_rewards,episode_tot_rewards,avg_reward,avg_delta_reward,gamma,alpha,episode_time,accumulated_time,num_exploitation,num_exploration,done?,steps_before_done,state_size,decay_rate,decay_type,decay
0,0.5,-1.0,-1.497906483033054,-1.5,-0.11538461538461539,-0.11538461538461539,0.999,0.8,0.00046324729919433594,0.00046324729919433594,6,7,True,12,900,0.999,1,non-linear - epsilon: 0.5
100,0.4523960735568548,-1.0,-1.1994009990005,-1.2,-0.13333333333333333,0.0,0.999,0.8,0.0002281665802001953,0.08934998512268066,5,4,True,8,900,0.999,1,non-linear - epsilon: 0.5
200,0.409324414739318,-1.0,-1.1995005996001,-1.2,-0.19999999999999998,0.0,0.999,0.8,0.00015616416931152344,0.1944742202758789,3,3,True,5,900,0.999,1,non-linear - epsilon: 0.5
300,0.37035351607804984,-1.0,-2.870227666789331,-3.0000000000000004,-0.022727272727272728,0.0,0.999,0.8,0.0031371116638183594,0.35633277893066406,94,38,True,131,900,0.999,1,non-linear - epsilon: 0.5
400,0.33509295300337016,-1.0,-4.522386460662018,-4.900000000000002,-0.021875000000000002,0.0,0.999,0.8,0.006539106369018555,0.5388076305389404,153,71,True,223,900,0.999,1,non-linear - epsilon: 0.5
500,0.3031894724305924,-1.0,-1.3977078820280693,-1.4,-0.04827586206896552,0.0,0.999,0.8,0.0007121562957763672,0.7065308094024658,19,10,True,28,900,0.999,1,non-linear - epsilon: 0.5
600,0.27432345374274825,-1.0,-3.3744174930838455,-3.600000000000001,-0.021176470588235297,0.0,0.999,0.8,0.003938913345336914,1.0003306865692139,119,51,True,169,900,0.999,1,non-linear - epsilon: 0.5
700,0.24820570671554945,-1.0,-1.869043519373021,-1.9,-0.03064516129032258,0.0,0.999,0.8,0.0015039443969726562,1.3283088207244873,45,17,True,61,900,0.999,1,non-linear - epsilon: 0.5
800,0.2245745743050374,-1.0,-2.054991229808497,-2.0999999999999996,-0.02142857142857143,0.0,0.999,0.8,0.002274036407470703,1.7086939811706543,70,28,True,97,900,0.999,1,non-linear - epsilon: 0.5
900,0.20319331127260196,-1.0,-1.8401156944476242,-1.9,-0.014615384615384617,0.0,0.999,0.8,0.00459599494934082,2.1514594554901123,103,27,True,129,900,0.999,1,non-linear - epsilon: 0.5
1000,0.18384771238548175,-1.0,-1.3899804288257158,-1.4,-0.03043478260869565,0.0,0.999,0.8,0.0010538101196289062,2.6557154655456543,38,8,True,45,900,0.999,1,non-linear - epsilon: 0.5
1100,0.16634396643120383,-1.0,-2.5665343092158066,-2.7,-0.018000000000000002,0.0,0.999,0.8,0.0038459300994873047,3.215010404586792,120,30,True,149,900,0.999,1,non-linear - epsilon: 0.5
1200,0.1505067145466996,-1.0,-2.2167369133750077,-2.3,-0.012041884816753926,0.0,0.999,0.8,0.005038022994995117,3.7948570251464844,165,26,True,190,900,0.999,1,non-linear - epsilon: 0.5
1300,0.13617729340973853,0.0,-3.2824426838897263,-4.300000000000001,-0.008600000000000002,0.0,0.999,0.8,0.011148214340209961,4.440987825393677,428,72,False,499,900,0.999,1,non-linear - epsilon: 0.5
1400,0.12321214569233088,-0.1,-2.7056808577573914,-3.4000000000000017,-0.0068000000000000005,0.0,0.999,0.8,0.011193990707397461,5.090665817260742,436,64,False,499,900,0.999,1,non-linear - epsilon: 0.5
1500,0.11148138185145114,0.0,-2.111153232959222,-2.700000000000001,-0.0054,0.0,0.999,0.8,0.010201215744018555,5.87620735168457,449,51,False,499,900,0.999,1,non-linear - epsilon: 0.5
1600,0.10086747884857773,-1.0,-1.5729575542255647,-1.6,-0.018181818181818184,0.0,0.999,0.8,0.002115964889526367,6.724164009094238,81,7,True,87,900,0.999,1,non-linear - epsilon: 0.5
1700,0.09126410276135123,0.0,-2.809271027292412,-3.700000000000002,-0.0074,0.0,0.999,0.8,0.012142181396484375,7.544023275375366,449,51,False,499,900,0.999,1,non-linear - epsilon: 0.5
1800,0.0825750434918492,0.0,-1.4823043672115388,-2.0000000000000004,-0.004,0.0,0.999,0.8,0.009944677352905273,8.436336278915405,459,41,False,499,900,0.999,1,non-linear - epsilon: 0.5
1900,0.07471325089899807,0.0,-1.2852292217986783,-1.7000000000000004,-0.0034000000000000002,0.0,0.999,0.8,0.009862899780273438,9.266707420349121,475,25,False,499,900,0.999,1,non-linear - epsilon: 0.5
2000,0.0675999626987497,0.0,-1.4071728980599076,-1.8000000000000005,-0.0036,0.0,0.999,0.8,0.020928144454956055,10.226202249526978,464,36,False,499,900,0.999,1,non-linear - epsilon: 0.5
2100,0.06116391539500838,-1.0,-1.7052911915241178,-1.7999999999999998,-0.005642633228840126,0.0,0.999,0.8,0.006333827972412109,11.28753399848938,304,15,True,318,900,0.999,1,non-linear - epsilon: 0.5
2200,0.05534063033613089,0.0,-0.9172009614558496,-1.0999999999999999,-0.0022,0.0,0.999,0.8,0.012370824813842773,12.299607753753662,467,33,False,499,900,0.999,1,non-linear - epsilon: 0.5
2300,0.05007176774445391,0.0,-1.2545256852516078,-1.6000000000000003,-0.0032,0.0,0.999,0.8,0.01066899299621582,13.30297565460205,475,25,False,499,900,0.999,1,non-linear - epsilon: 0.5
2400,0.045304542247283426,0.0,-0.8136645668800773,-0.9999999999999999,-0.002,0.0,0.999,0.8,0.009713172912597656,14.36620569229126,475,25,False,499,900,0.999,1,non-linear - epsilon: 0.5
2500,0.040991194053923305,0.0,-0.6318480332283208,-0.7999999999999999,-0.0016,0.0,0.999,0.8,0.01086878776550293,15.43466854095459,476,24,False,499,900,0.999,1,non-linear - epsilon: 0.5
2600,0.03708851048080394,0.0,-0.4951735171394577,-0.6,-0.0012000000000000001,0.0,0.999,0.8,0.010601043701171875,16.49799942970276,484,16,False,499,900,0.999,1,non-linear - epsilon: 0.5
2700,0.03355739303117593,0.0,-0.43221099908751304,-0.6,-0.0012000000000000001,0.0,0.999,0.8,0.010510921478271484,17.525206089019775,487,13,False,499,900,0.999,1,non-linear - epsilon: 0.5
2800,0.030362465692216303,0.0,-0.5744162347931705,-0.7,-0.0014000000000000002,0.0,0.999,0.8,0.01166987419128418,18.51544213294983,484,16,False,499,900,0.999,1,non-linear - epsilon: 0.5
2900,0.027471720525326725,-1.0,-1.0999,-1.1,-0.03928571428571429,0.0,0.999,0.8,0.000614166259765625,19.529512882232666,26,2,True,27,900,0.999,1,non-linear - epsilon: 0.5
3000,0.024856196999018126,0.0,-0.4402159744532188,-0.5,-0.001,0.0,0.999,0.8,0.009655952453613281,20.5668683052063,489,11,False,499,900,0.999,1,non-linear - epsilon: 0.5
3100,0.022489691851822948,0.0,-0.6152267550958918,-0.7999999999999999,-0.0016,0.0,0.999,0.8,0.009763002395629883,21.616469144821167,490,10,False,499,900,0.999,1,non-linear - epsilon: 0.5
3200,0.020348496578536573,0.0,-0.39687406312028095,-0.5,-0.001,0.0,0.999,0.8,0.012887954711914062,22.65118718147278,485,15,False,499,900,0.999,1,non-linear - epsilon: 0.5
3300,0.018411159909830062,0.0,-0.09801888648295347,-0.1,-0.0002,0.0,0.999,0.8,0.010338068008422852,23.712409734725952,495,5,False,499,900,0.999,1,non-linear - epsilon: 0.5
3400,0.016658272905668976,0.0,-0.3153030427689964,-0.4,-0.0008,0.0,0.999,0.8,0.009872198104858398,24.77821707725525,492,8,False,499,900,0.999,1,non-linear - epsilon: 0.5
3500,0.015072274509526362,0.0,-0.07444217038990518,-0.1,-0.0002,0.0,0.999,0.8,0.010340213775634766,25.810653924942017,493,7,False,499,900,0.999,1,non-linear - epsilon: 0.5
3600,0.013637275615361578,-1.0,-1.4943231941086697,-1.6,-0.003587443946188341,0.0,0.999,0.8,0.010530233383178711,26.84518027305603,437,9,True,445,900,0.999,1,non-linear - epsilon: 0.5
3700,0.012338899884804437,0.0,-0.21980793959486442,-0.30000000000000004,-0.0006000000000000001,0.0,0.999,0.8,0.010763883590698242,27.869583129882812,492,8,False,499,900,0.999,1,non-linear - epsilon: 0.5
3800,0.011164139719793303,0.0,-0.09240034012385749,-0.1,-0.0002,0.0,0.999,0.8,0.010887861251831055,28.886120080947876,495,5,False,499,900,0.999,1,non-linear - epsilon: 0.5
3900,0.010101225947749214,0.0,-0.5833292416063364,-0.7,-0.0014,0.0,0.999,0.8,0.009557962417602539,29.877432107925415,492,8,False,499,900,0.999,1,non-linear - epsilon: 0.5
4000,0.009139509913744723,0.0,-0.5027322633175045,-0.6,-0.0012000000000000001,0.0,0.999,0.8,0.010970115661621094,30.8497531414032,490,10,False,499,900,0.999,1,non-linear - epsilon: 0.5
4100,0.008269356798424112,0.0,-0.4545166908787656,-0.6,-0.0012000000000000001,0.0,0.999,0.8,0.01028299331665039,31.971696615219116,490,10,False,499,900,0.999,1,non-linear - epsilon: 0.5
4200,0.007482049092895501,0.0,0.0,0.0,0.0,0.0,0.999,0.8,0.010438203811645508,33.053879737854004,500,0,False,499,900,0.999,1,non-linear - epsilon: 0.5
4300,0.006769699263571101,0.0,-0.06919897588949446,-0.1,-0.0002,0.0,0.999,0.8,0.009716987609863281,34.101627588272095,497,3,False,499,900,0.999,1,non-linear - epsilon: 0.5
4400,0.006125170732000594,0.0,-0.25419499762593856,-0.30000000000000004,-0.0006000000000000001,0.0,0.999,0.8,0.009732246398925781,35.1295485496521,495,5,False,499,900,0.999,1,non-linear - epsilon: 0.5
4500,0.005542006378044867,0.0,-0.2481490536430009,-0.30000000000000004,-0.0006000000000000001,0.0,0.999,0.8,0.00977015495300293,36.09932899475098,496,4,False,499,900,0.999,1,non-linear - epsilon: 0.5
4600,0.005014363850109088,0.0,0.0,0.0,0.0,0.0,0.999,0.8,0.009654045104980469,37.07511305809021,499,1,False,499,900,0.999,1,non-linear - epsilon: 0.5
4700,0.004536957034349567,0.0,0.0,0.0,0.0,0.0,0.999,0.8,0.009560108184814453,38.05079531669617,499,1,False,499,900,0.999,1,non-linear - epsilon: 0.5
4800,0.004105003096471789,0.0,-0.06782806562448992,-0.1,-0.0002,0.0,0.999,0.8,0.009581804275512695,39.01574206352234,498,2,False,499,900,0.999,1,non-linear - epsilon: 0.5
4900,0.003714174565565133,0.0,-0.08435930602951362,-0.1,-0.0002,0.0,0.999,0.8,0.009834051132202148,39.984450817108154,499,1,False,499,900,0.999,1,non-linear - epsilon: 0.5
5000,0.0033605559799328036,0.0,-0.06628506109056746,-0.1,-0.0002,0.0,0.999,0.8,0.009521961212158203,40.942543029785156,499,1,False,499,900,0.999,1,non-linear - epsilon: 0.5
5100,0.003040604660579215,0.0,0.0,0.0,0.0,0.0,0.999,0.8,0.009227991104125977,41.903178691864014,500,0,False,499,900,0.999,1,non-linear - epsilon: 0.5
5200,0.00275111521936942,0.0,-0.07579494437963867,-0.1,-0.0002,0.0,0.999,0.8,0.009723186492919922,42.865724325180054,498,2,False,499,900,0.999,1,non-linear - epsilon: 0.5
5300,0.002489187446290459,0.0,-0.13907051849112323,-0.2,-0.0004,0.0,0.999,0.8,0.009489059448242188,43.8264217376709,497,3,False,499,900,0.999,1,non-linear - epsilon: 0.5
5400,0.002252197254097634,0.0,-0.06582245533155782,-0.1,-0.0002,0.0,0.999,0.8,0.009712934494018555,44.783610820770264,499,1,False,499,900,0.999,1,non-linear - epsilon: 0.5
5500,0.0020377703892585967,0.0,-0.08486723814588905,-0.1,-0.0002,0.0,0.999,0.8,0.009392976760864258,45.74446773529053,498,2,False,499,900,0.999,1,non-linear - epsilon: 0.5
5600,0.0018437586458220246,0.0,-0.07045646978320014,-0.1,-0.0002,0.0,0.999,0.8,0.009505748748779297,46.708157777786255,499,1,False,499,900,0.999,1,non-linear - epsilon: 0.5
5700,0.0016682183439127737,0.0,-0.1423563909940092,-0.2,-0.0004,0.0,0.999,0.8,0.01067805290222168,47.72928595542908,497,3,False,499,900,0.999,1,non-linear - epsilon: 0.5
5800,0.0015093908572433154,0.0,0.0,0.0,0.0,0.0,0.999,0.8,0.009906291961669922,48.88847327232361,499,1,False,499,900,0.999,1,non-linear - epsilon: 0.5
5900,0.0013656849945589814,0.0,0.0,0.0,0.0,0.0,0.999,0.8,0.009364843368530273,49.87387490272522,500,0,False,499,900,0.999,1,non-linear - epsilon: 0.5
6000,0.001235661058507995,0.0,0.0,0.0,0.0,0.0,0.999,0.8,0.009421110153198242,50.83595085144043,500,0,False,499,900,0.999,1,non-linear - epsilon: 0.5
6100,0.001118016422232247,0.0,-0.06655086551356554,-0.1,-0.0002,0.0,0.999,0.8,0.009392976760864258,51.7909882068634,498,2,False,499,900,0.999,1,non-linear - epsilon: 0.5
6200,0.0010115724791799016,0.0,-0.09870777147137148,-0.1,-0.0002,0.0,0.999,0.8,0.00948023796081543,52.75000357627869,499,1,False,499,900,0.999,1,non-linear - epsilon: 0.5
6300,0.0009152628353983202,0.0,0.0,0.0,0.0,0.0,0.999,0.8,0.00939178466796875,53.70165491104126,500,0,False,499,900,0.999,1,non-linear - epsilon: 0.5
6400,0.0008281226260134272,0.0,0.0,0.0,0.0,0.0,0.999,0.8,0.009421825408935547,54.65934109687805,500,0,False,499,900,0.999,1,non-linear - epsilon: 0.5
6500,0.0007492788488641317,0.0,0.0,0.0,0.0,0.0,0.999,0.8,0.009467840194702148,55.61373519897461,500,0,False,499,900,0.999,1,non-linear - epsilon: 0.5
6600,0.0006779416184506652,0.0,0.0,0.0,0.0,0.0,0.999,0.8,0.009518861770629883,56.56710863113403,500,0,False,499,900,0.999,1,non-linear - epsilon: 0.5
6700,0.0006133962525757197,0.0,-0.07849611281333894,-0.1,-0.0002,0.0,0.999,0.8,0.009948015213012695,57.51943516731262,499,1,False,499,900,0.999,1,non-linear - epsilon: 0.5
6800,0.0005549961123994881,0.0,0.0,0.0,0.0,0.0,0.999,0.8,0.009348154067993164,58.47576355934143,500,0,False,499,900,0.999,1,non-linear - epsilon: 0.5
6900,0.0005021561241776941,0.0,-0.0656251853671067,-0.1,-0.0002,0.0,0.999,0.8,0.009652853012084961,59.431334257125854,499,1,False,499,900,0.999,1,non-linear - epsilon: 0.5
7000,0.0004543469177810337,0.0,0.0,0.0,0.0,0.0,0.999,0.8,0.009420156478881836,60.38469099998474,500,0,False,499,900,0.999,1,non-linear - epsilon: 0.5
7100,0.0004110895232735972,0.0,0.0,0.0,0.0,0.0,0.999,0.8,0.009540796279907227,61.34465670585632,499,1,False,499,900,0.999,1,non-linear - epsilon: 0.5
7200,0.00037195057241866934,0.0,0.0,0.0,0.0,0.0,0.999,0.8,0.009550094604492188,62.295281171798706,500,0,False,499,900,0.999,1,non-linear - epsilon: 0.5
7300,0.0003365379570388609,0.0,0.0,0.0,0.0,0.0,0.999,0.8,0.009470939636230469,63.249919176101685,500,0,False,499,900,0.999,1,non-linear - epsilon: 0.5
7400,0.0003044969007344524,0.0,0.0,0.0,0.0,0.0,0.999,0.8,0.009605884552001953,64.20793056488037,500,0,False,499,900,0.999,1,non-linear - epsilon: 0.5
7500,0.0002755064046049951,0.0,0.0,0.0,0.0,0.0,0.999,0.8,0.00952911376953125,65.1645917892456,500,0,False,499,900,0.999,1,non-linear - epsilon: 0.5
7600,0.00024927603136613174,0.0,0.0,0.0,0.0,0.0,0.999,0.8,0.009558677673339844,66.11880850791931,500,0,False,499,900,0.999,1,non-linear - epsilon: 0.5
7700,0.00022554299564374647,0.0,0.0,0.0,0.0,0.0,0.999,0.8,0.009572982788085938,67.07655882835388,500,0,False,499,900,0.999,1,non-linear - epsilon: 0.5
7800,0.0002040695312949633,0.0,0.0,0.0,0.0,0.0,0.999,0.8,0.009284019470214844,68.02216291427612,499,1,False,499,900,0.999,1,non-linear - epsilon: 0.5
7900,0.00018464050938085807,0.0,0.0,0.0,0.0,0.0,0.999,0.8,0.009489059448242188,68.96916103363037,500,0,False,499,900,0.999,1,non-linear - epsilon: 0.5
8000,0.00016706128292687556,0.0,0.0,0.0,0.0,0.0,0.999,0.8,0.009428262710571289,69.91439414024353,500,0,False,499,900,0.999,1,non-linear - epsilon: 0.5
8100,0.0001511557368789785,0.0,0.0,0.0,0.0,0.0,0.999,0.8,0.009576797485351562,70.87169790267944,500,0,False,499,900,0.999,1,non-linear - epsilon: 0.5
8200,0.00013676452371928598,0.0,0.0,0.0,0.0,0.0,0.999,0.8,0.009465694427490234,71.82887530326843,500,0,False,499,900,0.999,1,non-linear - epsilon: 0.5
8300,0.00012374346706495653,0.0,0.0,0.0,0.0,0.0,0.999,0.8,0.00958108901977539,72.78275537490845,500,0,False,499,900,0.999,1,non-linear - epsilon: 0.5
8400,0.0001119621172569965,0.0,0.0,0.0,0.0,0.0,0.999,0.8,0.009459257125854492,73.7379310131073,500,0,False,499,900,0.999,1,non-linear - epsilon: 0.5
8500,0.00010130244446835463,0.0,0.0,0.0,0.0,0.0,0.999,0.8,0.009482860565185547,74.70007395744324,500,0,False,499,900,0.999,1,non-linear - epsilon: 0.5
8600,9.165765623838988e-05,0.0,0.0,0.0,0.0,0.0,0.999,0.8,0.009407997131347656,75.64903426170349,500,0,False,499,900,0.999,1,non-linear - epsilon: 0.5
8700,8.293112758734299e-05,0.0,0.0,0.0,0.0,0.0,0.999,0.8,0.009647846221923828,76.60110855102539,500,0,False,499,900,0.999,1,non-linear - epsilon: 0.5
8800,7.503543299231305e-05,0.0,0.0,0.0,0.0,0.0,0.999,0.8,0.009442806243896484,77.55556416511536,500,0,False,499,900,0.999,1,non-linear - epsilon: 0.5
8900,6.789147052672177e-05,0.0,0.0,0.0,0.0,0.0,0.999,0.8,0.009246826171875,78.50592851638794,500,0,False,499,900,0.999,1,non-linear - epsilon: 0.5
9000,6.142766938857965e-05,0.0,0.0,0.0,0.0,0.0,0.999,0.8,0.009515047073364258,79.44919443130493,500,0,False,499,900,0.999,1,non-linear - epsilon: 0.5
9100,5.557927287828407e-05,0.0,0.0,0.0,0.0,0.0,0.999,0.8,0.009488821029663086,80.40582704544067,500,0,False,499,900,0.999,1,non-linear - epsilon: 0.5
9200,5.028768964256137e-05,0.0,0.0,0.0,0.0,0.0,0.999,0.8,0.00944375991821289,81.36089944839478,500,0,False,499,900,0.999,1,non-linear - epsilon: 0.5
9300,4.5499906685080896e-05,0.0,0.0,0.0,0.0,0.0,0.999,0.8,0.009428977966308594,82.31483459472656,500,0,False,499,900,0.999,1,non-linear - epsilon: 0.5
9400,4.116795826306769e-05,0.0,0.0,0.0,0.0,0.0,0.999,0.8,0.009399890899658203,83.26976823806763,500,0,False,499,900,0.999,1,non-linear - epsilon: 0.5
9500,3.7248445349128574e-05,0.0,0.0,0.0,0.0,0.0,0.999,0.8,0.009562015533447266,84.22505378723145,500,0,False,499,900,0.999,1,non-linear - epsilon: 0.5
9600,3.370210084408567e-05,0.0,0.0,0.0,0.0,0.0,0.999,0.8,0.009507179260253906,85.18122553825378,500,0,False,499,900,0.999,1,non-linear - epsilon: 0.5
9700,3.0493396184963014e-05,0.0,0.0,0.0,0.0,0.0,0.999,0.8,0.009283781051635742,86.13993406295776,500,0,False,499,900,0.999,1,non-linear - epsilon: 0.5
9800,2.7590185406981663e-05,0.0,0.0,0.0,0.0,0.0,0.999,0.8,0.009465932846069336,87.09524607658386,500,0,False,499,900,0.999,1,non-linear - epsilon: 0.5
9900,2.4963383093648256e-05,0.0,0.0,0.0,0.0,0.0,0.999,0.8,0.00946497917175293,88.05646634101868,500,0,False,499,900,0.999,1,non-linear - epsilon: 0.5
10000,2.2586672988524057e-05,0.0,0.0,0.0,0.0,0.0,0.999,0.8,0.00943613052368164,89.00685524940491,500,0,False,499,900,0.999,1,non-linear - epsilon: 0.5
10100,2.0436244349441897e-05,0.0,0.0,0.0,0.0,0.0,0.999,0.8,0.00958704948425293,89.9631199836731,500,0,False,499,900,0.999,1,non-linear - epsilon: 0.5
10200,1.8490553403871923e-05,0.0,0.0,0.0,0.0,0.0,0.999,0.8,0.009356021881103516,90.91717910766602,500,0,False,499,900,0.999,1,non-linear - epsilon: 0.5
10300,1.673010751560998e-05,0.0,0.0,0.0,0.0,0.0,0.999,0.8,0.01107025146484375,91.86254858970642,500,0,False,499,900,0.999,1,non-linear - epsilon: 0.5
10400,1.5137269900491963e-05,0.0,0.0,0.0,0.0,0.0,0.999,0.8,0.01012110710144043,92.81637001037598,500,0,False,499,900,0.999,1,non-linear - epsilon: 0.5
10500,1.3696082934705848e-05,0.0,0.0,0.0,0.0,0.0,0.999,0.8,0.009489774703979492,93.76813077926636,500,0,False,499,900,0.999,1,non-linear - epsilon: 0.5
10600,1.2392108285539938e-05,0.0,0.0,0.0,0.0,0.0,0.999,0.8,0.009475946426391602,94.73148441314697,500,0,False,499,900,0.999,1,non-linear - epsilon: 0.5
10700,1.1212282262939266e-05,0.0,0.0,0.0,0.0,0.0,0.999,0.8,0.009896039962768555,95.83223700523376,500,0,False,499,900,0.999,1,non-linear - epsilon: 0.5
10800,1.0144784942729777e-05,0.0,0.0,0.0,0.0,0.0,0.999,0.8,0.009572982788085938,96.7901656627655,500,0,False,499,900,0.999,1,non-linear - epsilon: 0.5
10900,9.178921750339298e-06,0.0,0.0,0.0,0.0,0.0,0.999,0.8,0.010635137557983398,97.81810903549194,500,0,False,499,900,0.999,1,non-linear - epsilon: 0.5
11000,8.305016318678218e-06,0.0,0.0,0.0,0.0,0.0,0.999,0.8,0.011000871658325195,98.8362078666687,500,0,False,499,900,0.999,1,non-linear - epsilon: 0.5
11100,7.514313546791256e-06,0.0,0.0,0.0,0.0,0.0,0.999,0.8,0.010639190673828125,99.92610740661621,500,0,False,499,900,0.999,1,non-linear - epsilon: 0.5
11200,6.7988918880868925e-06,0.0,0.0,0.0,0.0,0.0,0.999,0.8,0.009324073791503906,100.90391516685486,500,0,False,499,900,0.999,1,non-linear - epsilon: 0.5
11300,6.1515839894161184e-06,0.0,0.0,0.0,0.0,0.0,0.999,0.8,0.011035919189453125,101.98399615287781,500,0,False,499,900,0.999,1,non-linear - epsilon: 0.5
11400,5.5659048859341285e-06,0.0,0.0,0.0,0.0,0.0,0.999,0.8,0.01105499267578125,103.06190752983093,500,0,False,499,900,0.999,1,non-linear - epsilon: 0.5
11500,5.03598703237502e-06,0.0,0.0,0.0,0.0,0.0,0.999,0.8,0.009379863739013672,104.07212734222412,500,0,False,499,900,0.999,1,non-linear - epsilon: 0.5
11600,4.556521519859394e-06,0.0,0.0,0.0,0.0,0.0,0.999,0.8,0.009758949279785156,105.04883003234863,500,0,False,499,900,0.999,1,non-linear - epsilon: 0.5
11700,4.122704889323404e-06,0.0,0.0,0.0,0.0,0.0,0.999,0.8,0.009586334228515625,106.00068974494934,500,0,False,499,900,0.999,1,non-linear - epsilon: 0.5
11800,3.73019100872711e-06,0.0,0.0,0.0,0.0,0.0,0.999,0.8,0.009423971176147461,106.97301173210144,500,0,False,499,900,0.999,1,non-linear - epsilon: 0.5
11900,3.375047531930453e-06,0.0,0.0,0.0,0.0,0.0,0.999,0.8,0.009955883026123047,107.92625284194946,500,0,False,499,900,0.999,1,non-linear - epsilon: 0.5
12000,3.053716503026179e-06,0.0,0.0,0.0,0.0,0.0,0.999,0.8,0.009301900863647461,108.87222099304199,500,0,False,499,900,0.999,1,non-linear - epsilon: 0.5
12100,2.762978711449623e-06,0.0,0.0,0.0,0.0,0.0,0.999,0.8,0.009438276290893555,109.827077627182,500,0,False,499,900,0.999,1,non-linear - epsilon: 0.5
12200,2.4999214407619725e-06,0.0,0.0,0.0,0.0,0.0,0.999,0.8,0.009474992752075195,110.77956986427307,500,0,False,499,900,0.999,1,non-linear - epsilon: 0.5
12300,2.2619092880026234e-06,0.0,0.0,0.0,0.0,0.0,0.999,0.8,0.009545087814331055,111.7373218536377,500,0,False,499,900,0.999,1,non-linear - epsilon: 0.5
12400,2.046557761268333e-06,0.0,0.0,0.0,0.0,0.0,0.999,0.8,0.009470224380493164,112.69357466697693,500,0,False,499,900,0.999,1,non-linear - epsilon: 0.5
12500,1.8517093910102007e-06,0.0,0.0,0.0,0.0,0.0,0.999,0.8,0.009587764739990234,113.65735292434692,500,0,False,499,900,0.999,1,non-linear - epsilon: 0.5
12600,1.6754121157227375e-06,0.0,0.0,0.0,0.0,0.0,0.999,0.8,0.009656906127929688,114.61832690238953,500,0,False,499,900,0.999,1,non-linear - epsilon: 0.5
12700,1.5158997254850982e-06,0.0,0.0,0.0,0.0,0.0,0.999,0.8,0.010045051574707031,115.58313846588135,500,0,False,499,900,0.999,1,non-linear - epsilon: 0.5
12800,1.371574167430745e-06,0.0,0.0,0.0,0.0,0.0,0.999,0.8,0.009346961975097656,116.53158330917358,500,0,False,499,900,0.999,1,non-linear - epsilon: 0.5
12900,1.2409895358753627e-06,0.0,0.0,0.0,0.0,0.0,0.999,0.8,0.011069059371948242,117.48787426948547,500,0,False,499,900,0.999,1,non-linear - epsilon: 0.5
13000,1.1228375867103143e-06,0.0,0.0,0.0,0.0,0.0,0.999,0.8,0.009296894073486328,118.44535040855408,500,0,False,499,900,0.999,1,non-linear - epsilon: 0.5
13100,1.0159346309396004e-06,0.0,0.0,0.0,0.0,0.0,0.999,0.8,0.009505033493041992,119.40011262893677,500,0,False,499,900,0.999,1,non-linear - epsilon: 0.5
13200,9.19209676055015e-07,0.0,0.0,0.0,0.0,0.0,0.999,0.8,0.010577201843261719,120.49214744567871,500,0,False,499,900,0.999,1,non-linear - epsilon: 0.5
13300,8.316936964455134e-07,0.0,0.0,0.0,0.0,0.0,0.999,0.8,0.010821342468261719,121.5794837474823,500,0,False,499,900,0.999,1,non-linear - epsilon: 0.5
13400,7.525099253478731e-07,0.0,0.0,0.0,0.0,0.0,0.999,0.8,0.011672019958496094,122.65404176712036,500,0,False,499,900,0.999,1,non-linear - epsilon: 0.5
13500,6.808650710798791e-07,0.0,0.0,0.0,0.0,0.0,0.999,0.8,0.010328054428100586,123.72919845581055,500,0,False,499,900,0.999,1,non-linear - epsilon: 0.5
13600,6.160413695570914e-07,0.0,0.0,0.0,0.0,0.0,0.999,0.8,0.009966850280761719,124.71583557128906,500,0,False,499,900,0.999,1,non-linear - epsilon: 0.5
13700,5.573893934724303e-07,0.0,0.0,0.0,0.0,0.0,0.999,0.8,0.009428262710571289,125.68247699737549,500,0,False,499,900,0.999,1,non-linear - epsilon: 0.5
13800,5.043215460983276e-07,0.0,0.0,0.0,0.0,0.0,0.999,0.8,0.009585142135620117,126.63777542114258,500,0,False,499,900,0.999,1,non-linear - epsilon: 0.5
13900,4.563061745300112e-07,0.0,0.0,0.0,0.0,0.0,0.999,0.8,0.009296894073486328,127.59198451042175,500,0,False,499,900,0.999,1,non-linear - epsilon: 0.5
14000,4.128622433942517e-07,0.0,0.0,0.0,0.0,0.0,0.999,0.8,0.009479045867919922,128.5543179512024,500,0,False,499,900,0.999,1,non-linear - epsilon: 0.5
14100,3.7355451566286747e-07,0.0,0.0,0.0,0.0,0.0,0.999,0.8,0.009721040725708008,129.50332045555115,500,0,False,499,900,0.999,1,non-linear - epsilon: 0.5
14200,3.3798919229062744e-07,0.0,0.0,0.0,0.0,0.0,0.999,0.8,0.009483098983764648,130.45542812347412,500,0,False,499,900,0.999,1,non-linear - epsilon: 0.5
14300,3.0580996699386494e-07,0.0,0.0,0.0,0.0,0.0,0.999,0.8,0.009432077407836914,131.41139888763428,500,0,False,499,900,0.999,1,non-linear - epsilon: 0.5
14400,2.766944566451514e-07,0.0,0.0,0.0,0.0,0.0,0.999,0.8,0.009566068649291992,132.3688383102417,500,0,False,499,900,0.999,1,non-linear - epsilon: 0.5
14500,2.5035097152242747e-07,0.0,0.0,0.0,0.0,0.0,0.999,0.8,0.009327888488769531,133.31925630569458,500,0,False,499,900,0.999,1,non-linear - epsilon: 0.5
14600,2.2651559305578032e-07,0.0,0.0,0.0,0.0,0.0,0.999,0.8,0.009462118148803711,134.27800941467285,500,0,False,499,900,0.999,1,non-linear - epsilon: 0.5
14700,2.0494952979567449e-07,0.0,0.0,0.0,0.0,0.0,0.999,0.8,0.009313106536865234,135.22267723083496,500,0,False,499,900,0.999,1,non-linear - epsilon: 0.5
14800,1.854367251137734e-07,0.0,0.0,0.0,0.0,0.0,0.999,0.8,0.009486913681030273,136.18217253684998,500,0,False,499,900,0.999,1,non-linear - epsilon: 0.5
14900,1.6778169266942576e-07,0.0,0.0,0.0,0.0,0.0,0.999,0.8,0.009554147720336914,137.139004945755,500,0,False,499,900,0.999,1,non-linear - epsilon: 0.5
15000,1.518075579567422e-07,0.0,0.0,0.0,0.0,0.0,0.999,0.8,0.009374856948852539,138.09271097183228,500,0,False,499,900,0.999,1,non-linear - epsilon: 0.5
15100,1.373542863117696e-07,0.0,0.0,0.0,0.0,0.0,0.999,0.8,0.009485960006713867,139.05668449401855,500,0,False,499,900,0.999,1,non-linear - epsilon: 0.5
15200,1.2427707962729708e-07,0.0,0.0,0.0,0.0,0.0,0.999,0.8,0.009369850158691406,140.0069398880005,500,0,False,499,900,0.999,1,non-linear - epsilon: 0.5
15300,1.1244492571300355e-07,0.0,0.0,0.0,0.0,0.0,0.999,0.8,0.00947713851928711,140.96071887016296,500,0,False,499,900,0.999,1,non-linear - epsilon: 0.5
15400,1.0173928576791002e-07,0.0,0.0,0.0,0.0,0.0,0.999,0.8,0.009540081024169922,141.90599393844604,500,0,False,499,900,0.999,1,non-linear - epsilon: 0.5
15500,9.20529068157625e-08,0.0,0.0,0.0,0.0,0.0,0.999,0.8,0.009428977966308594,142.84931588172913,500,0,False,499,900,0.999,1,non-linear - epsilon: 0.5
15600,8.328874720589192e-08,0.0,0.0,0.0,0.0,0.0,0.999,0.8,0.009395122528076172,143.80729866027832,500,0,False,499,900,0.999,1,non-linear - epsilon: 0.5
15700,7.53590044148299e-08,0.0,0.0,0.0,0.0,0.0,0.999,0.8,0.010471820831298828,144.7566728591919,500,0,False,499,900,0.999,1,non-linear - epsilon: 0.5
15800,6.818423540884547e-08,0.0,0.0,0.0,0.0,0.0,0.999,0.8,0.009512901306152344,145.74711179733276,500,0,False,499,900,0.999,1,non-linear - epsilon: 0.5
15900,6.169256075487587e-08,0.0,0.0,0.0,0.0,0.0,0.999,0.8,0.010668039321899414,146.71433758735657,500,0,False,499,900,0.999,1,non-linear - epsilon: 0.5
16000,5.5818944506347105e-08,0.0,0.0,0.0,0.0,0.0,0.999,0.8,0.009690999984741211,147.66936469078064,500,0,False,499,900,0.999,1,non-linear - epsilon: 0.5
16100,5.050454264951875e-08,0.0,0.0,0.0,0.0,0.0,0.999,0.8,0.009378910064697266,148.63275027275085,500,0,False,499,900,0.999,1,non-linear - epsilon: 0.5
16200,4.5696113582853986e-08,0.0,0.0,0.0,0.0,0.0,0.999,0.8,0.009816884994506836,149.60029792785645,500,0,False,499,900,0.999,1,non-linear - epsilon: 0.5
16300,4.134548472338234e-08,0.0,0.0,0.0,0.0,0.0,0.999,0.8,0.01049184799194336,150.59273052215576,500,0,False,499,900,0.999,1,non-linear - epsilon: 0.5
16400,3.7409069896326175e-08,0.0,0.0,0.0,0.0,0.0,0.999,0.8,0.009574174880981445,151.54816722869873,500,0,False,499,900,0.999,1,non-linear - epsilon: 0.5
16500,3.384743267302376e-08,0.0,0.0,0.0,0.0,0.0,0.999,0.8,0.009330987930297852,152.49659824371338,500,0,False,499,900,0.999,1,non-linear - epsilon: 0.5
16600,3.062489128251186e-08,0.0,0.0,0.0,0.0,0.0,0.999,0.8,0.009352922439575195,153.45269322395325,500,0,False,499,900,0.999,1,non-linear - epsilon: 0.5
16700,2.770916113862782e-08,0.0,0.0,0.0,0.0,0.0,0.999,0.8,0.009791135787963867,154.40860390663147,500,0,False,499,900,0.999,1,non-linear - epsilon: 0.5
16800,2.5071031401338818e-08,0.0,0.0,0.0,0.0,0.0,0.999,0.8,0.009428977966308594,155.35164141654968,500,0,False,499,900,0.999,1,non-linear - epsilon: 0.5
16900,2.2684072331972564e-08,0.0,0.0,0.0,0.0,0.0,0.999,0.8,0.00952005386352539,156.30454802513123,500,0,False,499,900,0.999,1,non-linear - epsilon: 0.5
17000,2.0524370510528156e-08,0.0,0.0,0.0,0.0,0.0,0.999,0.8,0.009370088577270508,157.26569890975952,500,0,False,499,900,0.999,1,non-linear - epsilon: 0.5
17100,1.8570289262378067e-08,0.0,0.0,0.0,0.0,0.0,0.999,0.8,0.011205196380615234,158.21505784988403,500,0,False,499,900,0.999,1,non-linear - epsilon: 0.5
17200,1.6802251894229697e-08,0.0,0.0,0.0,0.0,0.0,0.999,0.8,0.009453058242797852,159.16204643249512,500,0,False,499,900,0.999,1,non-linear - epsilon: 0.5
17300,1.5202545567725472e-08,0.0,0.0,0.0,0.0,0.0,0.999,0.8,0.009531259536743164,160.1123776435852,500,0,False,499,900,0.999,1,non-linear - epsilon: 0.5
17400,1.3755143845816326e-08,0.0,0.0,0.0,0.0,0.0,0.999,0.8,0.00938105583190918,161.0662398338318,500,0,False,499,900,0.999,1,non-linear - epsilon: 0.5
17500,1.2445546134114067e-08,0.0,0.0,0.0,0.0,0.0,0.999,0.8,0.009437799453735352,162.0267472267151,500,0,False,499,900,0.999,1,non-linear - epsilon: 0.5
17600,1.1260632408687785e-08,0.0,0.0,0.0,0.0,0.0,0.999,0.8,0.009516000747680664,162.97884678840637,500,0,False,499,900,0.999,1,non-linear - epsilon: 0.5
17700,1.0188531774914827e-08,0.0,0.0,0.0,0.0,0.0,0.999,0.8,0.00912618637084961,163.92986392974854,500,0,False,499,900,0.999,1,non-linear - epsilon: 0.5
17800,9.218503540561435e-09,0.0,0.0,0.0,0.0,0.0,0.999,0.8,0.009510993957519531,164.87468242645264,500,0,False,499,900,0.999,1,non-linear - epsilon: 0.5
17900,8.34082961163991e-09,0.0,0.0,0.0,0.0,0.0,0.999,0.8,0.009472131729125977,165.8445315361023,500,0,False,499,900,0.999,1,non-linear - epsilon: 0.5
18000,7.54671713302527e-09,0.0,0.0,0.0,0.0,0.0,0.999,0.8,0.00935816764831543,166.79439234733582,500,0,False,499,900,0.999,1,non-linear - epsilon: 0.5
18100,6.828210398449752e-09,0.0,0.0,0.0,0.0,0.0,0.999,0.8,0.009350061416625977,167.7546579837799,500,0,False,499,900,0.999,1,non-linear - epsilon: 0.5
18200,6.1781111473575035e-09,0.0,0.0,0.0,0.0,0.0,0.999,0.8,0.009469032287597656,168.70976328849792,500,0,False,499,900,0.999,1,non-linear - epsilon: 0.5
18300,5.5899064501247395e-09,0.0,0.0,0.0,0.0,0.0,0.999,0.8,0.009444952011108398,169.66381692886353,500,0,False,499,900,0.999,1,non-linear - epsilon: 0.5
18400,5.0577034591731355e-09,0.0,0.0,0.0,0.0,0.0,0.999,0.8,0.009551286697387695,170.62132000923157,500,0,False,499,900,0.999,1,non-linear - epsilon: 0.5
18500,4.5761703722896915e-09,0.0,0.0,0.0,0.0,0.0,0.999,0.8,0.00968790054321289,171.64603328704834,500,0,False,499,900,0.999,1,non-linear - epsilon: 0.5
18600,4.140483016702133e-09,0.0,0.0,0.0,0.0,0.0,0.999,0.8,0.010458230972290039,172.71058082580566,500,0,False,499,900,0.999,1,non-linear - epsilon: 0.5
18700,3.7462765187697684e-09,0.0,0.0,0.0,0.0,0.0,0.999,0.8,0.009376049041748047,173.70874452590942,500,0,False,499,900,0.999,1,non-linear - epsilon: 0.5
18800,3.3896015750993693e-09,0.0,0.0,0.0,0.0,0.0,0.999,0.8,0.010355949401855469,174.81228876113892,500,0,False,499,900,0.999,1,non-linear - epsilon: 0.5
18900,3.0668848869941705e-09,0.0,0.0,0.0,0.0,0.0,0.999,0.8,0.01061105728149414,175.90539932250977,500,0,False,499,900,0.999,1,non-linear - epsilon: 0.5
19000,2.77489336185404e-09,0.0,0.0,0.0,0.0,0.0,0.999,0.8,0.010557174682617188,177.01600003242493,500,0,False,499,900,0.999,1,non-linear - epsilon: 0.5
19100,2.5107017228834948e-09,0.0,0.0,0.0,0.0,0.0,0.999,0.8,0.009680986404418945,178.0757610797882,500,0,False,499,900,0.999,1,non-linear - epsilon: 0.5
19200,2.2716632026098448e-09,0.0,0.0,0.0,0.0,0.0,0.999,0.8,0.00965571403503418,179.1042025089264,500,0,False,499,900,0.999,1,non-linear - epsilon: 0.5
19300,2.0553830266085637e-09,0.0,0.0,0.0,0.0,0.0,0.999,0.8,0.009773015975952148,180.09241700172424,500,0,False,499,900,0.999,1,non-linear - epsilon: 0.5
19400,1.8596944217862366e-09,0.0,0.0,0.0,0.0,0.0,0.999,0.8,0.00948190689086914,181.1426351070404,500,0,False,499,900,0.999,1,non-linear - epsilon: 0.5
19500,1.6826369088633566e-09,0.0,0.0,0.0,0.0,0.0,0.999,0.8,0.00991201400756836,182.20586276054382,500,0,False,499,900,0.999,1,non-linear - epsilon: 0.5
19600,1.5224366615832506e-09,0.0,0.0,0.0,0.0,0.0,0.999,0.8,0.010149002075195312,183.27019023895264,500,0,False,499,900,0.999,1,non-linear - epsilon: 0.5
19700,1.3774887358785368e-09,0.0,0.0,0.0,0.0,0.0,0.999,0.8,0.012392997741699219,184.2849419116974,500,0,False,499,900,0.999,1,non-linear - epsilon: 0.5
19800,1.2463409909604892e-09,0.0,0.0,0.0,0.0,0.0,0.999,0.8,0.009623050689697266,185.38789319992065,500,0,False,499,900,0.999,1,non-linear - epsilon: 0.5
19900,1.1276795412469694e-09,0.0,0.0,0.0,0.0,0.0,0.999,0.8,0.00964498519897461,186.48993134498596,500,0,False,499,900,0.999,1,non-linear - epsilon: 0.5
